case_id,customer_id,customer_name,amount,payment_status,failure_reason,retry_count,previous_success_rate,days_overdue,checkout_abandoned,expected_action
CASE_00001,CUST_00001,Sherry Lowery,75000,FAILED,TIMEOUT,2,0.4,0,False,ESCALATE_HUMAN
CASE_00002,CUST_00002,Melissa Lewis,100000,FAILED,CARD_DECLINED,0,0.67,0,False,ESCALATE_HUMAN
CASE_00003,CUST_00003,Dale Williams,499,FAILED,BANK_ERROR,1,0.6,0,False,RETRY_PAYMENT
CASE_00004,CUST_00004,Jessica Shaffer,100000,ABANDONED,NONE,1,0.56,10,True,ESCALATE_HUMAN
CASE_00005,CUST_00005,Michelle Hunt,499,FAILED,NETWORK_ERROR,2,0.42,5,False,SEND_PAYMENT_LINK
CASE_00006,CUST_00006,Tracy Hill,7999,FAILED,TIMEOUT,3,0.28,15,False,STOP
CASE_00007,CUST_00007,Matthew Kline,50000,FAILED,TIMEOUT,3,0.63,20,False,STOP
CASE_00008,CUST_00008,Sarah Ward,999,FAILED,CARD_DECLINED,2,0.66,0,False,SEND_PAYMENT_LINK
CASE_00009,CUST_00009,Adrian Lee,499,FAILED,INSUFFICIENT_FUNDS,0,0.88,0,False,SEND_PAYMENT_LINK
CASE_00010,CUST_00010,Austin Olsen,9999,FAILED,NETWORK_ERROR,2,0.33,15,False,SEND_PAYMENT_LINK
CASE_00011,CUST_00011,Kayla Chandler,2499,FAILED,TIMEOUT,1,0.63,5,False,RETRY_PAYMENT
CASE_00012,CUST_00012,Zachary Carr,9999,FAILED,CARD_DECLINED,1,0.75,0,False,SEND_PAYMENT_LINK
CASE_00013,CUST_00013,Jonathan Carlson,2499,FAILED,INSUFFICIENT_FUNDS,3,0.41,5,False,STOP
CASE_00014,CUST_00014,Tammy Baird MD,50000,FAILED,BANK_ERROR,3,0.52,30,False,STOP
CASE_00015,CUST_00015,Alex Campbell,1499,FAILED,BANK_ERROR,1,0.8,45,False,ESCALATE_HUMAN
CASE_00016,CUST_00016,Meghan Nicholson,4999,ABANDONED,NONE,3,0.49,0,True,STOP
CASE_00017,CUST_00017,Eric Guzman,25000,ABANDONED,NONE,0,0.8,0,True,SEND_PAYMENT_LINK
CASE_00018,CUST_00018,Karen Washington,1499,FAILED,NETWORK_ERROR,0,0.51,30,False,ESCALATE_HUMAN
CASE_00019,CUST_00019,Melissa Wilson,25000,FAILED,CARD_DECLINED,0,0.74,0,False,SEND_PAYMENT_LINK
CASE_00020,CUST_00020,Danielle Williams,75000,FAILED,INSUFFICIENT_FUNDS,0,0.43,0,False,ESCALATE_HUMAN
CASE_00021,CUST_00021,William Mitchell,15000,FAILED,INSUFFICIENT_FUNDS,1,0.61,0,False,SEND_PAYMENT_LINK
CASE_00022,CUST_00022,Melissa Johnson,75000,FAILED,CARD_DECLINED,1,0.32,0,False,ESCALATE_HUMAN
CASE_00023,CUST_00023,Ashley Mejia,25000,FAILED,CARD_DECLINED,2,0.59,0,False,SEND_PAYMENT_LINK
CASE_00024,CUST_00024,Anna Meyer,7999,FAILED,BANK_ERROR,0,0.39,0,False,SEND_PAYMENT_LINK
CASE_00025,CUST_00025,Rebecca Reeves,999,ABANDONED,NONE,0,0.98,45,True,ESCALATE_HUMAN
CASE_00026,CUST_00026,Debra Greene,1499,FAILED,NETWORK_ERROR,1,0.41,20,False,SEND_PAYMENT_LINK
CASE_00027,CUST_00027,Richard Preston,2499,FAILED,INSUFFICIENT_FUNDS,3,1.0,15,False,STOP
CASE_00028,CUST_00028,Michelle Long,15000,ABANDONED,NONE,0,0.4,0,True,SEND_PAYMENT_LINK
CASE_00029,CUST_00029,Scott Lucas,7999,FAILED,CARD_DECLINED,1,0.67,0,False,SEND_PAYMENT_LINK
CASE_00030,CUST_00030,Crystal Pacheco,999,FAILED,BANK_ERROR,0,0.92,15,False,RETRY_PAYMENT
CASE_00031,CUST_00031,Ashley Park,999,FAILED,INSUFFICIENT_FUNDS,3,0.37,0,False,STOP
CASE_00032,CUST_00032,Angela Wheeler,100000,ABANDONED,NONE,1,0.83,20,True,ESCALATE_HUMAN
CASE_00033,CUST_00033,Travis Rodriguez,2499,FAILED,TIMEOUT,3,0.48,20,False,STOP
CASE_00034,CUST_00034,William James,15000,FAILED,TIMEOUT,0,0.52,15,False,SEND_PAYMENT_LINK
CASE_00035,CUST_00035,Luis Marshall,999,FAILED,BANK_ERROR,1,0.63,0,False,RETRY_PAYMENT
CASE_00036,CUST_00036,Malik Vance,4999,ABANDONED,NONE,1,0.9,0,True,SEND_PAYMENT_LINK
CASE_00037,CUST_00037,Jorge Hess,15000,FAILED,TIMEOUT,0,0.98,5,False,RETRY_PAYMENT
CASE_00038,CUST_00038,Rodney Bryant,1499,ABANDONED,NONE,3,0.59,20,True,STOP
CASE_00039,CUST_00039,Kristy Mitchell,499,FAILED,NETWORK_ERROR,0,0.99,10,False,RETRY_PAYMENT
CASE_00040,CUST_00040,Amy Morgan,15000,FAILED,NETWORK_ERROR,3,0.32,10,False,STOP
CASE_00041,CUST_00041,Amy Mcdonald,2499,FAILED,CARD_DECLINED,0,0.8,0,False,SEND_PAYMENT_LINK
CASE_00042,CUST_00042,Jared Walker,499,ABANDONED,NONE,1,0.25,45,True,ESCALATE_HUMAN
CASE_00043,CUST_00043,Ernest Coleman,999,FAILED,TIMEOUT,0,0.74,5,False,RETRY_PAYMENT
CASE_00044,CUST_00044,Matthew Brown,50000,FAILED,CARD_DECLINED,0,0.7,20,False,SEND_PAYMENT_LINK
CASE_00045,CUST_00045,Andre Johnson,50000,FAILED,INSUFFICIENT_FUNDS,1,0.74,15,False,ESCALATE_HUMAN
CASE_00046,CUST_00046,Mark Irwin,9999,FAILED,INSUFFICIENT_FUNDS,3,0.45,0,False,STOP
CASE_00047,CUST_00047,Kyle Beck,499,ABANDONED,NONE,0,0.26,5,True,SEND_PAYMENT_LINK
CASE_00048,CUST_00048,Katie Wilson,25000,FAILED,BANK_ERROR,2,0.9,5,False,RETRY_PAYMENT
CASE_00049,CUST_00049,Rebecca Wilson,7999,FAILED,BANK_ERROR,3,0.87,10,False,STOP
CASE_00050,CUST_00050,Matthew Ponce,50000,FAILED,CARD_DECLINED,2,0.95,0,False,SEND_PAYMENT_LINK
CASE_00051,CUST_00051,Joshua Wilson,1499,FAILED,TIMEOUT,0,0.79,0,False,RETRY_PAYMENT
CASE_00052,CUST_00052,Meagan Price,4999,FAILED,CARD_DECLINED,1,0.77,5,False,SEND_PAYMENT_LINK
CASE_00053,CUST_00053,Barbara Chapman,75000,FAILED,CARD_DECLINED,3,0.4,0,False,STOP
CASE_00054,CUST_00054,Aaron Hunt,999,ABANDONED,NONE,2,0.24,15,True,SEND_PAYMENT_LINK
CASE_00055,CUST_00055,Brenda Brown,1499,FAILED,BANK_ERROR,3,0.64,20,False,STOP
CASE_00056,CUST_00056,Robert Ward,25000,FAILED,TIMEOUT,0,0.96,0,False,RETRY_PAYMENT
CASE_00057,CUST_00057,Caitlin Stewart,25000,FAILED,INSUFFICIENT_FUNDS,1,0.54,0,False,SEND_PAYMENT_LINK
CASE_00058,CUST_00058,Steven Ferguson PhD,4999,FAILED,TIMEOUT,2,0.37,5,False,SEND_PAYMENT_LINK
CASE_00059,CUST_00059,Karen Ramsey,75000,FAILED,INSUFFICIENT_FUNDS,3,0.98,0,False,STOP
CASE_00060,CUST_00060,Dr. Jennifer Norman,2499,FAILED,BANK_ERROR,3,0.22,15,False,STOP
CASE_00061,CUST_00061,Destiny Wilkerson,9999,FAILED,INSUFFICIENT_FUNDS,1,0.83,0,False,SEND_PAYMENT_LINK
CASE_00062,CUST_00062,Samantha Smith,9999,FAILED,NETWORK_ERROR,1,0.36,30,False,ESCALATE_HUMAN
CASE_00063,CUST_00063,Brandon Fields,7999,FAILED,BANK_ERROR,1,0.22,5,False,SEND_PAYMENT_LINK
CASE_00064,CUST_00064,Michelle Stewart,9999,FAILED,INSUFFICIENT_FUNDS,0,0.97,10,False,SEND_PAYMENT_LINK
CASE_00065,CUST_00065,Thomas Barrett,7999,ABANDONED,NONE,2,0.95,0,True,SEND_PAYMENT_LINK
CASE_00066,CUST_00066,Kelsey Webster,4999,FAILED,CARD_DECLINED,2,0.23,20,False,SEND_PAYMENT_LINK
CASE_00067,CUST_00067,Mary Montgomery,7999,FAILED,NETWORK_ERROR,0,0.51,5,False,RETRY_PAYMENT
CASE_00068,CUST_00068,Jacqueline Cook,100000,ABANDONED,NONE,0,0.62,45,True,ESCALATE_HUMAN
CASE_00069,CUST_00069,Mr. Chase Hunter,75000,FAILED,INSUFFICIENT_FUNDS,3,0.26,15,False,STOP
CASE_00070,CUST_00070,Holly Daugherty,50000,FAILED,TIMEOUT,2,0.61,20,False,RETRY_PAYMENT
CASE_00071,CUST_00071,Taylor Goodwin,100000,FAILED,CARD_DECLINED,1,0.35,20,False,ESCALATE_HUMAN
CASE_00072,CUST_00072,Theresa Patterson,75000,FAILED,CARD_DECLINED,2,0.52,0,False,ESCALATE_HUMAN
CASE_00073,CUST_00073,Vanessa Smith,4999,FAILED,BANK_ERROR,3,0.83,15,False,STOP
CASE_00074,CUST_00074,Gary Lopez,15000,ABANDONED,NONE,3,0.74,45,True,STOP
CASE_00075,CUST_00075,Mr. Ray Lopez,15000,FAILED,TIMEOUT,2,0.61,15,False,RETRY_PAYMENT
CASE_00076,CUST_00076,Ashley Thompson,2499,FAILED,BANK_ERROR,1,0.32,0,False,SEND_PAYMENT_LINK
CASE_00077,CUST_00077,Melissa Brown,2499,ABANDONED,NONE,0,0.56,5,True,SEND_PAYMENT_LINK
CASE_00078,CUST_00078,John Hamilton,100000,ABANDONED,NONE,3,0.52,0,True,STOP
CASE_00079,CUST_00079,Mark Miller,75000,FAILED,TIMEOUT,3,0.38,45,False,STOP
CASE_00080,CUST_00080,Todd Moore,15000,FAILED,CARD_DECLINED,1,0.93,0,False,SEND_PAYMENT_LINK
CASE_00081,CUST_00081,Ebony Powell,15000,FAILED,NETWORK_ERROR,2,0.96,30,False,ESCALATE_HUMAN
CASE_00082,CUST_00082,Jeffrey Walker,50000,ABANDONED,NONE,3,0.92,30,True,STOP
CASE_00083,CUST_00083,Tamara Willis,15000,FAILED,BANK_ERROR,2,0.81,45,False,ESCALATE_HUMAN
CASE_00084,CUST_00084,Haley Walker,15000,FAILED,INSUFFICIENT_FUNDS,3,0.26,10,False,STOP
CASE_00085,CUST_00085,Brianna Livingston,2499,FAILED,INSUFFICIENT_FUNDS,2,0.91,0,False,SEND_PAYMENT_LINK
CASE_00086,CUST_00086,Matthew Lawson,1499,FAILED,BANK_ERROR,3,0.76,5,False,STOP
CASE_00087,CUST_00087,Ronald Barton,999,ABANDONED,NONE,3,0.46,30,True,STOP
CASE_00088,CUST_00088,Cindy Salinas,9999,FAILED,BANK_ERROR,3,0.51,0,False,STOP
CASE_00089,CUST_00089,Jonathan Patterson,50000,ABANDONED,NONE,3,0.2,15,True,STOP
CASE_00090,CUST_00090,Tammy Moore,4999,ABANDONED,NONE,3,0.63,45,True,STOP
CASE_00091,CUST_00091,Dave Walters,50000,FAILED,NETWORK_ERROR,1,0.42,30,False,ESCALATE_HUMAN
CASE_00092,CUST_00092,Howard Evans,499,ABANDONED,NONE,2,0.74,20,True,SEND_PAYMENT_LINK
CASE_00093,CUST_00093,Matthew Gonzales,100000,FAILED,NETWORK_ERROR,1,0.98,45,False,ESCALATE_HUMAN
CASE_00094,CUST_00094,Laura Martinez,499,ABANDONED,NONE,0,0.27,20,True,SEND_PAYMENT_LINK
CASE_00095,CUST_00095,Robert Fischer,1499,ABANDONED,NONE,1,0.24,20,True,SEND_PAYMENT_LINK
CASE_00096,CUST_00096,Paul Nunez,7999,FAILED,NETWORK_ERROR,2,0.47,20,False,SEND_PAYMENT_LINK
CASE_00097,CUST_00097,Brandon Stephens,4999,ABANDONED,NONE,2,0.87,30,True,ESCALATE_HUMAN
CASE_00098,CUST_00098,Steven Green,499,FAILED,INSUFFICIENT_FUNDS,1,0.72,0,False,SEND_PAYMENT_LINK
CASE_00099,CUST_00099,Angela Mercado,499,FAILED,BANK_ERROR,0,0.7,5,False,RETRY_PAYMENT
CASE_00100,CUST_00100,James Hayes,75000,FAILED,CARD_DECLINED,1,0.57,10,False,ESCALATE_HUMAN
CASE_00101,CUST_00101,Richard Cain,7999,FAILED,CARD_DECLINED,0,0.82,0,False,SEND_PAYMENT_LINK
CASE_00102,CUST_00102,Kristen Cummings,4999,FAILED,CARD_DECLINED,0,0.94,20,False,SEND_PAYMENT_LINK
CASE_00103,CUST_00103,Yvonne Mejia,9999,FAILED,TIMEOUT,1,0.28,10,False,SEND_PAYMENT_LINK
CASE_00104,CUST_00104,Ann Carpenter,75000,FAILED,CARD_DECLINED,0,0.48,20,False,ESCALATE_HUMAN
CASE_00105,CUST_00105,Jeffrey Castro,75000,FAILED,TIMEOUT,2,0.21,20,False,ESCALATE_HUMAN
CASE_00106,CUST_00106,Ashley Fritz,15000,FAILED,NETWORK_ERROR,2,0.71,30,False,ESCALATE_HUMAN
CASE_00107,CUST_00107,John Frank,100000,FAILED,NETWORK_ERROR,1,0.79,10,False,ESCALATE_HUMAN
CASE_00108,CUST_00108,Tamara Ward,50000,ABANDONED,NONE,3,0.55,10,True,STOP
CASE_00109,CUST_00109,Adrian Schmidt,7999,FAILED,TIMEOUT,2,0.91,5,False,RETRY_PAYMENT
CASE_00110,CUST_00110,Brian Garcia,15000,ABANDONED,NONE,2,0.22,15,True,SEND_PAYMENT_LINK
CASE_00111,CUST_00111,Angela Barry,1499,ABANDONED,NONE,1,0.48,10,True,SEND_PAYMENT_LINK
CASE_00112,CUST_00112,Taylor Walton,7999,FAILED,CARD_DECLINED,2,0.64,45,False,ESCALATE_HUMAN
CASE_00113,CUST_00113,Kayla Lopez,2499,FAILED,BANK_ERROR,3,0.59,5,False,STOP
CASE_00114,CUST_00114,Lisa Thomas,100000,ABANDONED,NONE,3,0.56,0,True,STOP
CASE_00115,CUST_00115,Jill Krueger,999,FAILED,BANK_ERROR,3,0.75,10,False,STOP
CASE_00116,CUST_00116,James Torres,75000,FAILED,NETWORK_ERROR,2,0.54,45,False,ESCALATE_HUMAN
CASE_00117,CUST_00117,William Buchanan MD,7999,FAILED,NETWORK_ERROR,2,0.45,5,False,SEND_PAYMENT_LINK
CASE_00118,CUST_00118,Brandon Mcconnell,999,FAILED,INSUFFICIENT_FUNDS,0,0.79,0,False,SEND_PAYMENT_LINK
CASE_00119,CUST_00119,Cindy Terry,2499,FAILED,NETWORK_ERROR,2,0.78,45,False,ESCALATE_HUMAN
CASE_00120,CUST_00120,Matthew Cox,50000,FAILED,TIMEOUT,1,0.44,15,False,SEND_PAYMENT_LINK
CASE_00121,CUST_00121,Miss Beth Roman,1499,FAILED,TIMEOUT,1,0.42,0,False,SEND_PAYMENT_LINK
CASE_00122,CUST_00122,Jordan Gross,25000,FAILED,BANK_ERROR,3,0.28,0,False,STOP
CASE_00123,CUST_00123,Elizabeth Wilkerson,50000,FAILED,NETWORK_ERROR,3,0.55,0,False,STOP
CASE_00124,CUST_00124,Matthew Doyle,499,FAILED,NETWORK_ERROR,0,0.86,20,False,RETRY_PAYMENT
CASE_00125,CUST_00125,Linda Williams,15000,FAILED,CARD_DECLINED,0,0.32,10,False,SEND_PAYMENT_LINK
CASE_00126,CUST_00126,Angelica Hickman,999,FAILED,TIMEOUT,3,0.69,5,False,STOP
CASE_00127,CUST_00127,Karen Simmons,25000,ABANDONED,NONE,3,0.93,10,True,STOP
CASE_00128,CUST_00128,Mark Martinez,50000,ABANDONED,NONE,2,0.65,0,True,SEND_PAYMENT_LINK
CASE_00129,CUST_00129,Brittney Hernandez,50000,FAILED,BANK_ERROR,1,0.41,0,False,SEND_PAYMENT_LINK
CASE_00130,CUST_00130,Ricardo Zamora,1499,FAILED,BANK_ERROR,0,0.33,20,False,SEND_PAYMENT_LINK
CASE_00131,CUST_00131,Teresa Torres,15000,ABANDONED,NONE,2,0.23,10,True,SEND_PAYMENT_LINK
CASE_00132,CUST_00132,Aaron Mejia,100000,FAILED,NETWORK_ERROR,0,0.75,10,False,ESCALATE_HUMAN
CASE_00133,CUST_00133,Nicole Perez,75000,FAILED,NETWORK_ERROR,0,0.64,0,False,ESCALATE_HUMAN
CASE_00134,CUST_00134,Sherri Sullivan,4999,FAILED,TIMEOUT,0,0.33,10,False,SEND_PAYMENT_LINK
CASE_00135,CUST_00135,Alison Norton,50000,FAILED,NETWORK_ERROR,0,0.57,10,False,SEND_PAYMENT_LINK
CASE_00136,CUST_00136,Jeffrey Le,4999,ABANDONED,NONE,3,0.26,0,True,STOP
CASE_00137,CUST_00137,Melissa Wilkins,9999,FAILED,CARD_DECLINED,2,0.22,5,False,SEND_PAYMENT_LINK
CASE_00138,CUST_00138,Daniel Smith,75000,FAILED,INSUFFICIENT_FUNDS,0,0.81,0,False,ESCALATE_HUMAN
CASE_00139,CUST_00139,Justin Powers,15000,ABANDONED,NONE,2,0.35,20,True,SEND_PAYMENT_LINK
CASE_00140,CUST_00140,Justin Long,75000,ABANDONED,NONE,0,0.58,20,True,ESCALATE_HUMAN
CASE_00141,CUST_00141,Jennifer Morris,7999,FAILED,TIMEOUT,1,0.46,30,False,ESCALATE_HUMAN
CASE_00142,CUST_00142,Alexa Delacruz,4999,ABANDONED,NONE,0,0.56,15,True,SEND_PAYMENT_LINK
CASE_00143,CUST_00143,Connor Martinez,4999,FAILED,TIMEOUT,3,0.89,0,False,STOP
CASE_00144,CUST_00144,Melissa Baker,75000,ABANDONED,NONE,3,0.24,45,True,STOP
CASE_00145,CUST_00145,Nathan Duran,7999,ABANDONED,NONE,3,0.81,5,True,STOP
CASE_00146,CUST_00146,Carol Hardy,4999,FAILED,INSUFFICIENT_FUNDS,3,0.9,30,False,STOP
CASE_00147,CUST_00147,Stacy Donaldson,999,FAILED,CARD_DECLINED,1,0.77,10,False,SEND_PAYMENT_LINK
CASE_00148,CUST_00148,Chase Lambert,25000,FAILED,CARD_DECLINED,3,0.27,0,False,STOP
CASE_00149,CUST_00149,Mary Ponce,15000,FAILED,BANK_ERROR,3,0.95,10,False,STOP
CASE_00150,CUST_00150,Cathy Perez,25000,FAILED,NETWORK_ERROR,3,0.98,5,False,STOP
CASE_00151,CUST_00151,Jason Jones,15000,FAILED,NETWORK_ERROR,1,0.94,45,False,ESCALATE_HUMAN
CASE_00152,CUST_00152,Lauren Smith,100000,FAILED,TIMEOUT,2,0.82,20,False,ESCALATE_HUMAN
CASE_00153,CUST_00153,Laura Nelson,7999,FAILED,TIMEOUT,2,0.78,30,False,ESCALATE_HUMAN
CASE_00154,CUST_00154,Thomas Boyd,1499,ABANDONED,NONE,3,0.48,45,True,STOP
CASE_00155,CUST_00155,Laura Little DVM,25000,ABANDONED,NONE,3,0.95,5,True,STOP
CASE_00156,CUST_00156,James Rogers,100000,FAILED,CARD_DECLINED,3,0.39,20,False,STOP
CASE_00157,CUST_00157,Joseph Nolan,499,FAILED,NETWORK_ERROR,3,0.51,0,False,STOP
CASE_00158,CUST_00158,Alexander Davis,15000,FAILED,BANK_ERROR,2,0.9,30,False,ESCALATE_HUMAN
CASE_00159,CUST_00159,Todd Carson,999,ABANDONED,NONE,0,0.78,20,True,SEND_PAYMENT_LINK
CASE_00160,CUST_00160,Christopher Ruiz,75000,FAILED,TIMEOUT,3,0.83,10,False,STOP
CASE_00161,CUST_00161,Laura Williams,7999,ABANDONED,NONE,0,0.88,45,True,ESCALATE_HUMAN
CASE_00162,CUST_00162,Elizabeth Lopez,9999,FAILED,NETWORK_ERROR,0,0.69,5,False,SEND_PAYMENT_LINK
CASE_00163,CUST_00163,Richard Smith MD,4999,FAILED,TIMEOUT,3,0.98,0,False,STOP
CASE_00164,CUST_00164,Mr. Scott Faulkner,15000,FAILED,INSUFFICIENT_FUNDS,0,0.24,0,False,SEND_PAYMENT_LINK
CASE_00165,CUST_00165,Wendy Rose,4999,FAILED,INSUFFICIENT_FUNDS,3,0.32,45,False,STOP
CASE_00166,CUST_00166,Kevin Wolfe,9999,FAILED,BANK_ERROR,1,0.26,20,False,SEND_PAYMENT_LINK
CASE_00167,CUST_00167,Jennifer Brown,50000,FAILED,NETWORK_ERROR,1,0.39,10,False,SEND_PAYMENT_LINK
CASE_00168,CUST_00168,Theresa Moss,15000,FAILED,TIMEOUT,3,0.92,45,False,STOP
CASE_00169,CUST_00169,Emily Barr,1499,FAILED,NETWORK_ERROR,2,0.99,10,False,RETRY_PAYMENT
CASE_00170,CUST_00170,Shawna Davidson,75000,ABANDONED,NONE,2,0.57,10,True,ESCALATE_HUMAN
CASE_00171,CUST_00171,Edward Coleman,2499,ABANDONED,NONE,3,0.29,20,True,STOP
CASE_00172,CUST_00172,Tanya Jackson,50000,FAILED,CARD_DECLINED,2,0.99,10,False,ESCALATE_HUMAN
CASE_00173,CUST_00173,Emma Flores,75000,ABANDONED,NONE,2,0.21,0,True,ESCALATE_HUMAN
CASE_00174,CUST_00174,Cassandra Adkins,50000,ABANDONED,NONE,2,0.82,5,True,SEND_PAYMENT_LINK
CASE_00175,CUST_00175,Jordan Johnson,50000,FAILED,BANK_ERROR,1,0.7,0,False,SEND_PAYMENT_LINK
CASE_00176,CUST_00176,Susan Chavez,75000,FAILED,INSUFFICIENT_FUNDS,3,0.23,15,False,STOP
CASE_00177,CUST_00177,Jennifer Roberts,100000,FAILED,TIMEOUT,2,0.46,20,False,ESCALATE_HUMAN
CASE_00178,CUST_00178,James Wagner,1499,FAILED,BANK_ERROR,2,0.62,10,False,SEND_PAYMENT_LINK
CASE_00179,CUST_00179,Nathan Willis,4999,ABANDONED,NONE,2,0.8,15,True,SEND_PAYMENT_LINK
CASE_00180,CUST_00180,Shari Mayo,999,ABANDONED,NONE,0,0.31,5,True,SEND_PAYMENT_LINK
CASE_00181,CUST_00181,Derek Green,75000,ABANDONED,NONE,2,0.27,20,True,ESCALATE_HUMAN
CASE_00182,CUST_00182,Michael Wiley,499,FAILED,CARD_DECLINED,0,0.56,10,False,SEND_PAYMENT_LINK
CASE_00183,CUST_00183,Jack Vargas,50000,ABANDONED,NONE,2,0.29,5,True,SEND_PAYMENT_LINK
CASE_00184,CUST_00184,Bryan Cook,15000,FAILED,CARD_DECLINED,2,0.93,5,False,SEND_PAYMENT_LINK
CASE_00185,CUST_00185,Tony Massey,75000,FAILED,NETWORK_ERROR,2,0.72,0,False,ESCALATE_HUMAN
CASE_00186,CUST_00186,Kevin Cunningham,1499,FAILED,TIMEOUT,2,1.0,0,False,RETRY_PAYMENT
CASE_00187,CUST_00187,David Burke,999,FAILED,CARD_DECLINED,1,0.51,15,False,SEND_PAYMENT_LINK
CASE_00188,CUST_00188,Terri Watkins,75000,ABANDONED,NONE,1,0.91,0,True,ESCALATE_HUMAN
CASE_00189,CUST_00189,Madison Orr,15000,ABANDONED,NONE,2,0.23,15,True,SEND_PAYMENT_LINK
CASE_00190,CUST_00190,David Meza,2499,ABANDONED,NONE,3,0.96,15,True,STOP
CASE_00191,CUST_00191,Christopher Maxwell,999,FAILED,CARD_DECLINED,2,0.25,10,False,SEND_PAYMENT_LINK
CASE_00192,CUST_00192,Catherine Allen,2499,FAILED,NETWORK_ERROR,0,0.73,0,False,RETRY_PAYMENT
CASE_00193,CUST_00193,Stephanie Jones,7999,FAILED,BANK_ERROR,1,0.25,45,False,ESCALATE_HUMAN
CASE_00194,CUST_00194,Christina Mitchell,2499,FAILED,BANK_ERROR,2,0.82,0,False,RETRY_PAYMENT
CASE_00195,CUST_00195,Kristi Rodriguez,4999,FAILED,BANK_ERROR,2,0.84,0,False,RETRY_PAYMENT
CASE_00196,CUST_00196,Sarah Mahoney,75000,FAILED,BANK_ERROR,0,0.49,5,False,ESCALATE_HUMAN
CASE_00197,CUST_00197,Miss Mia Fry,50000,FAILED,TIMEOUT,1,0.41,0,False,SEND_PAYMENT_LINK
CASE_00198,CUST_00198,Lauren Dixon,100000,ABANDONED,NONE,0,0.8,30,True,ESCALATE_HUMAN
CASE_00199,CUST_00199,Thomas Taylor,15000,FAILED,CARD_DECLINED,0,0.56,5,False,SEND_PAYMENT_LINK
CASE_00200,CUST_00200,Jason Henderson,50000,FAILED,CARD_DECLINED,2,0.57,0,False,ESCALATE_HUMAN
CASE_00201,CUST_00201,Kristin Haas,15000,ABANDONED,NONE,3,0.75,30,True,STOP
CASE_00202,CUST_00202,Natalie Hines,100000,ABANDONED,NONE,0,0.92,15,True,ESCALATE_HUMAN
CASE_00203,CUST_00203,Daniel Reynolds,50000,FAILED,TIMEOUT,1,0.42,45,False,ESCALATE_HUMAN
CASE_00204,CUST_00204,Rick Curry,100000,FAILED,NETWORK_ERROR,2,0.56,20,False,ESCALATE_HUMAN
CASE_00205,CUST_00205,Matthew Vargas,999,FAILED,CARD_DECLINED,1,0.54,5,False,SEND_PAYMENT_LINK
CASE_00206,CUST_00206,Allison Sherman,9999,FAILED,NETWORK_ERROR,3,0.53,0,False,STOP
CASE_00207,CUST_00207,Lisa Davenport,7999,ABANDONED,NONE,2,0.73,15,True,SEND_PAYMENT_LINK
CASE_00208,CUST_00208,Christopher Kelley,1499,ABANDONED,NONE,0,0.27,0,True,SEND_PAYMENT_LINK
CASE_00209,CUST_00209,Craig Jimenez,999,ABANDONED,NONE,0,0.8,15,True,SEND_PAYMENT_LINK
CASE_00210,CUST_00210,Toni Bell,1499,FAILED,CARD_DECLINED,2,0.74,20,False,SEND_PAYMENT_LINK
CASE_00211,CUST_00211,Amanda Sanchez,7999,ABANDONED,NONE,0,0.97,10,True,SEND_PAYMENT_LINK
CASE_00212,CUST_00212,Denise Baker,7999,FAILED,CARD_DECLINED,1,0.32,30,False,ESCALATE_HUMAN
CASE_00213,CUST_00213,James Rose,2499,FAILED,INSUFFICIENT_FUNDS,2,0.29,10,False,SEND_PAYMENT_LINK
CASE_00214,CUST_00214,Hannah Young,50000,FAILED,NETWORK_ERROR,0,0.69,10,False,RETRY_PAYMENT
CASE_00215,CUST_00215,Richard Thompson,4999,FAILED,INSUFFICIENT_FUNDS,2,0.2,0,False,SEND_PAYMENT_LINK
CASE_00216,CUST_00216,Kelsey Irwin,50000,ABANDONED,NONE,0,0.31,0,True,SEND_PAYMENT_LINK
CASE_00217,CUST_00217,Erica Brandt,999,FAILED,NETWORK_ERROR,3,0.56,0,False,STOP
CASE_00218,CUST_00218,Jennifer Phillips,7999,FAILED,INSUFFICIENT_FUNDS,0,0.91,0,False,SEND_PAYMENT_LINK
CASE_00219,CUST_00219,Brian Lee,1499,FAILED,TIMEOUT,2,0.55,20,False,RETRY_PAYMENT
CASE_00220,CUST_00220,Steven Lyons,15000,ABANDONED,NONE,2,0.37,45,True,ESCALATE_HUMAN
CASE_00221,CUST_00221,Janice Price,999,FAILED,NETWORK_ERROR,0,0.43,30,False,ESCALATE_HUMAN
CASE_00222,CUST_00222,Gregory Crawford,25000,FAILED,TIMEOUT,1,0.52,0,False,RETRY_PAYMENT
CASE_00223,CUST_00223,Michael Lewis,4999,FAILED,BANK_ERROR,2,0.43,0,False,SEND_PAYMENT_LINK
CASE_00224,CUST_00224,Ashley Carr,499,ABANDONED,NONE,3,0.34,20,True,STOP
CASE_00225,CUST_00225,Tami Pope,25000,FAILED,CARD_DECLINED,2,0.26,0,False,SEND_PAYMENT_LINK
CASE_00226,CUST_00226,Kim Peters,9999,FAILED,NETWORK_ERROR,0,0.89,20,False,RETRY_PAYMENT
CASE_00227,CUST_00227,Jeffery Stewart,50000,ABANDONED,NONE,3,0.43,20,True,STOP
CASE_00228,CUST_00228,Shannon Cole,499,FAILED,BANK_ERROR,3,0.87,15,False,STOP
CASE_00229,CUST_00229,Victoria Hopkins,999,ABANDONED,NONE,0,0.39,20,True,SEND_PAYMENT_LINK
CASE_00230,CUST_00230,Kevin Gibson,25000,FAILED,NETWORK_ERROR,2,0.8,5,False,RETRY_PAYMENT
CASE_00231,CUST_00231,Jordan Collins,7999,FAILED,TIMEOUT,0,0.62,5,False,SEND_PAYMENT_LINK
CASE_00232,CUST_00232,David King Jr.,7999,FAILED,BANK_ERROR,1,0.28,10,False,SEND_PAYMENT_LINK
CASE_00233,CUST_00233,Lauren Parker,2499,FAILED,CARD_DECLINED,1,0.81,0,False,SEND_PAYMENT_LINK
CASE_00234,CUST_00234,Nancy Sampson,1499,ABANDONED,NONE,3,0.8,30,True,STOP
CASE_00235,CUST_00235,Paul Powers,75000,FAILED,INSUFFICIENT_FUNDS,1,0.55,30,False,ESCALATE_HUMAN
CASE_00236,CUST_00236,Sophia Grant,15000,FAILED,INSUFFICIENT_FUNDS,0,0.48,0,False,SEND_PAYMENT_LINK
CASE_00237,CUST_00237,Natalie Harris,4999,ABANDONED,NONE,3,0.23,15,True,STOP
CASE_00238,CUST_00238,Michael Phillips,4999,FAILED,TIMEOUT,3,0.57,45,False,STOP
CASE_00239,CUST_00239,Kevin Mendoza,100000,FAILED,NETWORK_ERROR,1,0.46,30,False,ESCALATE_HUMAN
CASE_00240,CUST_00240,Steven Smith,25000,FAILED,TIMEOUT,3,0.28,15,False,STOP
CASE_00241,CUST_00241,Melissa Martin,100000,FAILED,CARD_DECLINED,1,0.23,30,False,ESCALATE_HUMAN
CASE_00242,CUST_00242,Joshua Hodges,15000,FAILED,INSUFFICIENT_FUNDS,2,0.93,20,False,SEND_PAYMENT_LINK
CASE_00243,CUST_00243,Michael Mcconnell,9999,FAILED,CARD_DECLINED,0,0.83,15,False,SEND_PAYMENT_LINK
CASE_00244,CUST_00244,David Ingram,999,FAILED,TIMEOUT,3,0.43,0,False,STOP
CASE_00245,CUST_00245,Kathy Rogers,7999,FAILED,CARD_DECLINED,1,0.93,10,False,SEND_PAYMENT_LINK
CASE_00246,CUST_00246,Timothy Jackson,75000,ABANDONED,NONE,1,0.68,0,True,ESCALATE_HUMAN
CASE_00247,CUST_00247,Luis Houston,4999,ABANDONED,NONE,2,0.85,45,True,ESCALATE_HUMAN
CASE_00248,CUST_00248,Brian Tyler,999,ABANDONED,NONE,2,0.21,10,True,SEND_PAYMENT_LINK
CASE_00249,CUST_00249,Jennifer Ortiz,1499,FAILED,INSUFFICIENT_FUNDS,3,0.35,0,False,STOP
CASE_00250,CUST_00250,Jessica Tucker,1499,FAILED,INSUFFICIENT_FUNDS,0,0.61,45,False,ESCALATE_HUMAN
CASE_00251,CUST_00251,Darlene Olsen,100000,FAILED,INSUFFICIENT_FUNDS,1,0.68,0,False,ESCALATE_HUMAN
CASE_00252,CUST_00252,Daniel Mccormick,1499,FAILED,CARD_DECLINED,1,0.78,0,False,SEND_PAYMENT_LINK
CASE_00253,CUST_00253,Whitney Kim,9999,FAILED,BANK_ERROR,3,0.69,30,False,STOP
CASE_00254,CUST_00254,Joan Rose,2499,FAILED,INSUFFICIENT_FUNDS,3,0.92,5,False,STOP
CASE_00255,CUST_00255,Thomas Hart,7999,ABANDONED,NONE,3,0.82,20,True,STOP
CASE_00256,CUST_00256,Lisa Ross DDS,25000,ABANDONED,NONE,1,0.85,0,True,SEND_PAYMENT_LINK
CASE_00257,CUST_00257,Peter Martin,4999,FAILED,NETWORK_ERROR,2,0.64,0,False,SEND_PAYMENT_LINK
CASE_00258,CUST_00258,Mark Conrad,25000,FAILED,INSUFFICIENT_FUNDS,0,0.81,10,False,SEND_PAYMENT_LINK
CASE_00259,CUST_00259,Lawrence Ballard,15000,FAILED,NETWORK_ERROR,0,0.96,5,False,RETRY_PAYMENT
CASE_00260,CUST_00260,Mark Beck,15000,FAILED,TIMEOUT,3,0.24,45,False,STOP
CASE_00261,CUST_00261,Chelsea Garner,7999,FAILED,NETWORK_ERROR,0,0.5,0,False,RETRY_PAYMENT
CASE_00262,CUST_00262,Lindsey Baker,999,FAILED,BANK_ERROR,1,0.23,30,False,ESCALATE_HUMAN
CASE_00263,CUST_00263,Misty Jordan,100000,FAILED,NETWORK_ERROR,3,0.69,0,False,STOP
CASE_00264,CUST_00264,Regina Bass,499,FAILED,BANK_ERROR,1,0.64,45,False,ESCALATE_HUMAN
CASE_00265,CUST_00265,Benjamin Jones,9999,FAILED,INSUFFICIENT_FUNDS,1,0.44,0,False,SEND_PAYMENT_LINK
CASE_00266,CUST_00266,Lisa Ruiz,2499,ABANDONED,NONE,3,0.25,30,True,STOP
CASE_00267,CUST_00267,Amber Morales,50000,FAILED,CARD_DECLINED,1,0.77,10,False,SEND_PAYMENT_LINK
CASE_00268,CUST_00268,Jacqueline Mullen,50000,FAILED,BANK_ERROR,3,0.35,0,False,STOP
CASE_00269,CUST_00269,Laura Ballard,25000,FAILED,TIMEOUT,0,0.51,30,False,ESCALATE_HUMAN
CASE_00270,CUST_00270,Elijah Davis,499,ABANDONED,NONE,2,0.4,0,True,SEND_PAYMENT_LINK
CASE_00271,CUST_00271,William Hancock,7999,FAILED,INSUFFICIENT_FUNDS,1,0.79,0,False,SEND_PAYMENT_LINK
CASE_00272,CUST_00272,William Holmes Jr.,50000,FAILED,BANK_ERROR,0,0.48,15,False,SEND_PAYMENT_LINK
CASE_00273,CUST_00273,Timothy Ferguson,75000,FAILED,NETWORK_ERROR,3,0.71,0,False,STOP
CASE_00274,CUST_00274,Kevin Williams,999,ABANDONED,NONE,0,0.43,0,True,SEND_PAYMENT_LINK
CASE_00275,CUST_00275,Steven Bell,2499,FAILED,INSUFFICIENT_FUNDS,2,0.61,45,False,ESCALATE_HUMAN
CASE_00276,CUST_00276,Andrew West,15000,FAILED,TIMEOUT,1,0.43,0,False,SEND_PAYMENT_LINK
CASE_00277,CUST_00277,Geoffrey Haynes,75000,FAILED,INSUFFICIENT_FUNDS,0,0.84,20,False,ESCALATE_HUMAN
CASE_00278,CUST_00278,Victor Reyes,9999,ABANDONED,NONE,3,0.47,0,True,STOP
CASE_00279,CUST_00279,Michelle Todd,15000,ABANDONED,NONE,2,0.94,45,True,ESCALATE_HUMAN
CASE_00280,CUST_00280,Elizabeth Williams,4999,FAILED,NETWORK_ERROR,0,0.54,0,False,RETRY_PAYMENT
CASE_00281,CUST_00281,Renee Aguirre,7999,FAILED,TIMEOUT,2,0.73,10,False,RETRY_PAYMENT
CASE_00282,CUST_00282,Timothy Moore,100000,ABANDONED,NONE,1,0.75,15,True,ESCALATE_HUMAN
CASE_00283,CUST_00283,Ronald Mullen,15000,FAILED,INSUFFICIENT_FUNDS,3,0.42,0,False,STOP
CASE_00284,CUST_00284,James Mayo,999,ABANDONED,NONE,2,0.61,0,True,SEND_PAYMENT_LINK
CASE_00285,CUST_00285,Danny Martinez,499,FAILED,CARD_DECLINED,3,0.23,0,False,STOP
CASE_00286,CUST_00286,Shawna Burke MD,2499,FAILED,INSUFFICIENT_FUNDS,3,0.96,0,False,STOP
CASE_00287,CUST_00287,Gary Browning,50000,FAILED,NETWORK_ERROR,2,0.5,0,False,RETRY_PAYMENT
CASE_00288,CUST_00288,John Gutierrez,25000,FAILED,NETWORK_ERROR,2,0.72,5,False,SEND_PAYMENT_LINK
CASE_00289,CUST_00289,Jennifer Thomas,499,FAILED,NETWORK_ERROR,3,0.93,0,False,STOP
CASE_00290,CUST_00290,Jacob Ramos,4999,FAILED,NETWORK_ERROR,1,1.0,10,False,RETRY_PAYMENT
CASE_00291,CUST_00291,David Hernandez,100000,ABANDONED,NONE,1,0.3,0,True,ESCALATE_HUMAN
CASE_00292,CUST_00292,Matthew Leonard,15000,FAILED,NETWORK_ERROR,0,0.85,15,False,RETRY_PAYMENT
CASE_00293,CUST_00293,Dominique Daniels,75000,FAILED,TIMEOUT,2,0.91,0,False,ESCALATE_HUMAN
CASE_00294,CUST_00294,Adam Crawford,100000,FAILED,INSUFFICIENT_FUNDS,1,0.3,5,False,ESCALATE_HUMAN
CASE_00295,CUST_00295,Sabrina Martinez,1499,FAILED,NETWORK_ERROR,0,0.49,15,False,SEND_PAYMENT_LINK
CASE_00296,CUST_00296,William Cross,15000,FAILED,CARD_DECLINED,0,0.25,20,False,SEND_PAYMENT_LINK
CASE_00297,CUST_00297,Betty Gardner,100000,ABANDONED,NONE,3,0.82,0,True,STOP
CASE_00298,CUST_00298,Vickie Gould,1499,FAILED,TIMEOUT,3,0.57,45,False,STOP
CASE_00299,CUST_00299,Steven Mccoy,7999,FAILED,CARD_DECLINED,1,0.81,0,False,SEND_PAYMENT_LINK
CASE_00300,CUST_00300,Janet Newton,9999,FAILED,TIMEOUT,1,0.44,0,False,SEND_PAYMENT_LINK
CASE_00301,CUST_00301,Denise Jones,7999,FAILED,INSUFFICIENT_FUNDS,2,0.88,10,False,SEND_PAYMENT_LINK
CASE_00302,CUST_00302,Bruce Martinez,2499,FAILED,BANK_ERROR,2,0.69,0,False,RETRY_PAYMENT
CASE_00303,CUST_00303,Donald Burke,1499,FAILED,BANK_ERROR,2,0.87,0,False,RETRY_PAYMENT
CASE_00304,CUST_00304,Carolyn Reyes,499,FAILED,TIMEOUT,2,0.72,20,False,SEND_PAYMENT_LINK
CASE_00305,CUST_00305,Paula Kelly,499,ABANDONED,NONE,2,0.71,10,True,SEND_PAYMENT_LINK
CASE_00306,CUST_00306,Alicia Thornton,15000,FAILED,NETWORK_ERROR,2,0.56,0,False,RETRY_PAYMENT
CASE_00307,CUST_00307,Tamara Fitzgerald,9999,ABANDONED,NONE,3,0.36,0,True,STOP
CASE_00308,CUST_00308,Amy Ryan,7999,FAILED,INSUFFICIENT_FUNDS,3,0.3,15,False,STOP
CASE_00309,CUST_00309,Roger Butler,25000,FAILED,INSUFFICIENT_FUNDS,1,0.57,10,False,SEND_PAYMENT_LINK
CASE_00310,CUST_00310,Duane Taylor,15000,FAILED,BANK_ERROR,0,0.24,20,False,SEND_PAYMENT_LINK
CASE_00311,CUST_00311,Justin Williams,50000,ABANDONED,NONE,1,0.97,0,True,SEND_PAYMENT_LINK
CASE_00312,CUST_00312,Travis Norris,7999,FAILED,BANK_ERROR,1,0.6,45,False,ESCALATE_HUMAN
CASE_00313,CUST_00313,Joshua Williams,15000,ABANDONED,NONE,2,0.6,0,True,SEND_PAYMENT_LINK
CASE_00314,CUST_00314,Benjamin Thomas,9999,ABANDONED,NONE,1,0.37,15,True,SEND_PAYMENT_LINK
CASE_00315,CUST_00315,Jennifer Flores,499,FAILED,INSUFFICIENT_FUNDS,3,0.68,30,False,STOP
CASE_00316,CUST_00316,Alexandra Smith,4999,FAILED,TIMEOUT,3,0.31,10,False,STOP
CASE_00317,CUST_00317,Deborah Robinson,100000,FAILED,NETWORK_ERROR,2,0.24,0,False,ESCALATE_HUMAN
CASE_00318,CUST_00318,Christina Nash,50000,FAILED,INSUFFICIENT_FUNDS,2,0.26,45,False,ESCALATE_HUMAN
CASE_00319,CUST_00319,Benjamin Patterson,15000,FAILED,CARD_DECLINED,0,0.3,0,False,SEND_PAYMENT_LINK
CASE_00320,CUST_00320,David Rodriguez,9999,FAILED,INSUFFICIENT_FUNDS,2,0.8,5,False,SEND_PAYMENT_LINK
CASE_00321,CUST_00321,Anthony Johnson,50000,ABANDONED,NONE,0,0.24,0,True,SEND_PAYMENT_LINK
CASE_00322,CUST_00322,Amanda King,100000,FAILED,NETWORK_ERROR,3,0.32,45,False,STOP
CASE_00323,CUST_00323,Amanda Padilla,1499,FAILED,CARD_DECLINED,2,0.33,10,False,SEND_PAYMENT_LINK
CASE_00324,CUST_00324,Frank Guerrero,50000,FAILED,CARD_DECLINED,3,0.77,10,False,STOP
CASE_00325,CUST_00325,Nicholas Bell,15000,FAILED,INSUFFICIENT_FUNDS,2,0.74,20,False,SEND_PAYMENT_LINK
CASE_00326,CUST_00326,Tina Li,50000,FAILED,TIMEOUT,3,0.41,5,False,STOP
CASE_00327,CUST_00327,Katherine Burns,100000,FAILED,CARD_DECLINED,3,0.34,20,False,STOP
CASE_00328,CUST_00328,Kristina Miller,1499,FAILED,TIMEOUT,0,0.35,30,False,ESCALATE_HUMAN
CASE_00329,CUST_00329,Michelle Jimenez,7999,ABANDONED,NONE,1,0.53,5,True,SEND_PAYMENT_LINK
CASE_00330,CUST_00330,Joseph Fuller,9999,ABANDONED,NONE,0,0.76,45,True,ESCALATE_HUMAN
CASE_00331,CUST_00331,Christopher Cross,2499,FAILED,NETWORK_ERROR,3,0.45,0,False,STOP
CASE_00332,CUST_00332,Dennis Khan,15000,FAILED,CARD_DECLINED,2,0.74,10,False,SEND_PAYMENT_LINK
CASE_00333,CUST_00333,Dana Garcia,50000,ABANDONED,NONE,1,0.97,10,True,SEND_PAYMENT_LINK
CASE_00334,CUST_00334,Joel Frazier,25000,FAILED,BANK_ERROR,2,0.82,5,False,RETRY_PAYMENT
CASE_00335,CUST_00335,Lisa Frank,100000,ABANDONED,NONE,2,0.58,45,True,ESCALATE_HUMAN
CASE_00336,CUST_00336,Kevin Lewis,100000,FAILED,INSUFFICIENT_FUNDS,0,0.66,45,False,ESCALATE_HUMAN
CASE_00337,CUST_00337,Douglas Davis,9999,ABANDONED,NONE,2,0.96,0,True,SEND_PAYMENT_LINK
CASE_00338,CUST_00338,Charles Cole,4999,FAILED,INSUFFICIENT_FUNDS,0,0.48,30,False,ESCALATE_HUMAN
CASE_00339,CUST_00339,April Doyle,75000,FAILED,NETWORK_ERROR,1,0.36,45,False,ESCALATE_HUMAN
CASE_00340,CUST_00340,John Smith,4999,FAILED,BANK_ERROR,0,0.69,5,False,RETRY_PAYMENT
CASE_00341,CUST_00341,Mr. David Smith DDS,75000,FAILED,BANK_ERROR,0,0.28,15,False,ESCALATE_HUMAN
CASE_00342,CUST_00342,Wendy Soto,100000,ABANDONED,NONE,0,0.74,0,True,ESCALATE_HUMAN
CASE_00343,CUST_00343,Kenneth Smith,499,FAILED,NETWORK_ERROR,3,0.58,5,False,STOP
CASE_00344,CUST_00344,Manuel Clark,4999,FAILED,INSUFFICIENT_FUNDS,0,0.93,0,False,SEND_PAYMENT_LINK
CASE_00345,CUST_00345,Travis Sanders,75000,FAILED,CARD_DECLINED,0,0.93,0,False,ESCALATE_HUMAN
CASE_00346,CUST_00346,Christopher Ramirez,9999,FAILED,TIMEOUT,3,0.83,0,False,STOP
CASE_00347,CUST_00347,Jennifer Juarez,100000,FAILED,TIMEOUT,0,0.44,0,False,ESCALATE_HUMAN
CASE_00348,CUST_00348,Natalie Petty,7999,FAILED,NETWORK_ERROR,3,0.91,0,False,STOP
CASE_00349,CUST_00349,Daniel Larsen,25000,ABANDONED,NONE,2,0.35,0,True,SEND_PAYMENT_LINK
CASE_00350,CUST_00350,Allen Smith,7999,FAILED,NETWORK_ERROR,2,0.77,0,False,RETRY_PAYMENT
CASE_00351,CUST_00351,Kristie Barber,100000,FAILED,INSUFFICIENT_FUNDS,1,0.34,20,False,ESCALATE_HUMAN
CASE_00352,CUST_00352,Michael Hernandez,9999,FAILED,TIMEOUT,3,0.74,0,False,STOP
CASE_00353,CUST_00353,Calvin Meyer,1499,ABANDONED,NONE,2,0.95,0,True,SEND_PAYMENT_LINK
CASE_00354,CUST_00354,Peter Evans,4999,ABANDONED,NONE,1,0.56,10,True,SEND_PAYMENT_LINK
CASE_00355,CUST_00355,Dennis Thompson,7999,FAILED,CARD_DECLINED,0,0.41,15,False,SEND_PAYMENT_LINK
CASE_00356,CUST_00356,Elizabeth White,100000,FAILED,TIMEOUT,0,0.57,0,False,ESCALATE_HUMAN
CASE_00357,CUST_00357,Logan Johnson,9999,FAILED,TIMEOUT,2,0.49,5,False,SEND_PAYMENT_LINK
CASE_00358,CUST_00358,Michelle Miller,2499,FAILED,NETWORK_ERROR,1,0.56,15,False,RETRY_PAYMENT
CASE_00359,CUST_00359,Tara Shaw,25000,ABANDONED,NONE,1,0.81,0,True,SEND_PAYMENT_LINK
CASE_00360,CUST_00360,Jonathan Graham DDS,25000,ABANDONED,NONE,2,0.26,0,True,SEND_PAYMENT_LINK
CASE_00361,CUST_00361,Jason Wade,499,FAILED,CARD_DECLINED,1,0.33,45,False,ESCALATE_HUMAN
CASE_00362,CUST_00362,Clayton White,15000,FAILED,BANK_ERROR,3,0.27,45,False,STOP
CASE_00363,CUST_00363,David Webb,15000,FAILED,NETWORK_ERROR,1,0.61,30,False,ESCALATE_HUMAN
CASE_00364,CUST_00364,Charles Walters,50000,FAILED,CARD_DECLINED,3,0.74,10,False,STOP
CASE_00365,CUST_00365,Kristen Sawyer,100000,FAILED,NETWORK_ERROR,2,0.85,5,False,ESCALATE_HUMAN
CASE_00366,CUST_00366,George Long,50000,FAILED,TIMEOUT,3,0.48,0,False,STOP
CASE_00367,CUST_00367,Laurie Brooks,25000,FAILED,TIMEOUT,3,0.23,20,False,STOP
CASE_00368,CUST_00368,Courtney Rivera,1499,FAILED,NETWORK_ERROR,2,0.99,20,False,RETRY_PAYMENT
CASE_00369,CUST_00369,Alicia Tate,15000,ABANDONED,NONE,3,0.26,45,True,STOP
CASE_00370,CUST_00370,Katherine Robbins,1499,FAILED,TIMEOUT,1,0.99,20,False,RETRY_PAYMENT
CASE_00371,CUST_00371,Kimberly Downs,25000,FAILED,BANK_ERROR,0,0.8,10,False,RETRY_PAYMENT
CASE_00372,CUST_00372,Todd Thomas,15000,ABANDONED,NONE,3,0.86,5,True,STOP
CASE_00373,CUST_00373,Christopher Mack,15000,FAILED,BANK_ERROR,2,0.35,0,False,SEND_PAYMENT_LINK
CASE_00374,CUST_00374,Cindy Thomas,499,ABANDONED,NONE,0,0.39,0,True,SEND_PAYMENT_LINK
CASE_00375,CUST_00375,John Jones,999,FAILED,NETWORK_ERROR,0,0.4,0,False,SEND_PAYMENT_LINK
CASE_00376,CUST_00376,Jeanne Campbell,9999,ABANDONED,NONE,1,0.63,0,True,SEND_PAYMENT_LINK
CASE_00377,CUST_00377,Erica Butler,1499,FAILED,BANK_ERROR,2,0.66,15,False,RETRY_PAYMENT
CASE_00378,CUST_00378,Michael Bradley,1499,FAILED,NETWORK_ERROR,2,0.42,45,False,ESCALATE_HUMAN
CASE_00379,CUST_00379,Bethany Chan,50000,FAILED,NETWORK_ERROR,3,0.24,15,False,STOP
CASE_00380,CUST_00380,Jeffrey Wagner,75000,ABANDONED,NONE,2,0.76,20,True,ESCALATE_HUMAN
CASE_00381,CUST_00381,Andrew Brady,1499,FAILED,NETWORK_ERROR,1,0.8,30,False,ESCALATE_HUMAN
CASE_00382,CUST_00382,Anna Davidson,2499,FAILED,INSUFFICIENT_FUNDS,1,0.84,0,False,SEND_PAYMENT_LINK
CASE_00383,CUST_00383,Patricia Sherman,25000,ABANDONED,NONE,3,0.65,0,True,STOP
CASE_00384,CUST_00384,Kimberly Sampson,9999,FAILED,INSUFFICIENT_FUNDS,1,0.46,0,False,SEND_PAYMENT_LINK
CASE_00385,CUST_00385,Jennifer Duran,15000,FAILED,TIMEOUT,1,0.24,20,False,SEND_PAYMENT_LINK
CASE_00386,CUST_00386,Jennifer Bell,75000,FAILED,TIMEOUT,1,0.84,45,False,ESCALATE_HUMAN
CASE_00387,CUST_00387,Frank Cardenas,2499,ABANDONED,NONE,1,0.9,15,True,SEND_PAYMENT_LINK
CASE_00388,CUST_00388,Maureen Ewing,4999,FAILED,BANK_ERROR,1,0.97,0,False,RETRY_PAYMENT
CASE_00389,CUST_00389,Scott Moyer,100000,ABANDONED,NONE,1,0.76,5,True,ESCALATE_HUMAN
CASE_00390,CUST_00390,Jordan Powers Jr.,9999,FAILED,CARD_DECLINED,2,0.82,20,False,SEND_PAYMENT_LINK
CASE_00391,CUST_00391,Thomas Yates,15000,FAILED,INSUFFICIENT_FUNDS,2,0.49,30,False,ESCALATE_HUMAN
CASE_00392,CUST_00392,Robert Chen,15000,FAILED,NETWORK_ERROR,2,0.93,15,False,RETRY_PAYMENT
CASE_00393,CUST_00393,Rachel Barry,7999,ABANDONED,NONE,0,0.65,5,True,SEND_PAYMENT_LINK
CASE_00394,CUST_00394,Jon Pierce,100000,FAILED,TIMEOUT,2,0.64,20,False,ESCALATE_HUMAN
CASE_00395,CUST_00395,Mary Welch,4999,FAILED,BANK_ERROR,2,0.38,5,False,SEND_PAYMENT_LINK
CASE_00396,CUST_00396,Rachael Sims,15000,FAILED,INSUFFICIENT_FUNDS,3,0.97,30,False,STOP
CASE_00397,CUST_00397,Jonathan Jones,15000,FAILED,INSUFFICIENT_FUNDS,1,0.31,45,False,ESCALATE_HUMAN
CASE_00398,CUST_00398,Alexander Zuniga,15000,FAILED,CARD_DECLINED,0,0.62,0,False,SEND_PAYMENT_LINK
CASE_00399,CUST_00399,Lance Brown,75000,FAILED,TIMEOUT,3,0.31,5,False,STOP
CASE_00400,CUST_00400,Anna Robinson,999,FAILED,TIMEOUT,1,0.6,15,False,RETRY_PAYMENT
CASE_00401,CUST_00401,Melissa Richmond,75000,ABANDONED,NONE,3,0.21,45,True,STOP
CASE_00402,CUST_00402,Matthew Shepherd Jr.,25000,ABANDONED,NONE,0,0.21,10,True,SEND_PAYMENT_LINK
CASE_00403,CUST_00403,Maria Burns,25000,FAILED,TIMEOUT,3,0.84,0,False,STOP
CASE_00404,CUST_00404,Mitchell Oliver,999,FAILED,CARD_DECLINED,1,0.39,45,False,ESCALATE_HUMAN
CASE_00405,CUST_00405,Justin Anderson,4999,FAILED,INSUFFICIENT_FUNDS,3,0.26,20,False,STOP
CASE_00406,CUST_00406,James Estrada,15000,FAILED,BANK_ERROR,2,0.75,0,False,RETRY_PAYMENT
CASE_00407,CUST_00407,Tina Cordova,75000,FAILED,TIMEOUT,3,0.5,45,False,STOP
CASE_00408,CUST_00408,Andrew Miller DVM,15000,FAILED,TIMEOUT,1,0.27,20,False,SEND_PAYMENT_LINK
CASE_00409,CUST_00409,Eric Smith,75000,FAILED,CARD_DECLINED,0,0.92,0,False,ESCALATE_HUMAN
CASE_00410,CUST_00410,Richard Freeman,2499,FAILED,CARD_DECLINED,3,0.42,0,False,STOP
CASE_00411,CUST_00411,Andrew Sweeney,75000,FAILED,CARD_DECLINED,0,0.34,15,False,ESCALATE_HUMAN
CASE_00412,CUST_00412,Patrick Garner,499,FAILED,CARD_DECLINED,1,0.8,20,False,SEND_PAYMENT_LINK
CASE_00413,CUST_00413,Eileen Hughes,999,FAILED,BANK_ERROR,1,0.65,20,False,SEND_PAYMENT_LINK
CASE_00414,CUST_00414,Adriana Hardy,25000,FAILED,NETWORK_ERROR,1,0.83,0,False,RETRY_PAYMENT
CASE_00415,CUST_00415,Kiara Stewart,25000,FAILED,TIMEOUT,0,0.55,0,False,RETRY_PAYMENT
CASE_00416,CUST_00416,Sandy Avila,50000,ABANDONED,NONE,2,0.22,10,True,SEND_PAYMENT_LINK
CASE_00417,CUST_00417,Karen Davis,15000,ABANDONED,NONE,1,0.48,20,True,SEND_PAYMENT_LINK
CASE_00418,CUST_00418,Courtney Boyd,9999,FAILED,CARD_DECLINED,3,0.27,10,False,STOP
CASE_00419,CUST_00419,Luke Bradley,2499,FAILED,TIMEOUT,2,0.32,0,False,SEND_PAYMENT_LINK
CASE_00420,CUST_00420,Ricardo Jensen,100000,ABANDONED,NONE,2,0.49,0,True,ESCALATE_HUMAN
CASE_00421,CUST_00421,Scott Hayes,499,FAILED,NETWORK_ERROR,2,0.81,0,False,RETRY_PAYMENT
CASE_00422,CUST_00422,Tara Gutierrez,1499,FAILED,BANK_ERROR,3,0.56,45,False,STOP
CASE_00423,CUST_00423,William Mann,25000,ABANDONED,NONE,0,0.22,15,True,SEND_PAYMENT_LINK
CASE_00424,CUST_00424,Brianna Hood,25000,FAILED,CARD_DECLINED,2,0.89,0,False,SEND_PAYMENT_LINK
CASE_00425,CUST_00425,Barbara Clayton,4999,ABANDONED,NONE,3,0.82,45,True,STOP
CASE_00426,CUST_00426,Henry Foley,2499,FAILED,NETWORK_ERROR,1,0.31,10,False,SEND_PAYMENT_LINK
CASE_00427,CUST_00427,Jason Adams,4999,ABANDONED,NONE,1,0.25,20,True,SEND_PAYMENT_LINK
CASE_00428,CUST_00428,Terrance Washington,4999,ABANDONED,NONE,2,0.59,0,True,SEND_PAYMENT_LINK
CASE_00429,CUST_00429,Lisa Phillips,7999,FAILED,BANK_ERROR,3,0.68,5,False,STOP
CASE_00430,CUST_00430,Ashley Reed,15000,FAILED,BANK_ERROR,2,0.21,20,False,SEND_PAYMENT_LINK
CASE_00431,CUST_00431,Larry Matthews,7999,ABANDONED,NONE,2,0.55,20,True,SEND_PAYMENT_LINK
CASE_00432,CUST_00432,Calvin Hamilton,75000,FAILED,INSUFFICIENT_FUNDS,2,0.68,5,False,ESCALATE_HUMAN
CASE_00433,CUST_00433,Kevin Burns,15000,FAILED,BANK_ERROR,3,0.97,10,False,STOP
CASE_00434,CUST_00434,Joseph White,100000,ABANDONED,NONE,1,0.46,10,True,ESCALATE_HUMAN
CASE_00435,CUST_00435,James Simmons,9999,FAILED,TIMEOUT,1,0.67,45,False,ESCALATE_HUMAN
CASE_00436,CUST_00436,Claudia Cook,1499,FAILED,NETWORK_ERROR,1,0.55,10,False,SEND_PAYMENT_LINK
CASE_00437,CUST_00437,Brian Sanders,999,ABANDONED,NONE,3,0.31,10,True,STOP
CASE_00438,CUST_00438,Kelly Greer,2499,FAILED,BANK_ERROR,3,0.83,0,False,STOP
CASE_00439,CUST_00439,Timothy Duncan,15000,ABANDONED,NONE,3,0.63,20,True,STOP
CASE_00440,CUST_00440,Margaret Warren DVM,25000,FAILED,INSUFFICIENT_FUNDS,0,0.29,5,False,SEND_PAYMENT_LINK
CASE_00441,CUST_00441,Melissa Walker,75000,FAILED,BANK_ERROR,0,0.65,20,False,ESCALATE_HUMAN
CASE_00442,CUST_00442,Jodi Schmidt,7999,ABANDONED,NONE,0,0.21,10,True,SEND_PAYMENT_LINK
CASE_00443,CUST_00443,Sharon White,2499,FAILED,NETWORK_ERROR,2,0.51,45,False,ESCALATE_HUMAN
CASE_00444,CUST_00444,Nicole Holloway,1499,FAILED,TIMEOUT,3,0.28,20,False,STOP
CASE_00445,CUST_00445,Melissa Watson,999,FAILED,BANK_ERROR,2,0.45,30,False,ESCALATE_HUMAN
CASE_00446,CUST_00446,Jennifer Robinson,2499,ABANDONED,NONE,2,0.58,30,True,ESCALATE_HUMAN
CASE_00447,CUST_00447,Debra Jacobs,100000,ABANDONED,NONE,2,0.25,0,True,ESCALATE_HUMAN
CASE_00448,CUST_00448,Paul Clark,100000,FAILED,TIMEOUT,2,0.72,0,False,ESCALATE_HUMAN
CASE_00449,CUST_00449,Brian Brown,100000,FAILED,CARD_DECLINED,1,0.64,15,False,ESCALATE_HUMAN
CASE_00450,CUST_00450,Andrew Crawford,25000,ABANDONED,NONE,3,0.39,20,True,STOP
CASE_00451,CUST_00451,Thomas Taylor,75000,FAILED,BANK_ERROR,3,0.52,5,False,STOP
CASE_00452,CUST_00452,Sarah Cross,15000,ABANDONED,NONE,3,0.2,5,True,STOP
CASE_00453,CUST_00453,Shelby Romero,2499,FAILED,TIMEOUT,0,0.84,45,False,ESCALATE_HUMAN
CASE_00454,CUST_00454,Christine Allen,1499,FAILED,INSUFFICIENT_FUNDS,1,0.57,10,False,SEND_PAYMENT_LINK
CASE_00455,CUST_00455,William Jones,75000,ABANDONED,NONE,2,0.68,20,True,ESCALATE_HUMAN
CASE_00456,CUST_00456,David Fitzgerald,50000,FAILED,INSUFFICIENT_FUNDS,2,0.88,0,False,SEND_PAYMENT_LINK
CASE_00457,CUST_00457,David Watson,100000,FAILED,CARD_DECLINED,0,0.74,15,False,ESCALATE_HUMAN
CASE_00458,CUST_00458,Ronald Mccormick,999,FAILED,INSUFFICIENT_FUNDS,0,0.35,0,False,SEND_PAYMENT_LINK
CASE_00459,CUST_00459,Stephanie Young,25000,ABANDONED,NONE,3,0.68,20,True,STOP
CASE_00460,CUST_00460,David Blair,9999,FAILED,NETWORK_ERROR,1,0.64,30,False,ESCALATE_HUMAN
CASE_00461,CUST_00461,Megan Wright,4999,FAILED,BANK_ERROR,2,0.87,0,False,RETRY_PAYMENT
CASE_00462,CUST_00462,Jennifer Dominguez,7999,FAILED,NETWORK_ERROR,1,0.36,20,False,SEND_PAYMENT_LINK
CASE_00463,CUST_00463,Deborah Williams,25000,ABANDONED,NONE,3,0.75,20,True,STOP
CASE_00464,CUST_00464,David Ramos,100000,ABANDONED,NONE,3,0.33,0,True,STOP
CASE_00465,CUST_00465,Patrick Davis,2499,FAILED,TIMEOUT,2,0.38,10,False,SEND_PAYMENT_LINK
CASE_00466,CUST_00466,Devon Bowman,1499,ABANDONED,NONE,3,0.64,0,True,STOP
CASE_00467,CUST_00467,Jeffery Johnson,50000,FAILED,INSUFFICIENT_FUNDS,2,0.63,0,False,SEND_PAYMENT_LINK
CASE_00468,CUST_00468,Tara English,15000,FAILED,NETWORK_ERROR,0,0.79,5,False,RETRY_PAYMENT
CASE_00469,CUST_00469,Stefanie Rivera,4999,FAILED,NETWORK_ERROR,2,0.48,0,False,SEND_PAYMENT_LINK
CASE_00470,CUST_00470,Sara Walls,15000,FAILED,BANK_ERROR,1,0.85,15,False,RETRY_PAYMENT
CASE_00471,CUST_00471,Clayton Powers,100000,ABANDONED,NONE,1,0.69,5,True,ESCALATE_HUMAN
CASE_00472,CUST_00472,Grace Gonzales,2499,FAILED,CARD_DECLINED,2,0.63,45,False,ESCALATE_HUMAN
CASE_00473,CUST_00473,Justin Cook,1499,FAILED,INSUFFICIENT_FUNDS,2,0.66,45,False,ESCALATE_HUMAN
CASE_00474,CUST_00474,Lisa Russell,75000,FAILED,BANK_ERROR,3,0.94,10,False,STOP
CASE_00475,CUST_00475,Joseph Salinas,75000,FAILED,BANK_ERROR,1,0.32,15,False,ESCALATE_HUMAN
CASE_00476,CUST_00476,Steven Hoover,2499,ABANDONED,NONE,3,0.31,10,True,STOP
CASE_00477,CUST_00477,Andrea Chase,75000,ABANDONED,NONE,3,0.56,0,True,STOP
CASE_00478,CUST_00478,Jacqueline Williams DVM,9999,FAILED,INSUFFICIENT_FUNDS,3,0.96,15,False,STOP
CASE_00479,CUST_00479,Keith Olson,50000,FAILED,TIMEOUT,3,0.71,15,False,STOP
CASE_00480,CUST_00480,Stephen Petersen,999,ABANDONED,NONE,1,0.97,5,True,SEND_PAYMENT_LINK
CASE_00481,CUST_00481,Bridget Simpson,15000,FAILED,INSUFFICIENT_FUNDS,2,0.47,0,False,SEND_PAYMENT_LINK
CASE_00482,CUST_00482,Leslie Freeman,50000,ABANDONED,NONE,2,0.92,0,True,SEND_PAYMENT_LINK
CASE_00483,CUST_00483,Amy Johnson,499,FAILED,NETWORK_ERROR,0,0.3,0,False,SEND_PAYMENT_LINK
CASE_00484,CUST_00484,Scott Lucas,15000,ABANDONED,NONE,0,0.99,20,True,SEND_PAYMENT_LINK
CASE_00485,CUST_00485,Nicholas Chase,2499,FAILED,INSUFFICIENT_FUNDS,1,0.9,10,False,SEND_PAYMENT_LINK
CASE_00486,CUST_00486,Jose Villanueva,999,FAILED,INSUFFICIENT_FUNDS,0,0.5,0,False,SEND_PAYMENT_LINK
CASE_00487,CUST_00487,Paul Mcguire,499,ABANDONED,NONE,2,0.78,5,True,SEND_PAYMENT_LINK
CASE_00488,CUST_00488,Jasmine Collins,9999,FAILED,TIMEOUT,0,0.37,0,False,SEND_PAYMENT_LINK
CASE_00489,CUST_00489,Jeremiah Edwards,1499,FAILED,CARD_DECLINED,3,0.21,15,False,STOP
CASE_00490,CUST_00490,Daniel Peterson,999,ABANDONED,NONE,1,0.58,5,True,SEND_PAYMENT_LINK
CASE_00491,CUST_00491,Matthew Long,9999,FAILED,TIMEOUT,0,0.45,10,False,SEND_PAYMENT_LINK
CASE_00492,CUST_00492,Timothy Miller,1499,ABANDONED,NONE,1,0.71,0,True,SEND_PAYMENT_LINK
CASE_00493,CUST_00493,Ashley Gonzalez,999,FAILED,CARD_DECLINED,1,0.55,5,False,SEND_PAYMENT_LINK
CASE_00494,CUST_00494,Alan Baxter,75000,FAILED,NETWORK_ERROR,3,0.89,0,False,STOP
CASE_00495,CUST_00495,Nicholas Brown,999,FAILED,TIMEOUT,3,0.48,20,False,STOP
CASE_00496,CUST_00496,Maria Lee,7999,FAILED,BANK_ERROR,2,0.72,5,False,RETRY_PAYMENT
CASE_00497,CUST_00497,Megan Cooper,50000,FAILED,TIMEOUT,2,0.36,45,False,ESCALATE_HUMAN
CASE_00498,CUST_00498,Alexandra Meyers,2499,ABANDONED,NONE,2,0.72,5,True,SEND_PAYMENT_LINK
CASE_00499,CUST_00499,Travis Flores,15000,ABANDONED,NONE,0,0.39,0,True,SEND_PAYMENT_LINK
CASE_00500,CUST_00500,Melissa Fields,25000,FAILED,INSUFFICIENT_FUNDS,2,0.31,20,False,SEND_PAYMENT_LINK
CASE_00501,CUST_00501,Joshua Lambert,7999,FAILED,NETWORK_ERROR,0,0.21,0,False,SEND_PAYMENT_LINK
CASE_00502,CUST_00502,Rebecca Vazquez,499,FAILED,BANK_ERROR,0,0.94,20,False,RETRY_PAYMENT
CASE_00503,CUST_00503,Ryan Meyer,25000,FAILED,CARD_DECLINED,3,0.54,20,False,STOP
CASE_00504,CUST_00504,Karen Miles,999,FAILED,INSUFFICIENT_FUNDS,0,0.45,45,False,ESCALATE_HUMAN
CASE_00505,CUST_00505,Christopher Manning,2499,FAILED,CARD_DECLINED,2,0.51,0,False,SEND_PAYMENT_LINK
CASE_00506,CUST_00506,Luis Castillo,4999,ABANDONED,NONE,1,0.25,0,True,SEND_PAYMENT_LINK
CASE_00507,CUST_00507,Eric Simmons,9999,FAILED,NETWORK_ERROR,0,0.45,0,False,SEND_PAYMENT_LINK
CASE_00508,CUST_00508,Thomas Stevens,999,FAILED,BANK_ERROR,0,0.33,15,False,SEND_PAYMENT_LINK
CASE_00509,CUST_00509,Cynthia Powers,25000,FAILED,BANK_ERROR,2,0.3,10,False,SEND_PAYMENT_LINK
CASE_00510,CUST_00510,Mary Graham,100000,FAILED,TIMEOUT,2,0.85,10,False,ESCALATE_HUMAN
CASE_00511,CUST_00511,Adrienne Smith,25000,FAILED,INSUFFICIENT_FUNDS,0,0.6,45,False,ESCALATE_HUMAN
CASE_00512,CUST_00512,Charles Ortiz,7999,FAILED,NETWORK_ERROR,1,0.49,10,False,SEND_PAYMENT_LINK
CASE_00513,CUST_00513,Joseph Williams,999,FAILED,BANK_ERROR,0,0.24,0,False,SEND_PAYMENT_LINK
CASE_00514,CUST_00514,David Matthews,2499,FAILED,NETWORK_ERROR,2,0.51,0,False,RETRY_PAYMENT
CASE_00515,CUST_00515,Leslie Smith,499,ABANDONED,NONE,1,0.46,20,True,SEND_PAYMENT_LINK
CASE_00516,CUST_00516,Colleen Wright,100000,FAILED,INSUFFICIENT_FUNDS,0,0.66,0,False,ESCALATE_HUMAN
CASE_00517,CUST_00517,Victor May,25000,FAILED,BANK_ERROR,1,0.84,0,False,RETRY_PAYMENT
CASE_00518,CUST_00518,Mr. Eric Snyder III,9999,FAILED,NETWORK_ERROR,2,0.82,10,False,RETRY_PAYMENT
CASE_00519,CUST_00519,Marie Spencer,7999,FAILED,CARD_DECLINED,3,0.21,5,False,STOP
CASE_00520,CUST_00520,Ryan Brady Jr.,4999,FAILED,CARD_DECLINED,1,0.57,30,False,ESCALATE_HUMAN
CASE_00521,CUST_00521,Joel Anderson,2499,FAILED,BANK_ERROR,0,0.95,0,False,RETRY_PAYMENT
CASE_00522,CUST_00522,Dr. James Flowers MD,2499,FAILED,TIMEOUT,2,0.2,20,False,SEND_PAYMENT_LINK
CASE_00523,CUST_00523,Mark Tucker,100000,FAILED,TIMEOUT,1,0.62,5,False,ESCALATE_HUMAN
CASE_00524,CUST_00524,Adam Livingston,9999,ABANDONED,NONE,0,0.98,0,True,SEND_PAYMENT_LINK
CASE_00525,CUST_00525,Melissa Brown,100000,FAILED,TIMEOUT,0,0.94,45,False,ESCALATE_HUMAN
CASE_00526,CUST_00526,David Wright,9999,FAILED,NETWORK_ERROR,0,0.66,45,False,ESCALATE_HUMAN
CASE_00527,CUST_00527,Michael Miller,1499,ABANDONED,NONE,0,0.67,0,True,SEND_PAYMENT_LINK
CASE_00528,CUST_00528,Ashley Howard,9999,FAILED,BANK_ERROR,2,0.41,15,False,SEND_PAYMENT_LINK
CASE_00529,CUST_00529,Jason Martinez,9999,FAILED,INSUFFICIENT_FUNDS,3,0.42,0,False,STOP
CASE_00530,CUST_00530,Jason Neal,2499,FAILED,CARD_DECLINED,0,0.32,0,False,SEND_PAYMENT_LINK
CASE_00531,CUST_00531,Steve Martinez,15000,ABANDONED,NONE,2,0.53,45,True,ESCALATE_HUMAN
CASE_00532,CUST_00532,Haley Martin,7999,FAILED,NETWORK_ERROR,2,0.57,0,False,RETRY_PAYMENT
CASE_00533,CUST_00533,Curtis Brady,75000,FAILED,CARD_DECLINED,0,0.37,15,False,ESCALATE_HUMAN
CASE_00534,CUST_00534,Miranda Swanson,1499,FAILED,BANK_ERROR,2,0.52,0,False,SEND_PAYMENT_LINK
CASE_00535,CUST_00535,Christian Preston,4999,FAILED,TIMEOUT,3,0.88,45,False,STOP
CASE_00536,CUST_00536,Lori Hunt,100000,FAILED,TIMEOUT,3,0.28,0,False,STOP
CASE_00537,CUST_00537,Mr. Richard Thompson PhD,999,FAILED,TIMEOUT,1,0.3,20,False,SEND_PAYMENT_LINK
CASE_00538,CUST_00538,Courtney Gibson,7999,FAILED,CARD_DECLINED,2,0.93,0,False,SEND_PAYMENT_LINK
CASE_00539,CUST_00539,Jasmine Bates,499,FAILED,BANK_ERROR,3,0.85,0,False,STOP
CASE_00540,CUST_00540,Drew Crawford,7999,FAILED,TIMEOUT,3,0.24,20,False,STOP
CASE_00541,CUST_00541,Sharon Howard,100000,ABANDONED,NONE,3,0.22,20,True,STOP
CASE_00542,CUST_00542,Michael Edwards,1499,FAILED,BANK_ERROR,1,0.42,30,False,ESCALATE_HUMAN
CASE_00543,CUST_00543,Adam Evans,1499,FAILED,CARD_DECLINED,1,0.72,30,False,ESCALATE_HUMAN
CASE_00544,CUST_00544,Joshua Warren,9999,ABANDONED,NONE,0,0.27,20,True,SEND_PAYMENT_LINK
CASE_00545,CUST_00545,Jennifer Shannon,1499,ABANDONED,NONE,1,0.71,45,True,ESCALATE_HUMAN
CASE_00546,CUST_00546,Timothy French,2499,FAILED,NETWORK_ERROR,2,0.58,30,False,ESCALATE_HUMAN
CASE_00547,CUST_00547,Pamela Lutz,7999,FAILED,NETWORK_ERROR,2,0.34,15,False,SEND_PAYMENT_LINK
CASE_00548,CUST_00548,Joshua Schwartz,50000,FAILED,TIMEOUT,2,0.25,30,False,ESCALATE_HUMAN
CASE_00549,CUST_00549,Allison Miller,25000,FAILED,CARD_DECLINED,1,0.98,0,False,SEND_PAYMENT_LINK
CASE_00550,CUST_00550,Danielle Murphy,2499,FAILED,INSUFFICIENT_FUNDS,0,0.81,5,False,SEND_PAYMENT_LINK
CASE_00551,CUST_00551,Darlene Black,50000,ABANDONED,NONE,2,0.95,0,True,SEND_PAYMENT_LINK
CASE_00552,CUST_00552,Jeffrey Stewart,1499,FAILED,CARD_DECLINED,2,0.84,15,False,SEND_PAYMENT_LINK
CASE_00553,CUST_00553,Matthew Hendricks,50000,FAILED,INSUFFICIENT_FUNDS,1,0.65,5,False,SEND_PAYMENT_LINK
CASE_00554,CUST_00554,Alicia Lara,15000,FAILED,BANK_ERROR,3,0.23,0,False,STOP
CASE_00555,CUST_00555,Steven Dawson PhD,2499,FAILED,TIMEOUT,3,0.2,5,False,STOP
CASE_00556,CUST_00556,Eric Rhodes,1499,FAILED,BANK_ERROR,2,0.25,0,False,SEND_PAYMENT_LINK
CASE_00557,CUST_00557,Andrew Jordan,50000,FAILED,TIMEOUT,2,0.97,15,False,RETRY_PAYMENT
CASE_00558,CUST_00558,Jennifer Rios,100000,ABANDONED,NONE,0,0.47,15,True,ESCALATE_HUMAN
CASE_00559,CUST_00559,Ashley Smith,1499,FAILED,NETWORK_ERROR,3,0.72,0,False,STOP
CASE_00560,CUST_00560,Amanda Levy,100000,FAILED,BANK_ERROR,1,0.5,10,False,ESCALATE_HUMAN
CASE_00561,CUST_00561,Becky Phillips,1499,FAILED,TIMEOUT,3,0.88,0,False,STOP
CASE_00562,CUST_00562,Robert Fletcher,1499,FAILED,CARD_DECLINED,1,0.71,0,False,SEND_PAYMENT_LINK
CASE_00563,CUST_00563,Amanda Stewart,15000,FAILED,INSUFFICIENT_FUNDS,0,0.39,15,False,SEND_PAYMENT_LINK
CASE_00564,CUST_00564,Kimberly Johnson,1499,FAILED,INSUFFICIENT_FUNDS,3,0.21,5,False,STOP
CASE_00565,CUST_00565,Joseph Ortiz,2499,FAILED,INSUFFICIENT_FUNDS,2,0.83,0,False,SEND_PAYMENT_LINK
CASE_00566,CUST_00566,Heather Nixon,499,ABANDONED,NONE,3,0.79,0,True,STOP
CASE_00567,CUST_00567,Leslie Hammond,9999,ABANDONED,NONE,3,0.48,20,True,STOP
CASE_00568,CUST_00568,Melissa Collins,999,ABANDONED,NONE,1,0.33,0,True,SEND_PAYMENT_LINK
CASE_00569,CUST_00569,Scott Fritz,499,FAILED,TIMEOUT,2,0.41,0,False,SEND_PAYMENT_LINK
CASE_00570,CUST_00570,Sandra Jordan,999,FAILED,BANK_ERROR,3,0.33,0,False,STOP
CASE_00571,CUST_00571,Mark Gonzalez,25000,FAILED,INSUFFICIENT_FUNDS,3,0.76,20,False,STOP
CASE_00572,CUST_00572,Heather Clark,75000,FAILED,CARD_DECLINED,3,0.33,0,False,STOP
CASE_00573,CUST_00573,Brian Morris,7999,FAILED,BANK_ERROR,3,0.76,45,False,STOP
CASE_00574,CUST_00574,Paul Beltran,4999,FAILED,INSUFFICIENT_FUNDS,1,0.28,20,False,SEND_PAYMENT_LINK
CASE_00575,CUST_00575,Bethany Riley,50000,ABANDONED,NONE,1,0.24,0,True,SEND_PAYMENT_LINK
CASE_00576,CUST_00576,Hunter Villegas,9999,FAILED,INSUFFICIENT_FUNDS,3,0.36,0,False,STOP
CASE_00577,CUST_00577,Jennifer Miller,2499,FAILED,INSUFFICIENT_FUNDS,0,0.58,0,False,SEND_PAYMENT_LINK
CASE_00578,CUST_00578,Dave Sullivan,4999,ABANDONED,NONE,3,0.59,10,True,STOP
CASE_00579,CUST_00579,David Bell,999,ABANDONED,NONE,1,0.5,20,True,SEND_PAYMENT_LINK
CASE_00580,CUST_00580,Sandra Williams,7999,FAILED,NETWORK_ERROR,0,0.41,30,False,ESCALATE_HUMAN
CASE_00581,CUST_00581,Haley Maddox,4999,FAILED,INSUFFICIENT_FUNDS,0,0.32,0,False,SEND_PAYMENT_LINK
CASE_00582,CUST_00582,Adam Mack,999,FAILED,CARD_DECLINED,3,0.98,5,False,STOP
CASE_00583,CUST_00583,Terry Rush,25000,FAILED,NETWORK_ERROR,3,0.97,30,False,STOP
CASE_00584,CUST_00584,Jessica Quinn,50000,FAILED,NETWORK_ERROR,2,0.26,0,False,SEND_PAYMENT_LINK
CASE_00585,CUST_00585,Timothy Bush,25000,FAILED,TIMEOUT,3,0.34,0,False,STOP
CASE_00586,CUST_00586,Matthew Thompson,2499,FAILED,BANK_ERROR,0,0.54,20,False,RETRY_PAYMENT
CASE_00587,CUST_00587,Brandy Chen,75000,FAILED,CARD_DECLINED,2,0.46,0,False,ESCALATE_HUMAN
CASE_00588,CUST_00588,John Hays,999,ABANDONED,NONE,3,0.64,10,True,STOP
CASE_00589,CUST_00589,Ricky Phillips,25000,ABANDONED,NONE,0,0.83,45,True,ESCALATE_HUMAN
CASE_00590,CUST_00590,Micheal Parker,9999,FAILED,NETWORK_ERROR,1,0.32,0,False,SEND_PAYMENT_LINK
CASE_00591,CUST_00591,James Tapia,999,FAILED,INSUFFICIENT_FUNDS,2,0.9,10,False,SEND_PAYMENT_LINK
CASE_00592,CUST_00592,Jason Singleton,9999,ABANDONED,NONE,3,0.23,10,True,STOP
CASE_00593,CUST_00593,Brian Gibson,9999,FAILED,CARD_DECLINED,3,0.23,15,False,STOP
CASE_00594,CUST_00594,Matthew Diaz,100000,FAILED,TIMEOUT,3,0.94,15,False,STOP
CASE_00595,CUST_00595,Johnny Hinton,499,FAILED,INSUFFICIENT_FUNDS,2,0.42,30,False,ESCALATE_HUMAN
CASE_00596,CUST_00596,Lisa Kim,100000,FAILED,BANK_ERROR,1,0.44,30,False,ESCALATE_HUMAN
CASE_00597,CUST_00597,Cassandra Thompson,7999,FAILED,NETWORK_ERROR,0,0.35,5,False,SEND_PAYMENT_LINK
CASE_00598,CUST_00598,Rhonda Jackson,9999,ABANDONED,NONE,2,0.86,45,True,ESCALATE_HUMAN
CASE_00599,CUST_00599,David Franklin,1499,FAILED,INSUFFICIENT_FUNDS,3,0.31,45,False,STOP
CASE_00600,CUST_00600,Tommy Thomas,50000,FAILED,BANK_ERROR,1,0.9,5,False,RETRY_PAYMENT
CASE_00601,CUST_00601,Katie Harris,499,FAILED,TIMEOUT,3,0.24,15,False,STOP
CASE_00602,CUST_00602,Jason Villa,100000,FAILED,INSUFFICIENT_FUNDS,2,0.86,45,False,ESCALATE_HUMAN
CASE_00603,CUST_00603,Paul Andrews,9999,FAILED,TIMEOUT,1,0.5,30,False,ESCALATE_HUMAN
CASE_00604,CUST_00604,Christopher Morse,1499,ABANDONED,NONE,2,0.48,10,True,SEND_PAYMENT_LINK
CASE_00605,CUST_00605,Kimberly Mayo,100000,FAILED,INSUFFICIENT_FUNDS,0,0.51,0,False,ESCALATE_HUMAN
CASE_00606,CUST_00606,Catherine Donaldson,50000,FAILED,BANK_ERROR,1,0.74,10,False,SEND_PAYMENT_LINK
CASE_00607,CUST_00607,Dr. Kimberly Lambert,25000,FAILED,TIMEOUT,3,0.93,0,False,STOP
CASE_00608,CUST_00608,Spencer Jordan,50000,FAILED,BANK_ERROR,2,0.69,10,False,SEND_PAYMENT_LINK
CASE_00609,CUST_00609,Susan Gonzalez,100000,FAILED,NETWORK_ERROR,3,0.88,30,False,STOP
CASE_00610,CUST_00610,Kara Martinez,4999,FAILED,NETWORK_ERROR,2,0.74,20,False,RETRY_PAYMENT
CASE_00611,CUST_00611,Nicole Dunn,499,FAILED,CARD_DECLINED,2,0.44,0,False,SEND_PAYMENT_LINK
CASE_00612,CUST_00612,Wayne Mcmahon,15000,FAILED,INSUFFICIENT_FUNDS,2,0.71,10,False,SEND_PAYMENT_LINK
CASE_00613,CUST_00613,Charles Wilcox,4999,FAILED,BANK_ERROR,1,0.61,5,False,SEND_PAYMENT_LINK
CASE_00614,CUST_00614,James Rodriguez,50000,ABANDONED,NONE,2,0.74,0,True,SEND_PAYMENT_LINK
CASE_00615,CUST_00615,Ryan Cox,75000,ABANDONED,NONE,2,0.41,20,True,ESCALATE_HUMAN
CASE_00616,CUST_00616,Stacey Knight,9999,ABANDONED,NONE,0,0.67,5,True,SEND_PAYMENT_LINK
CASE_00617,CUST_00617,Maria Bryant,7999,FAILED,CARD_DECLINED,3,0.93,15,False,STOP
CASE_00618,CUST_00618,Robert Nelson,25000,FAILED,BANK_ERROR,1,0.44,30,False,ESCALATE_HUMAN
CASE_00619,CUST_00619,Jordan Wright,1499,FAILED,CARD_DECLINED,1,0.96,15,False,SEND_PAYMENT_LINK
CASE_00620,CUST_00620,Mike Hancock,75000,FAILED,BANK_ERROR,2,0.38,10,False,ESCALATE_HUMAN
CASE_00621,CUST_00621,George West MD,9999,FAILED,INSUFFICIENT_FUNDS,2,0.67,30,False,ESCALATE_HUMAN
CASE_00622,CUST_00622,Sean Cummings,999,ABANDONED,NONE,0,0.89,0,True,SEND_PAYMENT_LINK
CASE_00623,CUST_00623,Mr. John Rangel,15000,FAILED,CARD_DECLINED,0,0.89,20,False,SEND_PAYMENT_LINK
CASE_00624,CUST_00624,Tiffany Wilson,25000,FAILED,NETWORK_ERROR,0,0.9,0,False,RETRY_PAYMENT
CASE_00625,CUST_00625,Julia Nelson,1499,FAILED,INSUFFICIENT_FUNDS,3,0.99,30,False,STOP
CASE_00626,CUST_00626,Melissa Carter,1499,FAILED,BANK_ERROR,0,0.59,0,False,RETRY_PAYMENT
CASE_00627,CUST_00627,Lisa Cooke,499,FAILED,NETWORK_ERROR,2,0.37,0,False,SEND_PAYMENT_LINK
CASE_00628,CUST_00628,Jennifer Tran,50000,FAILED,NETWORK_ERROR,0,0.3,20,False,SEND_PAYMENT_LINK
CASE_00629,CUST_00629,Brooke Villegas,75000,ABANDONED,NONE,3,0.54,30,True,STOP
CASE_00630,CUST_00630,Amanda Peters,9999,FAILED,TIMEOUT,1,0.78,0,False,RETRY_PAYMENT
CASE_00631,CUST_00631,Tina Hansen,7999,FAILED,TIMEOUT,0,0.7,5,False,RETRY_PAYMENT
CASE_00632,CUST_00632,Joanna Price,7999,FAILED,BANK_ERROR,0,0.51,10,False,RETRY_PAYMENT
CASE_00633,CUST_00633,Mary Martinez,499,FAILED,INSUFFICIENT_FUNDS,3,0.78,45,False,STOP
CASE_00634,CUST_00634,Ryan Thompson,7999,ABANDONED,NONE,1,0.47,30,True,ESCALATE_HUMAN
CASE_00635,CUST_00635,Brian Lane,7999,FAILED,BANK_ERROR,3,0.22,5,False,STOP
CASE_00636,CUST_00636,Aaron Ball,100000,FAILED,BANK_ERROR,0,0.67,0,False,ESCALATE_HUMAN
CASE_00637,CUST_00637,Cathy Williams,999,FAILED,TIMEOUT,3,0.9,10,False,STOP
CASE_00638,CUST_00638,Mr. Chad Howell MD,25000,FAILED,CARD_DECLINED,0,0.73,0,False,SEND_PAYMENT_LINK
CASE_00639,CUST_00639,Jessica Rodriguez,499,FAILED,NETWORK_ERROR,3,0.5,45,False,STOP
CASE_00640,CUST_00640,Hailey Jackson MD,4999,ABANDONED,NONE,1,0.36,0,True,SEND_PAYMENT_LINK
CASE_00641,CUST_00641,Brandon Gardner,4999,ABANDONED,NONE,0,0.73,10,True,SEND_PAYMENT_LINK
CASE_00642,CUST_00642,Donald Griffin,50000,FAILED,NETWORK_ERROR,0,0.61,0,False,RETRY_PAYMENT
CASE_00643,CUST_00643,Colleen Erickson,999,ABANDONED,NONE,1,0.69,10,True,SEND_PAYMENT_LINK
CASE_00644,CUST_00644,Melanie Chapman,25000,FAILED,INSUFFICIENT_FUNDS,3,0.44,0,False,STOP
CASE_00645,CUST_00645,Patricia Le,25000,ABANDONED,NONE,1,0.75,30,True,ESCALATE_HUMAN
CASE_00646,CUST_00646,Marie Wong,7999,FAILED,TIMEOUT,0,0.74,0,False,SEND_PAYMENT_LINK
CASE_00647,CUST_00647,Wendy Giles,75000,ABANDONED,NONE,1,0.96,45,True,ESCALATE_HUMAN
CASE_00648,CUST_00648,Daniel Garcia,999,FAILED,INSUFFICIENT_FUNDS,1,0.57,10,False,SEND_PAYMENT_LINK
CASE_00649,CUST_00649,David Rowe,4999,ABANDONED,NONE,0,0.28,0,True,SEND_PAYMENT_LINK
CASE_00650,CUST_00650,Scott Walker,499,FAILED,INSUFFICIENT_FUNDS,2,0.54,0,False,SEND_PAYMENT_LINK
CASE_00651,CUST_00651,Mary Welch,999,FAILED,TIMEOUT,1,0.73,0,False,RETRY_PAYMENT
CASE_00652,CUST_00652,Peter Bowen,15000,FAILED,TIMEOUT,2,0.85,0,False,RETRY_PAYMENT
CASE_00653,CUST_00653,Daniel Levine,999,ABANDONED,NONE,3,0.97,10,True,STOP
CASE_00654,CUST_00654,Michael Bishop,9999,ABANDONED,NONE,3,0.72,0,True,STOP
CASE_00655,CUST_00655,Richard Palmer,999,FAILED,TIMEOUT,1,0.28,30,False,ESCALATE_HUMAN
CASE_00656,CUST_00656,Justin Simon,50000,ABANDONED,NONE,1,0.69,15,True,SEND_PAYMENT_LINK
CASE_00657,CUST_00657,Dawn Walter,50000,FAILED,BANK_ERROR,3,0.94,0,False,STOP
CASE_00658,CUST_00658,Edward Burch,9999,ABANDONED,NONE,0,0.25,15,True,SEND_PAYMENT_LINK
CASE_00659,CUST_00659,Michael Page,499,FAILED,INSUFFICIENT_FUNDS,0,0.55,5,False,SEND_PAYMENT_LINK
CASE_00660,CUST_00660,Joshua Wolfe,15000,FAILED,NETWORK_ERROR,1,0.87,45,False,ESCALATE_HUMAN
CASE_00661,CUST_00661,Matthew Morgan,50000,FAILED,TIMEOUT,1,0.6,30,False,ESCALATE_HUMAN
CASE_00662,CUST_00662,Mark Burgess,15000,FAILED,TIMEOUT,3,0.46,15,False,STOP
CASE_00663,CUST_00663,Roger Carter,4999,FAILED,CARD_DECLINED,1,0.64,20,False,SEND_PAYMENT_LINK
CASE_00664,CUST_00664,Cheryl Davis,9999,FAILED,TIMEOUT,3,0.56,30,False,STOP
CASE_00665,CUST_00665,Nathan Booth,999,ABANDONED,NONE,3,0.45,30,True,STOP
CASE_00666,CUST_00666,Richard Newton,100000,FAILED,TIMEOUT,3,0.53,45,False,STOP
CASE_00667,CUST_00667,Denise Edwards,25000,FAILED,TIMEOUT,2,0.91,45,False,ESCALATE_HUMAN
CASE_00668,CUST_00668,Anne King MD,2499,ABANDONED,NONE,2,0.49,0,True,SEND_PAYMENT_LINK
CASE_00669,CUST_00669,Kathryn Lawrence,2499,ABANDONED,NONE,2,0.65,30,True,ESCALATE_HUMAN
CASE_00670,CUST_00670,Thomas Ramirez,100000,FAILED,NETWORK_ERROR,0,0.28,5,False,ESCALATE_HUMAN
CASE_00671,CUST_00671,John Patton,499,FAILED,INSUFFICIENT_FUNDS,2,0.64,15,False,SEND_PAYMENT_LINK
CASE_00672,CUST_00672,Christian Matthews,100000,FAILED,TIMEOUT,1,0.59,20,False,ESCALATE_HUMAN
CASE_00673,CUST_00673,Kristen Clark,999,FAILED,CARD_DECLINED,1,0.35,20,False,SEND_PAYMENT_LINK
CASE_00674,CUST_00674,Richard Conway,2499,ABANDONED,NONE,1,0.77,0,True,SEND_PAYMENT_LINK
CASE_00675,CUST_00675,Hayley Pearson,9999,FAILED,CARD_DECLINED,0,0.82,30,False,ESCALATE_HUMAN
CASE_00676,CUST_00676,Jason Leblanc,15000,FAILED,NETWORK_ERROR,0,0.62,0,False,RETRY_PAYMENT
CASE_00677,CUST_00677,Daisy Hunter,9999,ABANDONED,NONE,1,0.75,0,True,SEND_PAYMENT_LINK
CASE_00678,CUST_00678,Denise Graham,100000,FAILED,TIMEOUT,3,0.73,15,False,STOP
CASE_00679,CUST_00679,Tonya Mccarthy,25000,ABANDONED,NONE,3,0.98,5,True,STOP
CASE_00680,CUST_00680,Christopher Peters,4999,ABANDONED,NONE,2,0.98,30,True,ESCALATE_HUMAN
CASE_00681,CUST_00681,Jared Wilson,1499,FAILED,NETWORK_ERROR,2,0.87,45,False,ESCALATE_HUMAN
CASE_00682,CUST_00682,Jordan Matthews,7999,FAILED,BANK_ERROR,1,0.7,10,False,SEND_PAYMENT_LINK
CASE_00683,CUST_00683,Benjamin Williams,75000,FAILED,BANK_ERROR,2,0.77,15,False,ESCALATE_HUMAN
CASE_00684,CUST_00684,Scott Paul,25000,ABANDONED,NONE,3,0.74,45,True,STOP
CASE_00685,CUST_00685,Melissa Graham,4999,ABANDONED,NONE,0,0.62,0,True,SEND_PAYMENT_LINK
CASE_00686,CUST_00686,Carlos Liu,9999,FAILED,TIMEOUT,0,0.36,0,False,SEND_PAYMENT_LINK
CASE_00687,CUST_00687,Laura Hatfield,4999,FAILED,BANK_ERROR,0,0.75,10,False,RETRY_PAYMENT
CASE_00688,CUST_00688,Kathryn Nelson,2499,FAILED,INSUFFICIENT_FUNDS,3,0.28,45,False,STOP
CASE_00689,CUST_00689,Bryan Knapp,2499,ABANDONED,NONE,1,0.61,10,True,SEND_PAYMENT_LINK
CASE_00690,CUST_00690,Maurice Conner,100000,FAILED,NETWORK_ERROR,3,0.53,15,False,STOP
CASE_00691,CUST_00691,Darius Clayton,25000,FAILED,TIMEOUT,2,0.36,30,False,ESCALATE_HUMAN
CASE_00692,CUST_00692,Jeremy Duncan,2499,FAILED,CARD_DECLINED,1,0.82,5,False,SEND_PAYMENT_LINK
CASE_00693,CUST_00693,Paul Martinez,4999,ABANDONED,NONE,1,0.99,0,True,SEND_PAYMENT_LINK
CASE_00694,CUST_00694,Laura Bond,1499,FAILED,CARD_DECLINED,0,0.5,20,False,SEND_PAYMENT_LINK
CASE_00695,CUST_00695,Amy Bailey,4999,FAILED,BANK_ERROR,1,0.67,10,False,RETRY_PAYMENT
CASE_00696,CUST_00696,Cameron Barnes,15000,FAILED,TIMEOUT,1,0.94,0,False,RETRY_PAYMENT
CASE_00697,CUST_00697,Jamie Pierce,75000,FAILED,NETWORK_ERROR,2,0.26,15,False,ESCALATE_HUMAN
CASE_00698,CUST_00698,Jamie Francis,25000,FAILED,BANK_ERROR,0,0.83,0,False,RETRY_PAYMENT
CASE_00699,CUST_00699,Megan Roberts,9999,ABANDONED,NONE,0,0.48,5,True,SEND_PAYMENT_LINK
CASE_00700,CUST_00700,Joshua Martin,75000,FAILED,INSUFFICIENT_FUNDS,2,0.43,45,False,ESCALATE_HUMAN
CASE_00701,CUST_00701,Julia Garrett DDS,15000,FAILED,TIMEOUT,2,0.56,5,False,SEND_PAYMENT_LINK
CASE_00702,CUST_00702,Mitchell Turner,75000,FAILED,NETWORK_ERROR,0,0.51,45,False,ESCALATE_HUMAN
CASE_00703,CUST_00703,David Anderson,100000,FAILED,TIMEOUT,2,0.61,45,False,ESCALATE_HUMAN
CASE_00704,CUST_00704,Mary Freeman,15000,ABANDONED,NONE,0,0.44,5,True,SEND_PAYMENT_LINK
CASE_00705,CUST_00705,Rhonda Mullins,7999,FAILED,TIMEOUT,1,0.98,45,False,ESCALATE_HUMAN
CASE_00706,CUST_00706,Frank Lewis,25000,FAILED,TIMEOUT,1,0.74,5,False,SEND_PAYMENT_LINK
CASE_00707,CUST_00707,Sandra Graham,9999,FAILED,BANK_ERROR,3,0.72,0,False,STOP
CASE_00708,CUST_00708,Connie Sims,100000,FAILED,TIMEOUT,3,0.77,0,False,STOP
CASE_00709,CUST_00709,Thomas Mayo,999,FAILED,TIMEOUT,1,0.84,45,False,ESCALATE_HUMAN
CASE_00710,CUST_00710,Donna Castro,999,FAILED,INSUFFICIENT_FUNDS,3,0.51,20,False,STOP
CASE_00711,CUST_00711,Justin Ramirez,9999,FAILED,TIMEOUT,3,0.74,45,False,STOP
CASE_00712,CUST_00712,Veronica Lowe,499,FAILED,CARD_DECLINED,0,0.76,0,False,SEND_PAYMENT_LINK
CASE_00713,CUST_00713,Arthur Martinez,7999,FAILED,INSUFFICIENT_FUNDS,2,0.69,10,False,SEND_PAYMENT_LINK
CASE_00714,CUST_00714,Curtis Guerrero,15000,ABANDONED,NONE,3,0.86,0,True,STOP
CASE_00715,CUST_00715,Jessica Parrish,15000,FAILED,CARD_DECLINED,1,0.31,20,False,SEND_PAYMENT_LINK
CASE_00716,CUST_00716,Diana Parsons,25000,FAILED,BANK_ERROR,2,0.74,15,False,SEND_PAYMENT_LINK
CASE_00717,CUST_00717,Darius Walker,499,FAILED,TIMEOUT,0,0.2,20,False,SEND_PAYMENT_LINK
CASE_00718,CUST_00718,Nancy Rhodes,25000,FAILED,INSUFFICIENT_FUNDS,1,0.8,15,False,SEND_PAYMENT_LINK
CASE_00719,CUST_00719,Brandon Oneill,2499,ABANDONED,NONE,1,0.33,5,True,SEND_PAYMENT_LINK
CASE_00720,CUST_00720,Lisa Reyes,50000,FAILED,BANK_ERROR,0,0.35,0,False,SEND_PAYMENT_LINK
CASE_00721,CUST_00721,Jennifer Edwards,25000,ABANDONED,NONE,0,0.43,0,True,SEND_PAYMENT_LINK
CASE_00722,CUST_00722,Amy Lopez,4999,FAILED,BANK_ERROR,3,0.96,15,False,STOP
CASE_00723,CUST_00723,Teresa Gonzalez,1499,FAILED,TIMEOUT,2,0.7,5,False,RETRY_PAYMENT
CASE_00724,CUST_00724,Sara Hill,15000,FAILED,CARD_DECLINED,2,0.75,0,False,SEND_PAYMENT_LINK
CASE_00725,CUST_00725,Richard Moody MD,50000,FAILED,INSUFFICIENT_FUNDS,3,0.33,15,False,STOP
CASE_00726,CUST_00726,Jacqueline Bell,2499,FAILED,NETWORK_ERROR,2,0.87,0,False,RETRY_PAYMENT
CASE_00727,CUST_00727,Melissa Moore,75000,FAILED,NETWORK_ERROR,3,0.56,10,False,STOP
CASE_00728,CUST_00728,Jason Scott,15000,FAILED,BANK_ERROR,0,0.87,0,False,RETRY_PAYMENT
CASE_00729,CUST_00729,William Young,25000,FAILED,INSUFFICIENT_FUNDS,0,0.78,0,False,SEND_PAYMENT_LINK
CASE_00730,CUST_00730,Monique Rios,25000,FAILED,CARD_DECLINED,3,0.82,5,False,STOP
CASE_00731,CUST_00731,Kathleen Anderson,499,FAILED,CARD_DECLINED,3,0.72,0,False,STOP
CASE_00732,CUST_00732,Patrick Sanchez,7999,ABANDONED,NONE,1,0.91,10,True,SEND_PAYMENT_LINK
CASE_00733,CUST_00733,David Kelley,1499,ABANDONED,NONE,0,0.52,45,True,ESCALATE_HUMAN
CASE_00734,CUST_00734,Michelle Mays,499,FAILED,CARD_DECLINED,1,0.81,0,False,SEND_PAYMENT_LINK
CASE_00735,CUST_00735,David Rowe,15000,FAILED,BANK_ERROR,1,0.79,30,False,ESCALATE_HUMAN
CASE_00736,CUST_00736,Kimberly Bailey,7999,FAILED,BANK_ERROR,3,0.39,10,False,STOP
CASE_00737,CUST_00737,Matthew Dominguez,7999,FAILED,TIMEOUT,1,0.61,15,False,RETRY_PAYMENT
CASE_00738,CUST_00738,Debra Rodriguez,15000,FAILED,TIMEOUT,2,0.28,45,False,ESCALATE_HUMAN
CASE_00739,CUST_00739,Amber Franklin,75000,FAILED,INSUFFICIENT_FUNDS,1,0.5,20,False,ESCALATE_HUMAN
CASE_00740,CUST_00740,Richard Scott,7999,FAILED,CARD_DECLINED,2,0.5,5,False,SEND_PAYMENT_LINK
CASE_00741,CUST_00741,Kimberly Ryan,25000,ABANDONED,NONE,2,0.85,15,True,SEND_PAYMENT_LINK
CASE_00742,CUST_00742,David Reese,15000,ABANDONED,NONE,0,0.6,0,True,SEND_PAYMENT_LINK
CASE_00743,CUST_00743,Katrina Williams,15000,FAILED,BANK_ERROR,0,0.61,10,False,RETRY_PAYMENT
CASE_00744,CUST_00744,Sean Richardson,1499,FAILED,INSUFFICIENT_FUNDS,0,0.73,20,False,SEND_PAYMENT_LINK
CASE_00745,CUST_00745,David Brown,7999,FAILED,NETWORK_ERROR,3,0.58,0,False,STOP
CASE_00746,CUST_00746,Kendra Smith,75000,ABANDONED,NONE,0,0.39,0,True,ESCALATE_HUMAN
CASE_00747,CUST_00747,Charles Phillips,50000,FAILED,BANK_ERROR,0,0.91,0,False,RETRY_PAYMENT
CASE_00748,CUST_00748,Jennifer Shaw,499,FAILED,INSUFFICIENT_FUNDS,1,0.61,20,False,SEND_PAYMENT_LINK
CASE_00749,CUST_00749,Karen Nguyen,50000,FAILED,INSUFFICIENT_FUNDS,0,0.37,30,False,ESCALATE_HUMAN
CASE_00750,CUST_00750,Louis Smith,15000,FAILED,BANK_ERROR,3,0.68,0,False,STOP
CASE_00751,CUST_00751,Lisa Roberts,50000,FAILED,BANK_ERROR,2,0.94,0,False,RETRY_PAYMENT
CASE_00752,CUST_00752,Brianna King,2499,ABANDONED,NONE,3,0.31,0,True,STOP
CASE_00753,CUST_00753,Harry Hall,2499,ABANDONED,NONE,1,0.68,0,True,SEND_PAYMENT_LINK
CASE_00754,CUST_00754,Chase Zhang,15000,FAILED,CARD_DECLINED,0,0.27,0,False,SEND_PAYMENT_LINK
CASE_00755,CUST_00755,Gail Martinez,50000,FAILED,NETWORK_ERROR,3,0.5,0,False,STOP
CASE_00756,CUST_00756,Allison Smith,100000,ABANDONED,NONE,1,0.95,30,True,ESCALATE_HUMAN
CASE_00757,CUST_00757,Timothy Johnson,9999,FAILED,CARD_DECLINED,0,0.54,10,False,SEND_PAYMENT_LINK
CASE_00758,CUST_00758,Shannon Ingram,15000,FAILED,TIMEOUT,2,0.68,45,False,ESCALATE_HUMAN
CASE_00759,CUST_00759,Susan Collins,9999,FAILED,BANK_ERROR,0,0.77,0,False,RETRY_PAYMENT
CASE_00760,CUST_00760,Samantha Phillips,50000,FAILED,CARD_DECLINED,0,0.5,5,False,SEND_PAYMENT_LINK
CASE_00761,CUST_00761,Adam Rodriguez,7999,ABANDONED,NONE,2,0.29,20,True,SEND_PAYMENT_LINK
CASE_00762,CUST_00762,Amy Miller,75000,FAILED,INSUFFICIENT_FUNDS,3,0.65,10,False,STOP
CASE_00763,CUST_00763,Timothy Smith,75000,ABANDONED,NONE,1,0.53,45,True,ESCALATE_HUMAN
CASE_00764,CUST_00764,Timothy Hall,15000,FAILED,INSUFFICIENT_FUNDS,3,0.4,10,False,STOP
CASE_00765,CUST_00765,David Smith,50000,FAILED,NETWORK_ERROR,1,0.88,0,False,RETRY_PAYMENT
CASE_00766,CUST_00766,Ronnie Porter,100000,FAILED,NETWORK_ERROR,1,0.28,45,False,ESCALATE_HUMAN
CASE_00767,CUST_00767,Katherine Schaefer,9999,FAILED,CARD_DECLINED,0,0.33,0,False,SEND_PAYMENT_LINK
CASE_00768,CUST_00768,Stacy Taylor,999,FAILED,NETWORK_ERROR,3,0.27,10,False,STOP
CASE_00769,CUST_00769,Sheila Zimmerman,2499,FAILED,TIMEOUT,0,0.78,20,False,RETRY_PAYMENT
CASE_00770,CUST_00770,Joanne Carpenter,50000,FAILED,CARD_DECLINED,0,0.96,0,False,SEND_PAYMENT_LINK
CASE_00771,CUST_00771,Gregory Clark,15000,FAILED,BANK_ERROR,2,0.36,45,False,ESCALATE_HUMAN
CASE_00772,CUST_00772,Kayla Collier,25000,FAILED,CARD_DECLINED,1,0.74,15,False,SEND_PAYMENT_LINK
CASE_00773,CUST_00773,Joseph Charles,2499,FAILED,BANK_ERROR,0,1.0,20,False,RETRY_PAYMENT
CASE_00774,CUST_00774,Vanessa Davis,7999,ABANDONED,NONE,3,0.67,45,True,STOP
CASE_00775,CUST_00775,Tammy Wilson,499,FAILED,TIMEOUT,2,0.78,45,False,ESCALATE_HUMAN
CASE_00776,CUST_00776,Chase Nolan,50000,FAILED,INSUFFICIENT_FUNDS,2,0.38,5,False,SEND_PAYMENT_LINK
CASE_00777,CUST_00777,Kenneth Ibarra,9999,FAILED,INSUFFICIENT_FUNDS,1,0.53,0,False,SEND_PAYMENT_LINK
CASE_00778,CUST_00778,John Payne,25000,FAILED,CARD_DECLINED,2,0.47,0,False,SEND_PAYMENT_LINK
CASE_00779,CUST_00779,Scott Taylor,25000,FAILED,CARD_DECLINED,2,0.76,20,False,SEND_PAYMENT_LINK
CASE_00780,CUST_00780,Angela Scott,50000,ABANDONED,NONE,1,0.81,30,True,ESCALATE_HUMAN
CASE_00781,CUST_00781,Tim Sullivan,75000,ABANDONED,NONE,0,0.59,10,True,ESCALATE_HUMAN
CASE_00782,CUST_00782,Jasmine Nelson,999,ABANDONED,NONE,1,0.74,5,True,SEND_PAYMENT_LINK
CASE_00783,CUST_00783,Dean Ortiz,7999,ABANDONED,NONE,2,0.61,0,True,SEND_PAYMENT_LINK
CASE_00784,CUST_00784,Brandi Hill,100000,FAILED,BANK_ERROR,2,0.27,15,False,ESCALATE_HUMAN
CASE_00785,CUST_00785,Nathan Melendez,999,FAILED,NETWORK_ERROR,2,0.48,10,False,SEND_PAYMENT_LINK
CASE_00786,CUST_00786,Joseph Garza,1499,FAILED,NETWORK_ERROR,1,0.39,5,False,SEND_PAYMENT_LINK
CASE_00787,CUST_00787,Michael Smith,4999,FAILED,BANK_ERROR,1,0.87,15,False,RETRY_PAYMENT
CASE_00788,CUST_00788,Jackie English,1499,FAILED,TIMEOUT,0,0.74,30,False,ESCALATE_HUMAN
CASE_00789,CUST_00789,Kenneth Medina,50000,FAILED,CARD_DECLINED,0,0.88,15,False,SEND_PAYMENT_LINK
CASE_00790,CUST_00790,Juan Blackwell,15000,FAILED,NETWORK_ERROR,1,0.99,45,False,ESCALATE_HUMAN
CASE_00791,CUST_00791,David Hunt,4999,ABANDONED,NONE,1,0.8,0,True,SEND_PAYMENT_LINK
CASE_00792,CUST_00792,Linda Hall,499,ABANDONED,NONE,3,0.95,0,True,STOP
CASE_00793,CUST_00793,Candace Perry,25000,FAILED,NETWORK_ERROR,1,0.57,0,False,SEND_PAYMENT_LINK
CASE_00794,CUST_00794,Penny Lawson,15000,FAILED,TIMEOUT,0,0.74,20,False,RETRY_PAYMENT
CASE_00795,CUST_00795,Jane Miller,7999,FAILED,CARD_DECLINED,2,0.35,10,False,SEND_PAYMENT_LINK
CASE_00796,CUST_00796,Brad Martin MD,2499,FAILED,NETWORK_ERROR,2,0.49,30,False,ESCALATE_HUMAN
CASE_00797,CUST_00797,Amber Andrade,9999,FAILED,NETWORK_ERROR,2,0.49,20,False,SEND_PAYMENT_LINK
CASE_00798,CUST_00798,Amber Guzman,4999,ABANDONED,NONE,1,0.66,5,True,SEND_PAYMENT_LINK
CASE_00799,CUST_00799,Bryan Greer,999,FAILED,BANK_ERROR,3,0.89,5,False,STOP
CASE_00800,CUST_00800,Kristi Mclaughlin,1499,FAILED,NETWORK_ERROR,0,0.34,30,False,ESCALATE_HUMAN
CASE_00801,CUST_00801,Douglas Mcmillan,1499,FAILED,NETWORK_ERROR,2,0.4,0,False,SEND_PAYMENT_LINK
CASE_00802,CUST_00802,Robin Roberts,9999,FAILED,BANK_ERROR,0,0.37,10,False,SEND_PAYMENT_LINK
CASE_00803,CUST_00803,Jacqueline Drake,15000,FAILED,NETWORK_ERROR,2,0.41,15,False,SEND_PAYMENT_LINK
CASE_00804,CUST_00804,Tina Rivera,25000,FAILED,INSUFFICIENT_FUNDS,0,0.53,15,False,SEND_PAYMENT_LINK
CASE_00805,CUST_00805,Rachel Jackson,75000,FAILED,CARD_DECLINED,1,0.98,10,False,ESCALATE_HUMAN
CASE_00806,CUST_00806,Ryan Poole,7999,FAILED,CARD_DECLINED,3,0.82,30,False,STOP
CASE_00807,CUST_00807,Felicia Kaufman,999,ABANDONED,NONE,2,0.57,0,True,SEND_PAYMENT_LINK
CASE_00808,CUST_00808,Mark White,1499,FAILED,NETWORK_ERROR,3,0.88,0,False,STOP
CASE_00809,CUST_00809,Michele Watts MD,999,FAILED,INSUFFICIENT_FUNDS,1,0.45,10,False,SEND_PAYMENT_LINK
CASE_00810,CUST_00810,Kristen Powers,100000,FAILED,CARD_DECLINED,3,0.42,30,False,STOP
CASE_00811,CUST_00811,Nicholas Harris,7999,ABANDONED,NONE,3,0.33,0,True,STOP
CASE_00812,CUST_00812,Christopher Davis,1499,FAILED,INSUFFICIENT_FUNDS,0,0.37,20,False,SEND_PAYMENT_LINK
CASE_00813,CUST_00813,Nathaniel Gutierrez,999,FAILED,TIMEOUT,3,0.64,0,False,STOP
CASE_00814,CUST_00814,Sheila Rodriguez DDS,9999,FAILED,TIMEOUT,2,0.69,0,False,SEND_PAYMENT_LINK
CASE_00815,CUST_00815,Sara Cook,9999,FAILED,BANK_ERROR,1,0.79,30,False,ESCALATE_HUMAN
CASE_00816,CUST_00816,Dylan Avila,75000,FAILED,BANK_ERROR,1,0.22,15,False,ESCALATE_HUMAN
CASE_00817,CUST_00817,Jerry Allen,7999,ABANDONED,NONE,3,0.98,45,True,STOP
CASE_00818,CUST_00818,Gina Logan,4999,ABANDONED,NONE,1,0.98,45,True,ESCALATE_HUMAN
CASE_00819,CUST_00819,Cameron Clark,1499,ABANDONED,NONE,3,0.62,45,True,STOP
CASE_00820,CUST_00820,Nicole Hendrix,4999,FAILED,NETWORK_ERROR,1,0.84,30,False,ESCALATE_HUMAN
CASE_00821,CUST_00821,Mary Jones,4999,FAILED,NETWORK_ERROR,2,0.32,0,False,SEND_PAYMENT_LINK
CASE_00822,CUST_00822,Bethany Flores,499,FAILED,INSUFFICIENT_FUNDS,2,0.58,0,False,SEND_PAYMENT_LINK
CASE_00823,CUST_00823,Mark Ramirez,100000,ABANDONED,NONE,3,0.44,20,True,STOP
CASE_00824,CUST_00824,Sandra Johnson,4999,FAILED,TIMEOUT,2,0.35,45,False,ESCALATE_HUMAN
CASE_00825,CUST_00825,Kevin King,9999,ABANDONED,NONE,1,0.33,20,True,SEND_PAYMENT_LINK
CASE_00826,CUST_00826,Grace Graves,9999,FAILED,INSUFFICIENT_FUNDS,0,0.54,5,False,SEND_PAYMENT_LINK
CASE_00827,CUST_00827,William Wilkinson,25000,FAILED,INSUFFICIENT_FUNDS,2,0.53,0,False,SEND_PAYMENT_LINK
CASE_00828,CUST_00828,Michael Walker,1499,FAILED,INSUFFICIENT_FUNDS,0,0.71,30,False,ESCALATE_HUMAN
CASE_00829,CUST_00829,Stefanie Gibson,4999,ABANDONED,NONE,1,0.46,0,True,SEND_PAYMENT_LINK
CASE_00830,CUST_00830,Adam Townsend,499,FAILED,BANK_ERROR,0,0.43,0,False,SEND_PAYMENT_LINK
CASE_00831,CUST_00831,Joshua Villarreal,100000,ABANDONED,NONE,0,0.39,0,True,ESCALATE_HUMAN
CASE_00832,CUST_00832,Christopher Hamilton,499,ABANDONED,NONE,1,0.47,10,True,SEND_PAYMENT_LINK
CASE_00833,CUST_00833,Kelsey Burns,15000,FAILED,NETWORK_ERROR,0,0.46,0,False,SEND_PAYMENT_LINK
CASE_00834,CUST_00834,Kelly Poole,499,FAILED,NETWORK_ERROR,0,0.63,0,False,RETRY_PAYMENT
CASE_00835,CUST_00835,Susan Garcia,4999,ABANDONED,NONE,0,0.3,5,True,SEND_PAYMENT_LINK
CASE_00836,CUST_00836,Taylor Hunt,9999,ABANDONED,NONE,1,0.79,0,True,SEND_PAYMENT_LINK
CASE_00837,CUST_00837,Samantha Santos,2499,ABANDONED,NONE,0,0.62,5,True,SEND_PAYMENT_LINK
CASE_00838,CUST_00838,Carmen Bailey,15000,ABANDONED,NONE,2,0.95,0,True,SEND_PAYMENT_LINK
CASE_00839,CUST_00839,Dr. Lawrence West DDS,75000,FAILED,CARD_DECLINED,0,0.4,10,False,ESCALATE_HUMAN
CASE_00840,CUST_00840,Beth Williams,2499,FAILED,TIMEOUT,1,0.98,5,False,RETRY_PAYMENT
CASE_00841,CUST_00841,Jeffery Hernandez,75000,ABANDONED,NONE,2,0.21,10,True,ESCALATE_HUMAN
CASE_00842,CUST_00842,Brittany Young,50000,FAILED,NETWORK_ERROR,1,0.21,0,False,SEND_PAYMENT_LINK
CASE_00843,CUST_00843,Bradley Stevenson,50000,ABANDONED,NONE,1,0.5,0,True,SEND_PAYMENT_LINK
CASE_00844,CUST_00844,Rita Moore,2499,FAILED,NETWORK_ERROR,0,0.75,15,False,RETRY_PAYMENT
CASE_00845,CUST_00845,James Henry,75000,FAILED,TIMEOUT,2,0.72,45,False,ESCALATE_HUMAN
CASE_00846,CUST_00846,Kaitlyn Rivera,999,FAILED,NETWORK_ERROR,1,0.45,45,False,ESCALATE_HUMAN
CASE_00847,CUST_00847,Joseph Lewis,75000,FAILED,NETWORK_ERROR,1,0.22,20,False,ESCALATE_HUMAN
CASE_00848,CUST_00848,Robert Le,7999,FAILED,INSUFFICIENT_FUNDS,0,0.59,30,False,ESCALATE_HUMAN
CASE_00849,CUST_00849,John Rose,25000,FAILED,CARD_DECLINED,3,0.35,0,False,STOP
CASE_00850,CUST_00850,Lauren Taylor,25000,FAILED,INSUFFICIENT_FUNDS,3,0.42,45,False,STOP
CASE_00851,CUST_00851,Travis Johnson,1499,FAILED,CARD_DECLINED,1,0.56,10,False,SEND_PAYMENT_LINK
CASE_00852,CUST_00852,Sean Hicks,25000,FAILED,NETWORK_ERROR,0,0.82,45,False,ESCALATE_HUMAN
CASE_00853,CUST_00853,Victoria Love,9999,FAILED,TIMEOUT,2,0.82,5,False,RETRY_PAYMENT
CASE_00854,CUST_00854,Sarah Beard,7999,FAILED,CARD_DECLINED,3,0.35,30,False,STOP
CASE_00855,CUST_00855,James Carter,25000,FAILED,CARD_DECLINED,2,0.46,15,False,SEND_PAYMENT_LINK
CASE_00856,CUST_00856,James Mitchell,999,FAILED,CARD_DECLINED,0,0.24,0,False,SEND_PAYMENT_LINK
CASE_00857,CUST_00857,Glenn Sims,1499,FAILED,BANK_ERROR,0,0.59,0,False,RETRY_PAYMENT
CASE_00858,CUST_00858,Martha Lopez,75000,ABANDONED,NONE,3,0.62,10,True,STOP
CASE_00859,CUST_00859,Cynthia Greer,499,FAILED,BANK_ERROR,0,0.21,5,False,SEND_PAYMENT_LINK
CASE_00860,CUST_00860,Samantha Lawrence,75000,ABANDONED,NONE,0,0.57,0,True,ESCALATE_HUMAN
CASE_00861,CUST_00861,Taylor Ochoa,7999,ABANDONED,NONE,2,0.84,0,True,SEND_PAYMENT_LINK
CASE_00862,CUST_00862,Rebecca Lane,50000,FAILED,CARD_DECLINED,0,0.79,10,False,ESCALATE_HUMAN
CASE_00863,CUST_00863,Micheal Holt,2499,FAILED,TIMEOUT,1,0.63,5,False,RETRY_PAYMENT
CASE_00864,CUST_00864,William Chapman,75000,FAILED,CARD_DECLINED,1,0.65,45,False,ESCALATE_HUMAN
CASE_00865,CUST_00865,Darlene Carlson,9999,FAILED,CARD_DECLINED,2,0.74,20,False,SEND_PAYMENT_LINK
CASE_00866,CUST_00866,Abigail Ortiz,999,FAILED,BANK_ERROR,3,0.6,0,False,STOP
CASE_00867,CUST_00867,Micheal Ware Jr.,25000,ABANDONED,NONE,2,0.92,45,True,ESCALATE_HUMAN
CASE_00868,CUST_00868,Lance Thompson,7999,FAILED,NETWORK_ERROR,3,0.86,15,False,STOP
CASE_00869,CUST_00869,Kristine Robinson,50000,FAILED,CARD_DECLINED,1,0.5,45,False,ESCALATE_HUMAN
CASE_00870,CUST_00870,Gabriel Pope,100000,FAILED,INSUFFICIENT_FUNDS,3,0.56,20,False,STOP
CASE_00871,CUST_00871,Melanie Moyer,499,FAILED,INSUFFICIENT_FUNDS,0,0.61,10,False,SEND_PAYMENT_LINK
CASE_00872,CUST_00872,Patrick Turner,499,FAILED,BANK_ERROR,1,0.88,0,False,RETRY_PAYMENT
CASE_00873,CUST_00873,Gloria Silva,100000,FAILED,CARD_DECLINED,1,0.28,30,False,ESCALATE_HUMAN
CASE_00874,CUST_00874,James Clark,7999,FAILED,BANK_ERROR,2,0.49,5,False,SEND_PAYMENT_LINK
CASE_00875,CUST_00875,Dylan Peters,2499,FAILED,INSUFFICIENT_FUNDS,0,0.66,5,False,SEND_PAYMENT_LINK
CASE_00876,CUST_00876,Michelle Hansen,100000,FAILED,INSUFFICIENT_FUNDS,3,0.34,0,False,STOP
CASE_00877,CUST_00877,Catherine Whitehead,50000,FAILED,TIMEOUT,3,0.26,0,False,STOP
CASE_00878,CUST_00878,Rose Burgess,7999,FAILED,NETWORK_ERROR,3,0.94,0,False,STOP
CASE_00879,CUST_00879,Tiffany Swanson,2499,FAILED,NETWORK_ERROR,0,0.44,0,False,SEND_PAYMENT_LINK
CASE_00880,CUST_00880,Tiffany Gregory,7999,FAILED,INSUFFICIENT_FUNDS,1,0.32,20,False,SEND_PAYMENT_LINK
CASE_00881,CUST_00881,Stephen Mason,15000,FAILED,BANK_ERROR,3,0.43,20,False,STOP
CASE_00882,CUST_00882,Luke Bernard,1499,FAILED,INSUFFICIENT_FUNDS,0,0.58,0,False,SEND_PAYMENT_LINK
CASE_00883,CUST_00883,Monica Fox,25000,ABANDONED,NONE,2,0.27,45,True,ESCALATE_HUMAN
CASE_00884,CUST_00884,Christopher Mueller,9999,FAILED,BANK_ERROR,3,0.65,30,False,STOP
CASE_00885,CUST_00885,Donna Hill,9999,FAILED,CARD_DECLINED,1,0.39,10,False,SEND_PAYMENT_LINK
CASE_00886,CUST_00886,Sarah Lowery PhD,9999,FAILED,CARD_DECLINED,0,0.29,20,False,SEND_PAYMENT_LINK
CASE_00887,CUST_00887,Angela Wall,9999,FAILED,INSUFFICIENT_FUNDS,1,0.46,0,False,SEND_PAYMENT_LINK
CASE_00888,CUST_00888,Teresa Singleton,4999,FAILED,INSUFFICIENT_FUNDS,3,0.7,30,False,STOP
CASE_00889,CUST_00889,Brian Martin,499,FAILED,BANK_ERROR,2,0.32,0,False,SEND_PAYMENT_LINK
CASE_00890,CUST_00890,Colin Dunn,999,FAILED,BANK_ERROR,1,0.9,10,False,RETRY_PAYMENT
CASE_00891,CUST_00891,Sheila Morales,499,FAILED,TIMEOUT,2,0.56,0,False,RETRY_PAYMENT
CASE_00892,CUST_00892,Steven Walker,100000,FAILED,BANK_ERROR,2,0.64,0,False,ESCALATE_HUMAN
CASE_00893,CUST_00893,Lydia Ramirez,100000,FAILED,NETWORK_ERROR,0,0.4,0,False,ESCALATE_HUMAN
CASE_00894,CUST_00894,Amy Rodriguez,4999,FAILED,CARD_DECLINED,2,0.24,0,False,SEND_PAYMENT_LINK
CASE_00895,CUST_00895,Lori Morris,999,ABANDONED,NONE,2,0.73,15,True,SEND_PAYMENT_LINK
CASE_00896,CUST_00896,Theresa Downs,999,FAILED,INSUFFICIENT_FUNDS,3,0.38,20,False,STOP
CASE_00897,CUST_00897,Jerome Smith,25000,FAILED,INSUFFICIENT_FUNDS,3,0.89,45,False,STOP
CASE_00898,CUST_00898,Kevin Smith,999,FAILED,BANK_ERROR,3,0.65,0,False,STOP
CASE_00899,CUST_00899,Dustin Reeves,499,FAILED,CARD_DECLINED,2,0.47,20,False,SEND_PAYMENT_LINK
CASE_00900,CUST_00900,Eric Lopez,100000,FAILED,TIMEOUT,2,0.75,15,False,ESCALATE_HUMAN
CASE_00901,CUST_00901,Mary Morris,75000,FAILED,BANK_ERROR,2,0.85,10,False,ESCALATE_HUMAN
CASE_00902,CUST_00902,Nicole Flowers,9999,FAILED,CARD_DECLINED,2,0.38,15,False,SEND_PAYMENT_LINK
CASE_00903,CUST_00903,Cheryl Mills,9999,FAILED,TIMEOUT,3,0.62,5,False,STOP
CASE_00904,CUST_00904,Aaron Armstrong,9999,FAILED,CARD_DECLINED,1,0.54,10,False,SEND_PAYMENT_LINK
CASE_00905,CUST_00905,Jeffrey Robinson,50000,FAILED,NETWORK_ERROR,1,0.37,0,False,SEND_PAYMENT_LINK
CASE_00906,CUST_00906,Justin Williams,50000,FAILED,BANK_ERROR,2,0.75,45,False,ESCALATE_HUMAN
CASE_00907,CUST_00907,David Gardner,1499,ABANDONED,NONE,1,0.72,0,True,SEND_PAYMENT_LINK
CASE_00908,CUST_00908,Anthony Villegas,7999,FAILED,CARD_DECLINED,0,0.35,0,False,SEND_PAYMENT_LINK
CASE_00909,CUST_00909,George Sandoval,100000,FAILED,INSUFFICIENT_FUNDS,3,0.97,10,False,STOP
CASE_00910,CUST_00910,Tina Solis,15000,FAILED,BANK_ERROR,1,0.29,0,False,SEND_PAYMENT_LINK
CASE_00911,CUST_00911,Michelle Lee,499,FAILED,CARD_DECLINED,1,0.68,5,False,SEND_PAYMENT_LINK
CASE_00912,CUST_00912,Kyle Austin,75000,FAILED,INSUFFICIENT_FUNDS,0,0.75,30,False,ESCALATE_HUMAN
CASE_00913,CUST_00913,Maria Greer,1499,ABANDONED,NONE,2,0.35,20,True,SEND_PAYMENT_LINK
CASE_00914,CUST_00914,Douglas Brown,15000,ABANDONED,NONE,1,0.33,5,True,SEND_PAYMENT_LINK
CASE_00915,CUST_00915,Maria Tran,499,ABANDONED,NONE,0,0.94,20,True,SEND_PAYMENT_LINK
CASE_00916,CUST_00916,John Hill,2499,FAILED,BANK_ERROR,0,0.34,30,False,ESCALATE_HUMAN
CASE_00917,CUST_00917,Cindy Carlson DDS,50000,ABANDONED,NONE,2,0.89,5,True,SEND_PAYMENT_LINK
CASE_00918,CUST_00918,Rebecca Burgess,9999,ABANDONED,NONE,0,0.69,20,True,SEND_PAYMENT_LINK
CASE_00919,CUST_00919,Carmen Banks,100000,FAILED,NETWORK_ERROR,0,0.62,30,False,ESCALATE_HUMAN
CASE_00920,CUST_00920,Laura Allen,15000,FAILED,BANK_ERROR,3,0.99,0,False,STOP
CASE_00921,CUST_00921,George Johnson,25000,ABANDONED,NONE,0,0.35,30,True,ESCALATE_HUMAN
CASE_00922,CUST_00922,Jason Castillo,9999,FAILED,INSUFFICIENT_FUNDS,3,0.33,10,False,STOP
CASE_00923,CUST_00923,Carla Smith,50000,FAILED,CARD_DECLINED,1,0.57,30,False,ESCALATE_HUMAN
CASE_00924,CUST_00924,Rachel Wilson,999,FAILED,BANK_ERROR,1,0.51,15,False,RETRY_PAYMENT
CASE_00925,CUST_00925,Dalton Underwood,1499,ABANDONED,NONE,1,0.91,0,True,SEND_PAYMENT_LINK
CASE_00926,CUST_00926,Austin Brock,4999,FAILED,BANK_ERROR,0,0.27,30,False,ESCALATE_HUMAN
CASE_00927,CUST_00927,David Mccarthy,75000,FAILED,TIMEOUT,3,0.78,45,False,STOP
CASE_00928,CUST_00928,Yolanda Taylor,50000,FAILED,NETWORK_ERROR,3,0.24,0,False,STOP
CASE_00929,CUST_00929,Leonard Shannon,7999,FAILED,BANK_ERROR,1,0.34,0,False,SEND_PAYMENT_LINK
CASE_00930,CUST_00930,Christopher Robinson,9999,FAILED,INSUFFICIENT_FUNDS,3,0.43,0,False,STOP
CASE_00931,CUST_00931,William Matthews,999,FAILED,BANK_ERROR,0,0.7,10,False,RETRY_PAYMENT
CASE_00932,CUST_00932,Patricia Harris,15000,ABANDONED,NONE,0,0.69,30,True,ESCALATE_HUMAN
CASE_00933,CUST_00933,Alexis Martinez,2499,FAILED,CARD_DECLINED,3,0.56,30,False,STOP
CASE_00934,CUST_00934,Kimberly Dalton,999,FAILED,BANK_ERROR,2,0.7,45,False,ESCALATE_HUMAN
CASE_00935,CUST_00935,Linda Taylor,2499,FAILED,BANK_ERROR,1,0.24,15,False,SEND_PAYMENT_LINK
CASE_00936,CUST_00936,Thomas Maynard,499,FAILED,TIMEOUT,2,0.46,0,False,SEND_PAYMENT_LINK
CASE_00937,CUST_00937,Gavin Shannon,499,FAILED,NETWORK_ERROR,1,0.33,10,False,SEND_PAYMENT_LINK
CASE_00938,CUST_00938,Jared Burton,50000,FAILED,NETWORK_ERROR,2,0.95,0,False,RETRY_PAYMENT
CASE_00939,CUST_00939,Javier Rivera,4999,FAILED,INSUFFICIENT_FUNDS,3,0.86,20,False,STOP
CASE_00940,CUST_00940,Crystal Sanchez,25000,FAILED,INSUFFICIENT_FUNDS,3,0.31,10,False,STOP
CASE_00941,CUST_00941,Ashley Butler,7999,ABANDONED,NONE,1,0.76,0,True,SEND_PAYMENT_LINK
CASE_00942,CUST_00942,Steven Berger,999,FAILED,NETWORK_ERROR,2,0.54,15,False,RETRY_PAYMENT
CASE_00943,CUST_00943,Joan Gutierrez,50000,FAILED,BANK_ERROR,3,0.62,30,False,STOP
CASE_00944,CUST_00944,Robert Sullivan,15000,FAILED,CARD_DECLINED,1,0.77,5,False,SEND_PAYMENT_LINK
CASE_00945,CUST_00945,Kenneth White,499,FAILED,TIMEOUT,3,0.7,0,False,STOP
CASE_00946,CUST_00946,Laura Donaldson,100000,FAILED,CARD_DECLINED,3,0.53,15,False,STOP
CASE_00947,CUST_00947,Ashley Newton,7999,FAILED,TIMEOUT,1,0.75,10,False,RETRY_PAYMENT
CASE_00948,CUST_00948,Michael Roberts,999,FAILED,INSUFFICIENT_FUNDS,2,0.81,0,False,SEND_PAYMENT_LINK
CASE_00949,CUST_00949,Chad Ramos,75000,FAILED,INSUFFICIENT_FUNDS,3,0.78,0,False,STOP
CASE_00950,CUST_00950,David Prince,1499,FAILED,INSUFFICIENT_FUNDS,2,0.94,30,False,ESCALATE_HUMAN
CASE_00951,CUST_00951,Sylvia White,15000,FAILED,BANK_ERROR,3,0.32,30,False,STOP
CASE_00952,CUST_00952,Austin Nguyen,25000,FAILED,NETWORK_ERROR,3,0.94,0,False,STOP
CASE_00953,CUST_00953,David Smith,25000,FAILED,CARD_DECLINED,2,0.64,0,False,SEND_PAYMENT_LINK
CASE_00954,CUST_00954,Vanessa Caldwell,2499,FAILED,INSUFFICIENT_FUNDS,0,0.98,10,False,SEND_PAYMENT_LINK
CASE_00955,CUST_00955,Stephanie Pham,499,FAILED,NETWORK_ERROR,1,0.66,20,False,RETRY_PAYMENT
CASE_00956,CUST_00956,Kevin Davis,999,FAILED,INSUFFICIENT_FUNDS,0,0.42,0,False,SEND_PAYMENT_LINK
CASE_00957,CUST_00957,Cody Smith,15000,FAILED,INSUFFICIENT_FUNDS,3,0.86,10,False,STOP
CASE_00958,CUST_00958,Casey Murray,2499,FAILED,BANK_ERROR,0,0.5,0,False,SEND_PAYMENT_LINK
CASE_00959,CUST_00959,Marissa Becker,999,ABANDONED,NONE,0,0.84,45,True,ESCALATE_HUMAN
CASE_00960,CUST_00960,Christina Howe,1499,FAILED,INSUFFICIENT_FUNDS,3,0.79,45,False,STOP
CASE_00961,CUST_00961,Danielle Ali,4999,FAILED,BANK_ERROR,0,0.86,45,False,ESCALATE_HUMAN
CASE_00962,CUST_00962,David Avila,75000,FAILED,BANK_ERROR,0,0.57,45,False,ESCALATE_HUMAN
CASE_00963,CUST_00963,Melissa Castillo,999,FAILED,INSUFFICIENT_FUNDS,0,0.75,0,False,SEND_PAYMENT_LINK
CASE_00964,CUST_00964,Jackson Key,7999,ABANDONED,NONE,0,0.28,10,True,SEND_PAYMENT_LINK
CASE_00965,CUST_00965,Marvin Villa,499,FAILED,BANK_ERROR,2,0.36,10,False,SEND_PAYMENT_LINK
CASE_00966,CUST_00966,Dr. Thomas Perez DDS,4999,FAILED,NETWORK_ERROR,0,0.42,0,False,SEND_PAYMENT_LINK
CASE_00967,CUST_00967,David Edwards,4999,FAILED,TIMEOUT,0,0.37,15,False,SEND_PAYMENT_LINK
CASE_00968,CUST_00968,Patricia Quinn,25000,FAILED,INSUFFICIENT_FUNDS,1,0.95,10,False,SEND_PAYMENT_LINK
CASE_00969,CUST_00969,Shannon Brown,50000,FAILED,BANK_ERROR,0,0.45,15,False,SEND_PAYMENT_LINK
CASE_00970,CUST_00970,Brian Miller,25000,ABANDONED,NONE,0,0.3,30,True,ESCALATE_HUMAN
CASE_00971,CUST_00971,Christian Wolfe,75000,FAILED,TIMEOUT,3,0.24,20,False,STOP
CASE_00972,CUST_00972,Angela Anderson,9999,FAILED,CARD_DECLINED,3,0.69,10,False,STOP
CASE_00973,CUST_00973,Gina Smith,7999,FAILED,CARD_DECLINED,0,0.98,30,False,ESCALATE_HUMAN
CASE_00974,CUST_00974,Carly Mann,50000,FAILED,TIMEOUT,3,0.28,10,False,STOP
CASE_00975,CUST_00975,Joshua Stewart,75000,ABANDONED,NONE,3,0.39,5,True,STOP
CASE_00976,CUST_00976,Eric Park,1499,FAILED,INSUFFICIENT_FUNDS,3,0.35,15,False,STOP
CASE_00977,CUST_00977,Patrick Hawkins,7999,ABANDONED,NONE,3,0.22,30,True,STOP
CASE_00978,CUST_00978,Tommy Mcclain,999,FAILED,NETWORK_ERROR,3,0.88,10,False,STOP
CASE_00979,CUST_00979,Kristin Mclaughlin,7999,FAILED,CARD_DECLINED,0,0.52,0,False,SEND_PAYMENT_LINK
CASE_00980,CUST_00980,Johnny Davis,7999,FAILED,INSUFFICIENT_FUNDS,3,0.52,20,False,STOP
CASE_00981,CUST_00981,William Galloway,2499,FAILED,CARD_DECLINED,1,0.98,20,False,SEND_PAYMENT_LINK
CASE_00982,CUST_00982,Destiny Rivers,999,FAILED,BANK_ERROR,3,0.83,20,False,STOP
CASE_00983,CUST_00983,Matthew Hughes,50000,FAILED,CARD_DECLINED,1,0.34,0,False,SEND_PAYMENT_LINK
CASE_00984,CUST_00984,Elizabeth Murphy,100000,ABANDONED,NONE,0,0.67,30,True,ESCALATE_HUMAN
CASE_00985,CUST_00985,Joyce Bautista,7999,FAILED,NETWORK_ERROR,1,0.45,20,False,SEND_PAYMENT_LINK
CASE_00986,CUST_00986,Madison Benson,999,FAILED,CARD_DECLINED,3,0.46,0,False,STOP
CASE_00987,CUST_00987,Ms. Maria Gonzales,999,FAILED,BANK_ERROR,0,0.81,0,False,RETRY_PAYMENT
CASE_00988,CUST_00988,Julia Jones,15000,FAILED,NETWORK_ERROR,3,0.36,15,False,STOP
CASE_00989,CUST_00989,Ethan Thompson,4999,FAILED,NETWORK_ERROR,2,0.99,0,False,RETRY_PAYMENT
CASE_00990,CUST_00990,Rebecca Rodriguez,50000,ABANDONED,NONE,1,0.88,0,True,SEND_PAYMENT_LINK
CASE_00991,CUST_00991,Dawn Strong,7999,FAILED,TIMEOUT,2,0.29,10,False,SEND_PAYMENT_LINK
CASE_00992,CUST_00992,Christine Douglas,499,FAILED,NETWORK_ERROR,3,0.7,20,False,STOP
CASE_00993,CUST_00993,Natasha Robertson,9999,ABANDONED,NONE,3,0.64,0,True,STOP
CASE_00994,CUST_00994,Sarah Morris,15000,FAILED,BANK_ERROR,3,0.87,15,False,STOP
CASE_00995,CUST_00995,Daniel Mercer,9999,FAILED,INSUFFICIENT_FUNDS,1,0.31,0,False,SEND_PAYMENT_LINK
CASE_00996,CUST_00996,Melinda Hill,75000,FAILED,BANK_ERROR,3,0.73,0,False,STOP
CASE_00997,CUST_00997,Tracy Cook,999,FAILED,NETWORK_ERROR,3,0.91,20,False,STOP
CASE_00998,CUST_00998,Tina Martinez,50000,FAILED,NETWORK_ERROR,3,0.64,30,False,STOP
CASE_00999,CUST_00999,Adam Woods,9999,FAILED,BANK_ERROR,1,0.54,0,False,RETRY_PAYMENT
CASE_01000,CUST_01000,Kristin Swanson,100000,FAILED,CARD_DECLINED,2,0.53,45,False,ESCALATE_HUMAN
CASE_01001,CUST_01001,Howard Mcdonald,50000,FAILED,TIMEOUT,0,0.65,15,False,RETRY_PAYMENT
CASE_01002,CUST_01002,Wesley Perez,15000,FAILED,BANK_ERROR,2,0.57,0,False,RETRY_PAYMENT
CASE_01003,CUST_01003,Kimberly Norris,50000,FAILED,BANK_ERROR,3,0.7,0,False,STOP
CASE_01004,CUST_01004,Jason Lopez,75000,FAILED,CARD_DECLINED,0,0.92,45,False,ESCALATE_HUMAN
CASE_01005,CUST_01005,Zachary Olson,499,ABANDONED,NONE,3,0.61,30,True,STOP
CASE_01006,CUST_01006,Charles Duffy,50000,FAILED,NETWORK_ERROR,2,0.97,10,False,RETRY_PAYMENT
CASE_01007,CUST_01007,Derek Anderson,4999,FAILED,TIMEOUT,2,0.78,10,False,RETRY_PAYMENT
CASE_01008,CUST_01008,Kelly Riley,499,ABANDONED,NONE,1,0.66,10,True,SEND_PAYMENT_LINK
CASE_01009,CUST_01009,Mandy Duran,100000,FAILED,INSUFFICIENT_FUNDS,3,0.27,45,False,STOP
CASE_01010,CUST_01010,Jennifer Murray,999,FAILED,INSUFFICIENT_FUNDS,1,0.69,10,False,SEND_PAYMENT_LINK
CASE_01011,CUST_01011,Frank Brock,4999,FAILED,TIMEOUT,1,0.93,0,False,RETRY_PAYMENT
CASE_01012,CUST_01012,Christine Rodriguez,75000,ABANDONED,NONE,2,0.85,10,True,ESCALATE_HUMAN
CASE_01013,CUST_01013,Amy Taylor,100000,FAILED,NETWORK_ERROR,1,0.84,0,False,ESCALATE_HUMAN
CASE_01014,CUST_01014,Michael Barrett,7999,FAILED,BANK_ERROR,1,0.87,20,False,RETRY_PAYMENT
CASE_01015,CUST_01015,Rebecca Smith,9999,FAILED,NETWORK_ERROR,1,0.37,15,False,SEND_PAYMENT_LINK
CASE_01016,CUST_01016,Jeffrey Padilla,499,FAILED,TIMEOUT,0,0.33,20,False,SEND_PAYMENT_LINK
CASE_01017,CUST_01017,Taylor Chase,15000,FAILED,NETWORK_ERROR,1,0.5,20,False,RETRY_PAYMENT
CASE_01018,CUST_01018,Nicholas Tucker,1499,ABANDONED,NONE,0,0.43,30,True,ESCALATE_HUMAN
CASE_01019,CUST_01019,Douglas Hurst,9999,FAILED,CARD_DECLINED,0,0.28,45,False,ESCALATE_HUMAN
CASE_01020,CUST_01020,Cody Nichols,75000,FAILED,NETWORK_ERROR,2,0.47,10,False,ESCALATE_HUMAN
CASE_01021,CUST_01021,William Morgan,999,FAILED,CARD_DECLINED,3,0.57,5,False,STOP
CASE_01022,CUST_01022,Ian Johnson,100000,FAILED,CARD_DECLINED,2,0.74,0,False,ESCALATE_HUMAN
CASE_01023,CUST_01023,Billy Velasquez,7999,FAILED,TIMEOUT,0,0.21,0,False,SEND_PAYMENT_LINK
CASE_01024,CUST_01024,Gregory Wall,25000,FAILED,NETWORK_ERROR,2,0.38,10,False,SEND_PAYMENT_LINK
CASE_01025,CUST_01025,Anthony Khan,4999,FAILED,TIMEOUT,0,0.7,0,False,SEND_PAYMENT_LINK
CASE_01026,CUST_01026,Amber Washington,75000,FAILED,CARD_DECLINED,0,0.77,0,False,ESCALATE_HUMAN
CASE_01027,CUST_01027,Nicholas Chen,999,FAILED,NETWORK_ERROR,1,0.92,0,False,RETRY_PAYMENT
CASE_01028,CUST_01028,Ralph Miller,4999,FAILED,NETWORK_ERROR,0,0.71,10,False,SEND_PAYMENT_LINK
CASE_01029,CUST_01029,Shawn Kennedy,100000,FAILED,INSUFFICIENT_FUNDS,1,0.82,10,False,ESCALATE_HUMAN
CASE_01030,CUST_01030,Kim Woods,499,ABANDONED,NONE,3,0.47,0,True,STOP
CASE_01031,CUST_01031,Samuel Rodriguez,4999,FAILED,BANK_ERROR,3,0.26,5,False,STOP
CASE_01032,CUST_01032,Jonathan Leon,50000,ABANDONED,NONE,1,0.72,0,True,SEND_PAYMENT_LINK
CASE_01033,CUST_01033,Candace Bridges,1499,ABANDONED,NONE,1,0.69,0,True,SEND_PAYMENT_LINK
CASE_01034,CUST_01034,Stephen Cox,15000,FAILED,TIMEOUT,0,0.26,10,False,SEND_PAYMENT_LINK
CASE_01035,CUST_01035,Alyssa Davis,15000,FAILED,NETWORK_ERROR,1,0.72,0,False,SEND_PAYMENT_LINK
CASE_01036,CUST_01036,Clinton Russell,75000,ABANDONED,NONE,2,0.32,15,True,ESCALATE_HUMAN
CASE_01037,CUST_01037,Deborah Cooley,9999,FAILED,CARD_DECLINED,3,0.58,20,False,STOP
CASE_01038,CUST_01038,Denise Williams,100000,FAILED,CARD_DECLINED,1,0.2,30,False,ESCALATE_HUMAN
CASE_01039,CUST_01039,Louis Lane,999,FAILED,INSUFFICIENT_FUNDS,2,0.52,0,False,SEND_PAYMENT_LINK
CASE_01040,CUST_01040,Tristan Smith,7999,FAILED,TIMEOUT,3,0.81,10,False,STOP
CASE_01041,CUST_01041,Randy Hansen,75000,FAILED,BANK_ERROR,0,0.97,5,False,ESCALATE_HUMAN
CASE_01042,CUST_01042,Kimberly Adams,4999,ABANDONED,NONE,0,0.7,15,True,SEND_PAYMENT_LINK
CASE_01043,CUST_01043,Michael Sullivan,15000,FAILED,NETWORK_ERROR,1,0.31,5,False,SEND_PAYMENT_LINK
CASE_01044,CUST_01044,Diana Ramos,499,FAILED,NETWORK_ERROR,3,0.25,45,False,STOP
CASE_01045,CUST_01045,Anthony Stewart,75000,FAILED,NETWORK_ERROR,3,0.97,0,False,STOP
CASE_01046,CUST_01046,Tanya Smith,499,FAILED,TIMEOUT,2,0.83,0,False,RETRY_PAYMENT
CASE_01047,CUST_01047,Derek Monroe,9999,FAILED,BANK_ERROR,3,0.95,45,False,STOP
CASE_01048,CUST_01048,Joseph Wright,1499,FAILED,TIMEOUT,0,0.79,30,False,ESCALATE_HUMAN
CASE_01049,CUST_01049,Leslie Reynolds,75000,FAILED,NETWORK_ERROR,0,0.39,0,False,ESCALATE_HUMAN
CASE_01050,CUST_01050,Linda Morrison,499,FAILED,TIMEOUT,2,0.86,0,False,RETRY_PAYMENT
CASE_01051,CUST_01051,Christopher Morrow,15000,FAILED,CARD_DECLINED,0,0.85,0,False,SEND_PAYMENT_LINK
CASE_01052,CUST_01052,Edward Lee,999,ABANDONED,NONE,1,0.25,5,True,SEND_PAYMENT_LINK
CASE_01053,CUST_01053,Joshua Cox,9999,FAILED,NETWORK_ERROR,2,0.3,45,False,ESCALATE_HUMAN
CASE_01054,CUST_01054,Claudia Castro,1499,FAILED,BANK_ERROR,0,0.67,15,False,RETRY_PAYMENT
CASE_01055,CUST_01055,Peter Macias,4999,FAILED,NETWORK_ERROR,1,0.76,45,False,ESCALATE_HUMAN
CASE_01056,CUST_01056,Linda Garcia,1499,ABANDONED,NONE,1,0.94,0,True,SEND_PAYMENT_LINK
CASE_01057,CUST_01057,Evan Compton,1499,FAILED,CARD_DECLINED,3,0.82,0,False,STOP
CASE_01058,CUST_01058,Diana Baldwin,15000,FAILED,TIMEOUT,0,0.34,0,False,SEND_PAYMENT_LINK
CASE_01059,CUST_01059,Stanley Baker,100000,FAILED,NETWORK_ERROR,3,0.75,5,False,STOP
CASE_01060,CUST_01060,Brianna Mendez,1499,FAILED,CARD_DECLINED,3,0.53,0,False,STOP
CASE_01061,CUST_01061,Troy Stewart,50000,FAILED,CARD_DECLINED,1,0.77,0,False,SEND_PAYMENT_LINK
CASE_01062,CUST_01062,Erin Castro,4999,FAILED,NETWORK_ERROR,0,0.65,5,False,RETRY_PAYMENT
CASE_01063,CUST_01063,Aaron Pruitt,25000,FAILED,CARD_DECLINED,2,0.89,45,False,ESCALATE_HUMAN
CASE_01064,CUST_01064,Shaun Hensley,25000,FAILED,NETWORK_ERROR,1,0.42,5,False,SEND_PAYMENT_LINK
CASE_01065,CUST_01065,Shannon Stephens,999,FAILED,NETWORK_ERROR,3,0.34,0,False,STOP
CASE_01066,CUST_01066,Gavin Anderson,499,FAILED,INSUFFICIENT_FUNDS,1,0.55,15,False,SEND_PAYMENT_LINK
CASE_01067,CUST_01067,Brett Hicks,50000,ABANDONED,NONE,0,0.28,0,True,SEND_PAYMENT_LINK
CASE_01068,CUST_01068,Rebecca Morgan,25000,FAILED,BANK_ERROR,0,0.59,0,False,RETRY_PAYMENT
CASE_01069,CUST_01069,Erin Patton,2499,ABANDONED,NONE,2,0.54,15,True,SEND_PAYMENT_LINK
CASE_01070,CUST_01070,Melanie Weeks,2499,FAILED,INSUFFICIENT_FUNDS,1,0.28,20,False,SEND_PAYMENT_LINK
CASE_01071,CUST_01071,Kyle Wagner,2499,ABANDONED,NONE,1,0.26,30,True,ESCALATE_HUMAN
CASE_01072,CUST_01072,Daniel Horne,499,ABANDONED,NONE,1,0.37,30,True,ESCALATE_HUMAN
CASE_01073,CUST_01073,Joseph Potter,1499,ABANDONED,NONE,2,0.31,5,True,SEND_PAYMENT_LINK
CASE_01074,CUST_01074,Rita Martinez,75000,FAILED,INSUFFICIENT_FUNDS,1,0.47,0,False,ESCALATE_HUMAN
CASE_01075,CUST_01075,Diana Shea,100000,FAILED,INSUFFICIENT_FUNDS,1,0.29,30,False,ESCALATE_HUMAN
CASE_01076,CUST_01076,Tonya Garcia,15000,ABANDONED,NONE,1,0.81,5,True,SEND_PAYMENT_LINK
CASE_01077,CUST_01077,William Jefferson,4999,FAILED,CARD_DECLINED,1,0.66,45,False,ESCALATE_HUMAN
CASE_01078,CUST_01078,Anna Harris,2499,FAILED,NETWORK_ERROR,3,0.89,5,False,STOP
CASE_01079,CUST_01079,Carly Johnson,50000,ABANDONED,NONE,3,0.42,20,True,STOP
CASE_01080,CUST_01080,Vanessa Fox,100000,FAILED,BANK_ERROR,2,0.55,5,False,ESCALATE_HUMAN
CASE_01081,CUST_01081,Michael Evans DVM,50000,FAILED,CARD_DECLINED,0,0.53,0,False,ESCALATE_HUMAN
CASE_01082,CUST_01082,Jodi Heath,15000,FAILED,NETWORK_ERROR,3,0.58,0,False,STOP
CASE_01083,CUST_01083,Faith Buchanan,15000,ABANDONED,NONE,1,0.27,0,True,SEND_PAYMENT_LINK
CASE_01084,CUST_01084,Scott Ritter,100000,ABANDONED,NONE,1,0.31,10,True,ESCALATE_HUMAN
CASE_01085,CUST_01085,Linda Bradford,2499,FAILED,TIMEOUT,3,0.74,0,False,STOP
CASE_01086,CUST_01086,Anthony Gomez,100000,ABANDONED,NONE,0,0.98,30,True,ESCALATE_HUMAN
CASE_01087,CUST_01087,Jessica Meyer,1499,ABANDONED,NONE,1,0.83,15,True,SEND_PAYMENT_LINK
CASE_01088,CUST_01088,Colleen Bennett,75000,ABANDONED,NONE,0,0.89,0,True,ESCALATE_HUMAN
CASE_01089,CUST_01089,Crystal Mckay,9999,FAILED,CARD_DECLINED,0,0.44,10,False,SEND_PAYMENT_LINK
CASE_01090,CUST_01090,Timothy Peterson,100000,FAILED,TIMEOUT,2,0.79,0,False,ESCALATE_HUMAN
CASE_01091,CUST_01091,Madison Wells,25000,FAILED,TIMEOUT,0,0.51,30,False,ESCALATE_HUMAN
CASE_01092,CUST_01092,Ashley Huff,50000,FAILED,INSUFFICIENT_FUNDS,2,0.34,45,False,ESCALATE_HUMAN
CASE_01093,CUST_01093,Douglas Long,100000,FAILED,CARD_DECLINED,1,0.31,15,False,ESCALATE_HUMAN
CASE_01094,CUST_01094,Maria Pace,2499,FAILED,NETWORK_ERROR,1,0.8,5,False,RETRY_PAYMENT
CASE_01095,CUST_01095,Elizabeth Wang,7999,FAILED,INSUFFICIENT_FUNDS,3,0.42,0,False,STOP
CASE_01096,CUST_01096,Michael Brooks,7999,FAILED,NETWORK_ERROR,3,0.6,0,False,STOP
CASE_01097,CUST_01097,Brianna Brown,15000,FAILED,NETWORK_ERROR,2,0.84,0,False,RETRY_PAYMENT
CASE_01098,CUST_01098,Lauren Black,2499,ABANDONED,NONE,0,0.26,0,True,SEND_PAYMENT_LINK
CASE_01099,CUST_01099,Matthew Rios,4999,FAILED,TIMEOUT,1,0.42,0,False,SEND_PAYMENT_LINK
CASE_01100,CUST_01100,Joel Thompson,15000,FAILED,BANK_ERROR,0,0.43,45,False,ESCALATE_HUMAN
CASE_01101,CUST_01101,Alexandria Henderson,1499,ABANDONED,NONE,2,0.54,0,True,SEND_PAYMENT_LINK
CASE_01102,CUST_01102,Amber Moore,4999,FAILED,TIMEOUT,0,0.9,5,False,RETRY_PAYMENT
CASE_01103,CUST_01103,Timothy Phillips,25000,FAILED,NETWORK_ERROR,2,0.72,15,False,RETRY_PAYMENT
CASE_01104,CUST_01104,Mrs. Katie Macias,75000,ABANDONED,NONE,3,0.44,0,True,STOP
CASE_01105,CUST_01105,Zachary Park,4999,FAILED,INSUFFICIENT_FUNDS,1,0.59,10,False,SEND_PAYMENT_LINK
CASE_01106,CUST_01106,David Conley,499,FAILED,INSUFFICIENT_FUNDS,2,0.56,0,False,SEND_PAYMENT_LINK
CASE_01107,CUST_01107,Anthony Martinez,50000,FAILED,CARD_DECLINED,2,0.35,0,False,SEND_PAYMENT_LINK
CASE_01108,CUST_01108,Edward Brown,100000,FAILED,BANK_ERROR,1,0.29,15,False,ESCALATE_HUMAN
CASE_01109,CUST_01109,Mrs. Julia Meyer,50000,FAILED,NETWORK_ERROR,2,0.5,5,False,RETRY_PAYMENT
CASE_01110,CUST_01110,David Reilly,499,FAILED,INSUFFICIENT_FUNDS,1,0.5,45,False,ESCALATE_HUMAN
CASE_01111,CUST_01111,Lynn Wilson,1499,FAILED,TIMEOUT,0,0.52,30,False,ESCALATE_HUMAN
CASE_01112,CUST_01112,Lindsey Huffman,1499,ABANDONED,NONE,2,0.32,45,True,ESCALATE_HUMAN
CASE_01113,CUST_01113,Keith Douglas,25000,FAILED,INSUFFICIENT_FUNDS,3,0.92,0,False,STOP
CASE_01114,CUST_01114,Charles Perry,50000,ABANDONED,NONE,2,0.75,30,True,ESCALATE_HUMAN
CASE_01115,CUST_01115,Laurie Bolton,499,FAILED,CARD_DECLINED,0,0.45,20,False,SEND_PAYMENT_LINK
CASE_01116,CUST_01116,Danielle Murillo MD,50000,FAILED,NETWORK_ERROR,2,0.27,0,False,SEND_PAYMENT_LINK
CASE_01117,CUST_01117,Benjamin Miller,50000,FAILED,CARD_DECLINED,1,0.83,10,False,ESCALATE_HUMAN
CASE_01118,CUST_01118,Michael Thomas,999,ABANDONED,NONE,0,0.98,20,True,SEND_PAYMENT_LINK
CASE_01119,CUST_01119,Kimberly Alvarez,2499,ABANDONED,NONE,2,0.68,45,True,ESCALATE_HUMAN
CASE_01120,CUST_01120,David Davis,499,FAILED,NETWORK_ERROR,1,0.77,20,False,RETRY_PAYMENT
CASE_01121,CUST_01121,Stanley Lloyd,7999,ABANDONED,NONE,2,0.21,15,True,SEND_PAYMENT_LINK
CASE_01122,CUST_01122,Dawn Acosta,7999,FAILED,NETWORK_ERROR,0,0.37,30,False,ESCALATE_HUMAN
CASE_01123,CUST_01123,Shannon Nelson,100000,ABANDONED,NONE,3,0.43,20,True,STOP
CASE_01124,CUST_01124,Jessica Vargas,100000,ABANDONED,NONE,1,0.87,0,True,ESCALATE_HUMAN
CASE_01125,CUST_01125,Gregory Brown,1499,FAILED,INSUFFICIENT_FUNDS,3,0.99,45,False,STOP
CASE_01126,CUST_01126,Troy Phillips,7999,FAILED,CARD_DECLINED,3,0.27,20,False,STOP
CASE_01127,CUST_01127,Andrea Cox,75000,FAILED,NETWORK_ERROR,1,0.64,0,False,ESCALATE_HUMAN
CASE_01128,CUST_01128,Jennifer Hall,2499,FAILED,NETWORK_ERROR,2,0.64,0,False,SEND_PAYMENT_LINK
CASE_01129,CUST_01129,John Ayala,4999,FAILED,NETWORK_ERROR,3,0.38,0,False,STOP
CASE_01130,CUST_01130,Amber Thompson,1499,FAILED,INSUFFICIENT_FUNDS,3,0.3,10,False,STOP
CASE_01131,CUST_01131,Dr. Michele Jones,9999,FAILED,NETWORK_ERROR,1,0.22,10,False,SEND_PAYMENT_LINK
CASE_01132,CUST_01132,Jason Gonzales,15000,FAILED,CARD_DECLINED,2,0.66,20,False,SEND_PAYMENT_LINK
CASE_01133,CUST_01133,Paul King,4999,ABANDONED,NONE,0,0.5,0,True,SEND_PAYMENT_LINK
CASE_01134,CUST_01134,Debbie Moore,4999,FAILED,CARD_DECLINED,0,0.32,30,False,ESCALATE_HUMAN
CASE_01135,CUST_01135,Adam Andrade,100000,FAILED,INSUFFICIENT_FUNDS,1,0.24,15,False,ESCALATE_HUMAN
CASE_01136,CUST_01136,David Lopez,9999,FAILED,TIMEOUT,2,0.43,0,False,SEND_PAYMENT_LINK
CASE_01137,CUST_01137,Robert Ortega,25000,FAILED,BANK_ERROR,0,0.68,0,False,RETRY_PAYMENT
CASE_01138,CUST_01138,Stephanie Williams,7999,FAILED,INSUFFICIENT_FUNDS,2,0.28,15,False,SEND_PAYMENT_LINK
CASE_01139,CUST_01139,Mr. Jorge Werner,1499,FAILED,BANK_ERROR,2,0.5,30,False,ESCALATE_HUMAN
CASE_01140,CUST_01140,Anne Rodriguez,9999,FAILED,BANK_ERROR,0,0.37,45,False,ESCALATE_HUMAN
CASE_01141,CUST_01141,Lisa Brown,2499,FAILED,CARD_DECLINED,0,0.53,0,False,SEND_PAYMENT_LINK
CASE_01142,CUST_01142,Charles Thompson,999,FAILED,TIMEOUT,3,0.48,15,False,STOP
CASE_01143,CUST_01143,Lisa Chan,1499,ABANDONED,NONE,2,0.34,10,True,SEND_PAYMENT_LINK
CASE_01144,CUST_01144,Ryan Ramos,499,FAILED,BANK_ERROR,1,0.89,0,False,RETRY_PAYMENT
CASE_01145,CUST_01145,Anthony Bonilla,100000,FAILED,INSUFFICIENT_FUNDS,1,0.37,0,False,ESCALATE_HUMAN
CASE_01146,CUST_01146,Katherine Leach,9999,FAILED,TIMEOUT,0,0.82,20,False,RETRY_PAYMENT
CASE_01147,CUST_01147,Peter Dominguez,499,FAILED,TIMEOUT,0,0.83,45,False,ESCALATE_HUMAN
CASE_01148,CUST_01148,Krista Neal,50000,FAILED,NETWORK_ERROR,0,0.93,0,False,RETRY_PAYMENT
CASE_01149,CUST_01149,Tony Gay,999,FAILED,TIMEOUT,0,0.83,5,False,RETRY_PAYMENT
CASE_01150,CUST_01150,Craig Williams,50000,FAILED,BANK_ERROR,2,0.22,0,False,SEND_PAYMENT_LINK
CASE_01151,CUST_01151,Dorothy Wright,100000,FAILED,CARD_DECLINED,2,0.48,45,False,ESCALATE_HUMAN
CASE_01152,CUST_01152,Jeffrey Hampton,100000,FAILED,CARD_DECLINED,0,0.28,0,False,ESCALATE_HUMAN
CASE_01153,CUST_01153,William Reyes,25000,FAILED,BANK_ERROR,2,0.34,45,False,ESCALATE_HUMAN
CASE_01154,CUST_01154,Mark Freeman,499,FAILED,BANK_ERROR,3,0.49,0,False,STOP
CASE_01155,CUST_01155,Elizabeth Pugh,15000,FAILED,BANK_ERROR,2,0.99,20,False,RETRY_PAYMENT
CASE_01156,CUST_01156,Megan Brown,2499,FAILED,NETWORK_ERROR,0,0.81,15,False,RETRY_PAYMENT
CASE_01157,CUST_01157,Jessica Quinn,999,ABANDONED,NONE,0,0.62,30,True,ESCALATE_HUMAN
CASE_01158,CUST_01158,Kevin Rich,7999,FAILED,CARD_DECLINED,0,0.27,30,False,ESCALATE_HUMAN
CASE_01159,CUST_01159,Eric Wood PhD,999,ABANDONED,NONE,2,0.57,10,True,SEND_PAYMENT_LINK
CASE_01160,CUST_01160,Jessica Boyd,75000,ABANDONED,NONE,1,0.64,10,True,ESCALATE_HUMAN
CASE_01161,CUST_01161,Steven Sawyer,9999,FAILED,TIMEOUT,3,0.95,15,False,STOP
CASE_01162,CUST_01162,Cynthia Porter,1499,FAILED,NETWORK_ERROR,0,0.52,45,False,ESCALATE_HUMAN
CASE_01163,CUST_01163,Bianca Wright,75000,FAILED,TIMEOUT,1,0.52,0,False,ESCALATE_HUMAN
CASE_01164,CUST_01164,Alexander Copeland,100000,FAILED,TIMEOUT,2,0.98,15,False,ESCALATE_HUMAN
CASE_01165,CUST_01165,Brad Harris,2499,ABANDONED,NONE,0,0.39,20,True,SEND_PAYMENT_LINK
CASE_01166,CUST_01166,Michelle Henry,100000,ABANDONED,NONE,2,0.81,10,True,ESCALATE_HUMAN
CASE_01167,CUST_01167,Gary Willis,75000,ABANDONED,NONE,2,0.58,20,True,ESCALATE_HUMAN
CASE_01168,CUST_01168,David Hodges,15000,FAILED,BANK_ERROR,3,0.29,10,False,STOP
CASE_01169,CUST_01169,Edward Martinez,15000,ABANDONED,NONE,1,0.7,0,True,SEND_PAYMENT_LINK
CASE_01170,CUST_01170,Rebecca Li,499,FAILED,TIMEOUT,0,0.6,0,False,SEND_PAYMENT_LINK
CASE_01171,CUST_01171,Jeremy Morris,9999,FAILED,BANK_ERROR,2,0.7,0,False,SEND_PAYMENT_LINK
CASE_01172,CUST_01172,Jasmine Wagner,75000,ABANDONED,NONE,3,0.36,30,True,STOP
CASE_01173,CUST_01173,Leslie Ryan,15000,FAILED,CARD_DECLINED,2,0.85,45,False,ESCALATE_HUMAN
CASE_01174,CUST_01174,Kimberly Rhodes,25000,FAILED,TIMEOUT,3,0.9,0,False,STOP
CASE_01175,CUST_01175,Phillip Ponce,9999,ABANDONED,NONE,2,0.88,30,True,ESCALATE_HUMAN
CASE_01176,CUST_01176,Brenda Allen,15000,FAILED,TIMEOUT,1,0.65,10,False,SEND_PAYMENT_LINK
CASE_01177,CUST_01177,Renee Ford,1499,ABANDONED,NONE,3,0.31,20,True,STOP
CASE_01178,CUST_01178,Shannon Chambers,15000,FAILED,CARD_DECLINED,3,0.73,45,False,STOP
CASE_01179,CUST_01179,Janice Johnson,50000,ABANDONED,NONE,3,0.65,0,True,STOP
CASE_01180,CUST_01180,Laura Wheeler,25000,FAILED,NETWORK_ERROR,2,0.6,20,False,SEND_PAYMENT_LINK
CASE_01181,CUST_01181,Mark Lee,7999,FAILED,INSUFFICIENT_FUNDS,0,0.22,0,False,SEND_PAYMENT_LINK
CASE_01182,CUST_01182,Heather Walters,1499,FAILED,INSUFFICIENT_FUNDS,0,0.81,15,False,SEND_PAYMENT_LINK
CASE_01183,CUST_01183,Tiffany Moore,9999,FAILED,NETWORK_ERROR,2,0.99,20,False,RETRY_PAYMENT
CASE_01184,CUST_01184,Tyler Charles,7999,FAILED,BANK_ERROR,1,0.39,10,False,SEND_PAYMENT_LINK
CASE_01185,CUST_01185,Jessica Anderson,50000,FAILED,TIMEOUT,2,0.29,0,False,SEND_PAYMENT_LINK
CASE_01186,CUST_01186,James Sanchez,499,FAILED,TIMEOUT,3,0.73,20,False,STOP
CASE_01187,CUST_01187,Jeffrey Jones,50000,ABANDONED,NONE,2,0.22,30,True,ESCALATE_HUMAN
CASE_01188,CUST_01188,John Nelson,50000,FAILED,INSUFFICIENT_FUNDS,3,0.66,15,False,STOP
CASE_01189,CUST_01189,Daniel Thompson,50000,FAILED,NETWORK_ERROR,0,0.75,5,False,RETRY_PAYMENT
CASE_01190,CUST_01190,Walter Conley,7999,ABANDONED,NONE,2,0.33,10,True,SEND_PAYMENT_LINK
CASE_01191,CUST_01191,James Lewis,7999,ABANDONED,NONE,1,0.6,0,True,SEND_PAYMENT_LINK
CASE_01192,CUST_01192,Diana Price,25000,FAILED,INSUFFICIENT_FUNDS,2,0.24,20,False,SEND_PAYMENT_LINK
CASE_01193,CUST_01193,Anne Hill,2499,FAILED,CARD_DECLINED,0,0.67,10,False,SEND_PAYMENT_LINK
CASE_01194,CUST_01194,Jonathan Barton,999,ABANDONED,NONE,3,0.37,0,True,STOP
CASE_01195,CUST_01195,Stephanie Torres,75000,FAILED,CARD_DECLINED,2,0.55,45,False,ESCALATE_HUMAN
CASE_01196,CUST_01196,Angela Johnson,7999,FAILED,NETWORK_ERROR,3,0.4,45,False,STOP
CASE_01197,CUST_01197,Steven Williams,15000,FAILED,TIMEOUT,1,0.66,5,False,SEND_PAYMENT_LINK
CASE_01198,CUST_01198,Cristian Benitez,100000,ABANDONED,NONE,2,0.95,45,True,ESCALATE_HUMAN
CASE_01199,CUST_01199,Melissa Johnson,50000,ABANDONED,NONE,0,0.62,15,True,SEND_PAYMENT_LINK
CASE_01200,CUST_01200,Monica Houston,15000,FAILED,BANK_ERROR,1,0.8,10,False,RETRY_PAYMENT
CASE_01201,CUST_01201,James Williams,9999,ABANDONED,NONE,2,0.89,0,True,SEND_PAYMENT_LINK
CASE_01202,CUST_01202,Patricia Marquez,75000,FAILED,NETWORK_ERROR,2,0.86,0,False,ESCALATE_HUMAN
CASE_01203,CUST_01203,Steven Thomas,4999,FAILED,NETWORK_ERROR,1,0.29,5,False,SEND_PAYMENT_LINK
CASE_01204,CUST_01204,Austin Roberson,499,FAILED,INSUFFICIENT_FUNDS,3,0.59,20,False,STOP
CASE_01205,CUST_01205,Elizabeth Oliver,9999,FAILED,BANK_ERROR,1,0.42,0,False,SEND_PAYMENT_LINK
CASE_01206,CUST_01206,Catherine Colon,4999,FAILED,CARD_DECLINED,1,0.72,0,False,SEND_PAYMENT_LINK
CASE_01207,CUST_01207,Lawrence Frazier,100000,ABANDONED,NONE,0,0.24,0,True,ESCALATE_HUMAN
CASE_01208,CUST_01208,Sarah Patterson,7999,FAILED,TIMEOUT,3,0.92,0,False,STOP
CASE_01209,CUST_01209,William Hughes,9999,FAILED,BANK_ERROR,0,0.66,45,False,ESCALATE_HUMAN
CASE_01210,CUST_01210,Emily Jenkins,999,FAILED,NETWORK_ERROR,0,0.39,0,False,SEND_PAYMENT_LINK
CASE_01211,CUST_01211,Maria Brown,7999,FAILED,CARD_DECLINED,3,0.84,5,False,STOP
CASE_01212,CUST_01212,Cory Tyler,9999,FAILED,BANK_ERROR,0,0.34,10,False,SEND_PAYMENT_LINK
CASE_01213,CUST_01213,Michelle Gibson,15000,ABANDONED,NONE,2,0.89,0,True,SEND_PAYMENT_LINK
CASE_01214,CUST_01214,Regina Davis,15000,FAILED,TIMEOUT,2,0.64,30,False,ESCALATE_HUMAN
CASE_01215,CUST_01215,Thomas Mckenzie,75000,FAILED,INSUFFICIENT_FUNDS,1,0.49,15,False,ESCALATE_HUMAN
CASE_01216,CUST_01216,Julia Sherman,4999,FAILED,CARD_DECLINED,0,0.87,0,False,SEND_PAYMENT_LINK
CASE_01217,CUST_01217,Jason Moore,100000,FAILED,INSUFFICIENT_FUNDS,3,0.45,15,False,STOP
CASE_01218,CUST_01218,Adam Williams,75000,FAILED,CARD_DECLINED,1,0.89,20,False,ESCALATE_HUMAN
CASE_01219,CUST_01219,Jacob Brady,499,ABANDONED,NONE,2,0.44,5,True,SEND_PAYMENT_LINK
CASE_01220,CUST_01220,Anthony Moyer,4999,FAILED,BANK_ERROR,3,0.71,20,False,STOP
CASE_01221,CUST_01221,Mrs. Ashley Powell MD,499,FAILED,TIMEOUT,3,0.58,20,False,STOP
CASE_01222,CUST_01222,David Bailey,7999,ABANDONED,NONE,0,0.86,10,True,SEND_PAYMENT_LINK
CASE_01223,CUST_01223,Nancy Gordon,25000,FAILED,INSUFFICIENT_FUNDS,3,0.68,45,False,STOP
CASE_01224,CUST_01224,Jeremiah James,100000,FAILED,NETWORK_ERROR,0,0.81,0,False,ESCALATE_HUMAN
CASE_01225,CUST_01225,Nicole Jones,75000,ABANDONED,NONE,1,0.2,5,True,ESCALATE_HUMAN
CASE_01226,CUST_01226,Kenneth Mcdonald,75000,FAILED,INSUFFICIENT_FUNDS,0,0.29,5,False,ESCALATE_HUMAN
CASE_01227,CUST_01227,Kelly Bernard,25000,FAILED,CARD_DECLINED,3,0.83,15,False,STOP
CASE_01228,CUST_01228,Kendra Humphrey,15000,ABANDONED,NONE,1,0.41,15,True,SEND_PAYMENT_LINK
CASE_01229,CUST_01229,Elizabeth Mendoza,4999,FAILED,TIMEOUT,3,0.49,20,False,STOP
CASE_01230,CUST_01230,Anthony Heath,9999,FAILED,TIMEOUT,0,0.94,5,False,RETRY_PAYMENT
CASE_01231,CUST_01231,Michelle Roberts,999,ABANDONED,NONE,1,0.41,0,True,SEND_PAYMENT_LINK
CASE_01232,CUST_01232,John Anderson,499,ABANDONED,NONE,3,0.68,0,True,STOP
CASE_01233,CUST_01233,John Dunn,999,FAILED,BANK_ERROR,0,0.21,45,False,ESCALATE_HUMAN
CASE_01234,CUST_01234,John Baldwin,9999,ABANDONED,NONE,3,0.29,5,True,STOP
CASE_01235,CUST_01235,Daniel Haynes,2499,FAILED,INSUFFICIENT_FUNDS,3,0.51,20,False,STOP
CASE_01236,CUST_01236,Dr. Edward Robinson,2499,FAILED,INSUFFICIENT_FUNDS,1,0.53,20,False,SEND_PAYMENT_LINK
CASE_01237,CUST_01237,Alexander Hunt,1499,FAILED,INSUFFICIENT_FUNDS,2,0.39,30,False,ESCALATE_HUMAN
CASE_01238,CUST_01238,Jonathan Morris,2499,FAILED,CARD_DECLINED,3,0.27,30,False,STOP
CASE_01239,CUST_01239,Sarah Sanchez,1499,FAILED,NETWORK_ERROR,1,0.77,20,False,RETRY_PAYMENT
CASE_01240,CUST_01240,Matthew Carrillo,100000,FAILED,TIMEOUT,0,0.65,0,False,ESCALATE_HUMAN
CASE_01241,CUST_01241,Evan Lopez,7999,FAILED,NETWORK_ERROR,2,1.0,0,False,RETRY_PAYMENT
CASE_01242,CUST_01242,Craig Smith,499,FAILED,CARD_DECLINED,3,0.44,20,False,STOP
CASE_01243,CUST_01243,Nichole Barnes,75000,FAILED,BANK_ERROR,0,0.66,10,False,ESCALATE_HUMAN
CASE_01244,CUST_01244,Jennifer Escobar,1499,ABANDONED,NONE,2,0.9,0,True,SEND_PAYMENT_LINK
CASE_01245,CUST_01245,Colton Williams,999,FAILED,CARD_DECLINED,3,0.31,0,False,STOP
CASE_01246,CUST_01246,Amy Jackson,7999,FAILED,BANK_ERROR,3,0.9,10,False,STOP
CASE_01247,CUST_01247,Matthew Rodriguez,100000,FAILED,NETWORK_ERROR,2,0.92,10,False,ESCALATE_HUMAN
CASE_01248,CUST_01248,Robert Barnes,50000,FAILED,CARD_DECLINED,2,0.55,0,False,SEND_PAYMENT_LINK
CASE_01249,CUST_01249,Chad Roy,15000,FAILED,CARD_DECLINED,3,0.24,0,False,STOP
CASE_01250,CUST_01250,Lindsay Ortiz,499,FAILED,BANK_ERROR,0,0.58,0,False,SEND_PAYMENT_LINK
CASE_01251,CUST_01251,Richard Friedman,9999,FAILED,NETWORK_ERROR,0,0.55,45,False,ESCALATE_HUMAN
CASE_01252,CUST_01252,Matthew Ortega,15000,ABANDONED,NONE,3,0.29,0,True,STOP
CASE_01253,CUST_01253,Laura Green,999,FAILED,TIMEOUT,1,0.89,0,False,RETRY_PAYMENT
CASE_01254,CUST_01254,Stephanie Rivera,1499,FAILED,CARD_DECLINED,1,0.67,0,False,SEND_PAYMENT_LINK
CASE_01255,CUST_01255,Kristina Waters,25000,FAILED,NETWORK_ERROR,0,0.4,30,False,ESCALATE_HUMAN
CASE_01256,CUST_01256,Caitlin Williams,75000,FAILED,INSUFFICIENT_FUNDS,0,0.43,0,False,ESCALATE_HUMAN
CASE_01257,CUST_01257,Jeffrey Baker,9999,FAILED,CARD_DECLINED,0,0.87,0,False,SEND_PAYMENT_LINK
CASE_01258,CUST_01258,Ronnie Wilson,499,FAILED,NETWORK_ERROR,3,0.56,10,False,STOP
CASE_01259,CUST_01259,Julie Green,50000,FAILED,INSUFFICIENT_FUNDS,0,0.72,30,False,ESCALATE_HUMAN
CASE_01260,CUST_01260,Mason Hogan,7999,FAILED,BANK_ERROR,0,0.84,10,False,RETRY_PAYMENT
CASE_01261,CUST_01261,Jennifer Dixon,7999,FAILED,TIMEOUT,3,0.27,10,False,STOP
CASE_01262,CUST_01262,Jamie Jimenez,1499,FAILED,NETWORK_ERROR,0,0.22,5,False,SEND_PAYMENT_LINK
CASE_01263,CUST_01263,Danielle Hobbs,1499,ABANDONED,NONE,3,0.43,0,True,STOP
CASE_01264,CUST_01264,Tina Chandler,999,FAILED,NETWORK_ERROR,3,0.79,10,False,STOP
CASE_01265,CUST_01265,Lauren Patterson,75000,FAILED,INSUFFICIENT_FUNDS,0,0.87,45,False,ESCALATE_HUMAN
CASE_01266,CUST_01266,Christine Shannon,2499,ABANDONED,NONE,3,0.91,30,True,STOP
CASE_01267,CUST_01267,Randy Reed,4999,ABANDONED,NONE,0,0.81,15,True,SEND_PAYMENT_LINK
CASE_01268,CUST_01268,Abigail Carr,50000,FAILED,NETWORK_ERROR,3,0.27,45,False,STOP
CASE_01269,CUST_01269,Omar Black,7999,ABANDONED,NONE,1,0.72,0,True,SEND_PAYMENT_LINK
CASE_01270,CUST_01270,Christian Fox,15000,FAILED,INSUFFICIENT_FUNDS,3,0.55,30,False,STOP
CASE_01271,CUST_01271,James Lang,4999,FAILED,BANK_ERROR,2,0.87,45,False,ESCALATE_HUMAN
CASE_01272,CUST_01272,Gregory Ho,9999,FAILED,CARD_DECLINED,0,0.64,0,False,SEND_PAYMENT_LINK
CASE_01273,CUST_01273,Justin Murray,25000,FAILED,CARD_DECLINED,3,0.53,30,False,STOP
CASE_01274,CUST_01274,John Romero,75000,FAILED,INSUFFICIENT_FUNDS,2,0.67,45,False,ESCALATE_HUMAN
CASE_01275,CUST_01275,Brandi Bailey,499,FAILED,NETWORK_ERROR,1,0.83,20,False,RETRY_PAYMENT
CASE_01276,CUST_01276,Timothy Pacheco,499,FAILED,NETWORK_ERROR,2,0.45,30,False,ESCALATE_HUMAN
CASE_01277,CUST_01277,Emily Williams,75000,ABANDONED,NONE,2,0.47,0,True,ESCALATE_HUMAN
CASE_01278,CUST_01278,Laura Young,2499,FAILED,TIMEOUT,2,0.9,0,False,RETRY_PAYMENT
CASE_01279,CUST_01279,Albert Palmer,9999,FAILED,TIMEOUT,3,0.29,0,False,STOP
CASE_01280,CUST_01280,Barbara Johnson PhD,75000,ABANDONED,NONE,3,0.75,30,True,STOP
CASE_01281,CUST_01281,Stephanie Glenn,4999,FAILED,NETWORK_ERROR,2,0.27,0,False,SEND_PAYMENT_LINK
CASE_01282,CUST_01282,Anna Nguyen,499,FAILED,TIMEOUT,0,0.76,5,False,RETRY_PAYMENT
CASE_01283,CUST_01283,Brian Thompson DDS,499,FAILED,NETWORK_ERROR,1,0.72,20,False,SEND_PAYMENT_LINK
CASE_01284,CUST_01284,Ashley Johnson,25000,FAILED,TIMEOUT,2,0.82,0,False,RETRY_PAYMENT
CASE_01285,CUST_01285,Sarah Burton,15000,ABANDONED,NONE,0,0.29,0,True,SEND_PAYMENT_LINK
CASE_01286,CUST_01286,John Juarez,100000,ABANDONED,NONE,3,0.58,30,True,STOP
CASE_01287,CUST_01287,Maria Lawson,50000,FAILED,BANK_ERROR,2,0.66,20,False,RETRY_PAYMENT
CASE_01288,CUST_01288,Tracy Coleman,499,FAILED,NETWORK_ERROR,3,0.88,45,False,STOP
CASE_01289,CUST_01289,Alexander Mitchell,4999,FAILED,NETWORK_ERROR,3,0.59,30,False,STOP
CASE_01290,CUST_01290,Cynthia Reyes,2499,FAILED,CARD_DECLINED,0,0.54,15,False,SEND_PAYMENT_LINK
CASE_01291,CUST_01291,Lauren Lewis,25000,FAILED,INSUFFICIENT_FUNDS,3,0.91,0,False,STOP
CASE_01292,CUST_01292,Bryan Green,15000,FAILED,NETWORK_ERROR,3,0.22,10,False,STOP
CASE_01293,CUST_01293,Alfred Foster,100000,FAILED,NETWORK_ERROR,2,0.55,45,False,ESCALATE_HUMAN
CASE_01294,CUST_01294,David Taylor,2499,FAILED,CARD_DECLINED,3,0.3,10,False,STOP
CASE_01295,CUST_01295,Michael Patterson,100000,ABANDONED,NONE,3,0.87,15,True,STOP
CASE_01296,CUST_01296,Shannon Thomas,15000,FAILED,CARD_DECLINED,1,0.43,0,False,SEND_PAYMENT_LINK
CASE_01297,CUST_01297,Johnny Watson,75000,ABANDONED,NONE,1,0.34,0,True,ESCALATE_HUMAN
CASE_01298,CUST_01298,Christopher Shields,50000,ABANDONED,NONE,0,0.83,30,True,ESCALATE_HUMAN
CASE_01299,CUST_01299,Heidi Armstrong,4999,FAILED,BANK_ERROR,0,1.0,15,False,RETRY_PAYMENT
CASE_01300,CUST_01300,Ashley Gutierrez,4999,FAILED,BANK_ERROR,1,0.86,45,False,ESCALATE_HUMAN
CASE_01301,CUST_01301,Cody Cole,499,FAILED,INSUFFICIENT_FUNDS,3,0.29,5,False,STOP
CASE_01302,CUST_01302,Angelica Mathis,999,FAILED,NETWORK_ERROR,2,0.99,15,False,RETRY_PAYMENT
CASE_01303,CUST_01303,Lindsey Willis,499,FAILED,BANK_ERROR,0,0.77,30,False,ESCALATE_HUMAN
CASE_01304,CUST_01304,Mrs. Paige Stevens,15000,FAILED,TIMEOUT,0,0.86,0,False,RETRY_PAYMENT
CASE_01305,CUST_01305,Jeffery Herrera,25000,FAILED,BANK_ERROR,0,0.9,15,False,RETRY_PAYMENT
CASE_01306,CUST_01306,Richard Ortiz,1499,FAILED,NETWORK_ERROR,3,0.79,0,False,STOP
CASE_01307,CUST_01307,Nicole Sutton,1499,FAILED,INSUFFICIENT_FUNDS,1,0.3,5,False,SEND_PAYMENT_LINK
CASE_01308,CUST_01308,James Reynolds,15000,ABANDONED,NONE,0,0.4,30,True,ESCALATE_HUMAN
CASE_01309,CUST_01309,Elizabeth Crawford,7999,FAILED,CARD_DECLINED,1,0.27,15,False,SEND_PAYMENT_LINK
CASE_01310,CUST_01310,Joseph Martin,100000,ABANDONED,NONE,2,0.7,5,True,ESCALATE_HUMAN
CASE_01311,CUST_01311,Ann Donovan,1499,ABANDONED,NONE,1,0.31,20,True,SEND_PAYMENT_LINK
CASE_01312,CUST_01312,Denise Wilson,9999,ABANDONED,NONE,3,0.96,45,True,STOP
CASE_01313,CUST_01313,Jessica Jones,75000,FAILED,TIMEOUT,3,0.32,0,False,STOP
CASE_01314,CUST_01314,Elijah Gonzalez,100000,FAILED,TIMEOUT,2,0.45,0,False,ESCALATE_HUMAN
CASE_01315,CUST_01315,Matthew Hodge,9999,FAILED,NETWORK_ERROR,0,0.73,0,False,SEND_PAYMENT_LINK
CASE_01316,CUST_01316,Michael Clark,499,FAILED,NETWORK_ERROR,3,0.91,45,False,STOP
CASE_01317,CUST_01317,Jeremy Nguyen,4999,FAILED,INSUFFICIENT_FUNDS,0,0.86,45,False,ESCALATE_HUMAN
CASE_01318,CUST_01318,Derrick Taylor,50000,FAILED,NETWORK_ERROR,3,0.72,45,False,STOP
CASE_01319,CUST_01319,Joshua Pacheco,50000,ABANDONED,NONE,2,0.91,20,True,SEND_PAYMENT_LINK
CASE_01320,CUST_01320,Mary Mathis,2499,FAILED,TIMEOUT,0,0.63,20,False,SEND_PAYMENT_LINK
CASE_01321,CUST_01321,Jermaine Cross,100000,FAILED,CARD_DECLINED,2,0.37,45,False,ESCALATE_HUMAN
CASE_01322,CUST_01322,John Ray,25000,FAILED,CARD_DECLINED,2,0.81,0,False,SEND_PAYMENT_LINK
CASE_01323,CUST_01323,Megan Obrien,499,FAILED,CARD_DECLINED,2,0.39,10,False,SEND_PAYMENT_LINK
CASE_01324,CUST_01324,Stephen Buckley,100000,ABANDONED,NONE,0,0.79,15,True,ESCALATE_HUMAN
CASE_01325,CUST_01325,Dennis Fox,4999,FAILED,TIMEOUT,0,0.81,0,False,RETRY_PAYMENT
CASE_01326,CUST_01326,Luis Carter,15000,FAILED,CARD_DECLINED,0,0.56,5,False,SEND_PAYMENT_LINK
CASE_01327,CUST_01327,Paula Rush,100000,FAILED,INSUFFICIENT_FUNDS,2,0.43,0,False,ESCALATE_HUMAN
CASE_01328,CUST_01328,Brian Collins,100000,ABANDONED,NONE,1,0.28,45,True,ESCALATE_HUMAN
CASE_01329,CUST_01329,Derek Mann,50000,FAILED,INSUFFICIENT_FUNDS,3,0.28,20,False,STOP
CASE_01330,CUST_01330,Emily Schmidt,9999,FAILED,TIMEOUT,0,0.54,0,False,RETRY_PAYMENT
CASE_01331,CUST_01331,Dana Anderson,15000,FAILED,INSUFFICIENT_FUNDS,3,0.67,45,False,STOP
CASE_01332,CUST_01332,Peter Ramirez,9999,FAILED,CARD_DECLINED,3,0.71,30,False,STOP
CASE_01333,CUST_01333,Richard Todd,100000,ABANDONED,NONE,3,0.86,0,True,STOP
CASE_01334,CUST_01334,Alexandria Cortez,25000,FAILED,NETWORK_ERROR,3,0.3,45,False,STOP
CASE_01335,CUST_01335,Michelle Richards,25000,FAILED,BANK_ERROR,3,0.58,0,False,STOP
CASE_01336,CUST_01336,Edward Warren,25000,FAILED,TIMEOUT,3,0.29,15,False,STOP
CASE_01337,CUST_01337,Kathleen Lozano,50000,FAILED,TIMEOUT,1,0.29,10,False,SEND_PAYMENT_LINK
CASE_01338,CUST_01338,Lisa Rodriguez,7999,FAILED,INSUFFICIENT_FUNDS,3,0.22,0,False,STOP
CASE_01339,CUST_01339,John Sanchez,1499,ABANDONED,NONE,0,0.95,10,True,SEND_PAYMENT_LINK
CASE_01340,CUST_01340,Joshua Page,4999,FAILED,BANK_ERROR,3,0.2,45,False,STOP
CASE_01341,CUST_01341,Jermaine Parsons,7999,FAILED,TIMEOUT,3,0.58,10,False,STOP
CASE_01342,CUST_01342,Jennifer Velasquez,50000,ABANDONED,NONE,2,0.83,30,True,ESCALATE_HUMAN
CASE_01343,CUST_01343,Jennifer Leonard,100000,FAILED,BANK_ERROR,3,0.81,30,False,STOP
CASE_01344,CUST_01344,Jessica Poole,1499,FAILED,TIMEOUT,3,0.51,20,False,STOP
CASE_01345,CUST_01345,Rachel Green,7999,FAILED,NETWORK_ERROR,2,0.72,0,False,SEND_PAYMENT_LINK
CASE_01346,CUST_01346,Keith Houston,50000,FAILED,CARD_DECLINED,0,0.72,0,False,ESCALATE_HUMAN
CASE_01347,CUST_01347,Billy Mckenzie,50000,FAILED,CARD_DECLINED,1,0.8,45,False,ESCALATE_HUMAN
CASE_01348,CUST_01348,Tyler Hoover,499,FAILED,CARD_DECLINED,1,0.97,10,False,SEND_PAYMENT_LINK
CASE_01349,CUST_01349,Jaime Thomas,2499,FAILED,CARD_DECLINED,3,0.27,45,False,STOP
CASE_01350,CUST_01350,Anne Miller,50000,FAILED,NETWORK_ERROR,0,0.59,0,False,RETRY_PAYMENT
CASE_01351,CUST_01351,Jodi Abbott,1499,ABANDONED,NONE,0,0.89,15,True,SEND_PAYMENT_LINK
CASE_01352,CUST_01352,Michael Valenzuela,9999,FAILED,TIMEOUT,0,0.98,45,False,ESCALATE_HUMAN
CASE_01353,CUST_01353,Mason Meadows,1499,FAILED,BANK_ERROR,1,0.4,0,False,SEND_PAYMENT_LINK
CASE_01354,CUST_01354,William Mclean,1499,FAILED,NETWORK_ERROR,1,0.25,15,False,SEND_PAYMENT_LINK
CASE_01355,CUST_01355,David Russell,1499,FAILED,TIMEOUT,2,0.51,15,False,RETRY_PAYMENT
CASE_01356,CUST_01356,Timothy Wilson,7999,FAILED,NETWORK_ERROR,0,0.24,5,False,SEND_PAYMENT_LINK
CASE_01357,CUST_01357,Jessica Williams,50000,FAILED,NETWORK_ERROR,3,0.96,10,False,STOP
CASE_01358,CUST_01358,Thomas Murphy,499,FAILED,NETWORK_ERROR,3,0.25,0,False,STOP
CASE_01359,CUST_01359,Amy Young,9999,FAILED,TIMEOUT,2,0.64,0,False,RETRY_PAYMENT
CASE_01360,CUST_01360,Eugene Reyes,25000,FAILED,INSUFFICIENT_FUNDS,3,0.56,45,False,STOP
CASE_01361,CUST_01361,Sean Sanchez,2499,FAILED,INSUFFICIENT_FUNDS,1,0.83,45,False,ESCALATE_HUMAN
CASE_01362,CUST_01362,Christina Davis,9999,ABANDONED,NONE,0,0.2,30,True,ESCALATE_HUMAN
CASE_01363,CUST_01363,Thomas Ramirez,50000,FAILED,BANK_ERROR,0,0.25,30,False,ESCALATE_HUMAN
CASE_01364,CUST_01364,Jamie Payne,4999,FAILED,NETWORK_ERROR,2,0.87,5,False,RETRY_PAYMENT
CASE_01365,CUST_01365,David Costa,50000,FAILED,TIMEOUT,1,0.79,0,False,RETRY_PAYMENT
CASE_01366,CUST_01366,William Jones,4999,FAILED,NETWORK_ERROR,0,0.86,45,False,ESCALATE_HUMAN
CASE_01367,CUST_01367,Rhonda Adams,4999,ABANDONED,NONE,1,0.69,15,True,SEND_PAYMENT_LINK
CASE_01368,CUST_01368,Gregory Marshall,75000,FAILED,INSUFFICIENT_FUNDS,3,0.42,15,False,STOP
CASE_01369,CUST_01369,Tammie Allen,7999,FAILED,NETWORK_ERROR,2,0.21,0,False,SEND_PAYMENT_LINK
CASE_01370,CUST_01370,Nicholas Allen,75000,FAILED,CARD_DECLINED,3,0.2,0,False,STOP
CASE_01371,CUST_01371,Christopher Cortez,75000,FAILED,NETWORK_ERROR,3,0.81,45,False,STOP
CASE_01372,CUST_01372,Aimee Fisher,999,FAILED,CARD_DECLINED,0,0.91,30,False,ESCALATE_HUMAN
CASE_01373,CUST_01373,Laura Vargas,75000,FAILED,INSUFFICIENT_FUNDS,3,0.86,15,False,STOP
CASE_01374,CUST_01374,Yolanda Hopkins,9999,FAILED,TIMEOUT,0,0.57,5,False,RETRY_PAYMENT
CASE_01375,CUST_01375,Christina Parker,2499,FAILED,INSUFFICIENT_FUNDS,2,0.35,10,False,SEND_PAYMENT_LINK
CASE_01376,CUST_01376,Nicholas Potter,100000,FAILED,BANK_ERROR,3,0.97,0,False,STOP
CASE_01377,CUST_01377,Alexis Boyd,4999,ABANDONED,NONE,1,0.21,20,True,SEND_PAYMENT_LINK
CASE_01378,CUST_01378,Shelly Barr,999,FAILED,CARD_DECLINED,3,0.34,5,False,STOP
CASE_01379,CUST_01379,Abigail Marshall,75000,FAILED,TIMEOUT,1,0.8,0,False,ESCALATE_HUMAN
CASE_01380,CUST_01380,Suzanne Stanley,4999,FAILED,CARD_DECLINED,2,0.35,0,False,SEND_PAYMENT_LINK
CASE_01381,CUST_01381,Lisa Glover,100000,FAILED,CARD_DECLINED,3,0.2,20,False,STOP
CASE_01382,CUST_01382,Hannah Morales,75000,FAILED,INSUFFICIENT_FUNDS,3,0.88,20,False,STOP
CASE_01383,CUST_01383,Rachel Watson,4999,FAILED,CARD_DECLINED,3,0.6,45,False,STOP
CASE_01384,CUST_01384,Jennifer Stanley,499,FAILED,TIMEOUT,2,0.93,45,False,ESCALATE_HUMAN
CASE_01385,CUST_01385,Kenneth Walsh,15000,FAILED,TIMEOUT,3,0.36,0,False,STOP
CASE_01386,CUST_01386,Jacob Mason,50000,FAILED,BANK_ERROR,3,0.97,5,False,STOP
CASE_01387,CUST_01387,Deborah Rodriguez,2499,FAILED,INSUFFICIENT_FUNDS,2,0.25,0,False,SEND_PAYMENT_LINK
CASE_01388,CUST_01388,Monica Olson,499,ABANDONED,NONE,3,0.85,15,True,STOP
CASE_01389,CUST_01389,Melinda Tran,4999,FAILED,TIMEOUT,3,0.39,15,False,STOP
CASE_01390,CUST_01390,Christine Burton,499,FAILED,CARD_DECLINED,1,0.95,30,False,ESCALATE_HUMAN
CASE_01391,CUST_01391,Dennis Campbell,999,ABANDONED,NONE,0,0.27,0,True,SEND_PAYMENT_LINK
CASE_01392,CUST_01392,Denise Doyle,499,ABANDONED,NONE,2,0.91,0,True,SEND_PAYMENT_LINK
CASE_01393,CUST_01393,Douglas Ross,1499,FAILED,NETWORK_ERROR,0,0.44,20,False,SEND_PAYMENT_LINK
CASE_01394,CUST_01394,Tina Shepherd,999,FAILED,TIMEOUT,0,0.44,20,False,SEND_PAYMENT_LINK
CASE_01395,CUST_01395,Katherine Velez,9999,FAILED,CARD_DECLINED,3,0.39,0,False,STOP
CASE_01396,CUST_01396,Melvin Morgan,15000,ABANDONED,NONE,3,0.84,0,True,STOP
CASE_01397,CUST_01397,Melissa Baker,7999,FAILED,NETWORK_ERROR,2,0.67,0,False,RETRY_PAYMENT
CASE_01398,CUST_01398,Christopher Hale,50000,FAILED,CARD_DECLINED,1,0.92,0,False,SEND_PAYMENT_LINK
CASE_01399,CUST_01399,Gilbert Chen,4999,FAILED,NETWORK_ERROR,3,0.78,30,False,STOP
CASE_01400,CUST_01400,Ashley Sanders,1499,FAILED,BANK_ERROR,0,0.25,10,False,SEND_PAYMENT_LINK
CASE_01401,CUST_01401,Justin Pittman,50000,ABANDONED,NONE,2,0.45,45,True,ESCALATE_HUMAN
CASE_01402,CUST_01402,Jasmine Johnson,1499,FAILED,NETWORK_ERROR,2,0.68,10,False,RETRY_PAYMENT
CASE_01403,CUST_01403,Jenny Berry,499,FAILED,TIMEOUT,1,0.61,45,False,ESCALATE_HUMAN
CASE_01404,CUST_01404,Shawn Wood,499,ABANDONED,NONE,2,0.36,5,True,SEND_PAYMENT_LINK
CASE_01405,CUST_01405,Stephanie Hoffman,75000,FAILED,TIMEOUT,2,0.35,30,False,ESCALATE_HUMAN
CASE_01406,CUST_01406,Kenneth Dean,100000,ABANDONED,NONE,2,0.88,15,True,ESCALATE_HUMAN
CASE_01407,CUST_01407,Elizabeth Adams,50000,FAILED,NETWORK_ERROR,2,0.33,30,False,ESCALATE_HUMAN
CASE_01408,CUST_01408,Savannah Frazier,499,ABANDONED,NONE,1,0.94,5,True,SEND_PAYMENT_LINK
CASE_01409,CUST_01409,Heather Johnson,100000,FAILED,NETWORK_ERROR,1,0.39,15,False,ESCALATE_HUMAN
CASE_01410,CUST_01410,Megan Rivera,100000,ABANDONED,NONE,1,0.52,0,True,ESCALATE_HUMAN
CASE_01411,CUST_01411,Brian Williamson,7999,FAILED,TIMEOUT,2,0.22,0,False,SEND_PAYMENT_LINK
CASE_01412,CUST_01412,Michele White,1499,FAILED,NETWORK_ERROR,1,0.71,15,False,RETRY_PAYMENT
CASE_01413,CUST_01413,Angelica Phillips,499,FAILED,BANK_ERROR,2,0.34,10,False,SEND_PAYMENT_LINK
CASE_01414,CUST_01414,Alexandra Hernandez,100000,FAILED,INSUFFICIENT_FUNDS,1,0.34,0,False,ESCALATE_HUMAN
CASE_01415,CUST_01415,Kayla Vincent,1499,FAILED,TIMEOUT,0,0.87,0,False,RETRY_PAYMENT
CASE_01416,CUST_01416,Charles Bates,9999,FAILED,INSUFFICIENT_FUNDS,1,0.44,5,False,SEND_PAYMENT_LINK
CASE_01417,CUST_01417,Danielle Diaz,7999,FAILED,BANK_ERROR,3,0.9,0,False,STOP
CASE_01418,CUST_01418,Phillip Graham,999,FAILED,BANK_ERROR,1,0.35,20,False,SEND_PAYMENT_LINK
CASE_01419,CUST_01419,Jason Webster,100000,FAILED,INSUFFICIENT_FUNDS,3,0.98,5,False,STOP
CASE_01420,CUST_01420,Robert Morgan,499,FAILED,CARD_DECLINED,2,0.83,15,False,SEND_PAYMENT_LINK
CASE_01421,CUST_01421,Mary Allen,2499,FAILED,INSUFFICIENT_FUNDS,1,0.88,30,False,ESCALATE_HUMAN
CASE_01422,CUST_01422,Robert Gray,2499,FAILED,NETWORK_ERROR,0,0.33,20,False,SEND_PAYMENT_LINK
CASE_01423,CUST_01423,Wesley Mack,75000,FAILED,NETWORK_ERROR,3,0.34,15,False,STOP
CASE_01424,CUST_01424,Connie Ramirez,25000,ABANDONED,NONE,3,0.58,20,True,STOP
CASE_01425,CUST_01425,Christine Herrera,75000,FAILED,BANK_ERROR,1,0.92,30,False,ESCALATE_HUMAN
CASE_01426,CUST_01426,Denise Taylor,2499,ABANDONED,NONE,1,0.44,20,True,SEND_PAYMENT_LINK
CASE_01427,CUST_01427,Tara Powers,50000,FAILED,INSUFFICIENT_FUNDS,2,0.64,0,False,SEND_PAYMENT_LINK
CASE_01428,CUST_01428,Christopher Hubbard,4999,ABANDONED,NONE,2,0.38,0,True,SEND_PAYMENT_LINK
CASE_01429,CUST_01429,Curtis Zavala,15000,FAILED,NETWORK_ERROR,3,0.57,20,False,STOP
CASE_01430,CUST_01430,Larry Wilkins,7999,ABANDONED,NONE,2,0.42,0,True,SEND_PAYMENT_LINK
CASE_01431,CUST_01431,Timothy Harris,1499,ABANDONED,NONE,1,0.41,0,True,SEND_PAYMENT_LINK
CASE_01432,CUST_01432,Eric Boyer,7999,FAILED,INSUFFICIENT_FUNDS,0,0.83,5,False,SEND_PAYMENT_LINK
CASE_01433,CUST_01433,Stephanie George MD,999,FAILED,TIMEOUT,2,0.23,5,False,SEND_PAYMENT_LINK
CASE_01434,CUST_01434,Caleb Sexton,7999,FAILED,INSUFFICIENT_FUNDS,2,0.44,10,False,SEND_PAYMENT_LINK
CASE_01435,CUST_01435,Melanie Rush,2499,FAILED,CARD_DECLINED,2,0.21,10,False,SEND_PAYMENT_LINK
CASE_01436,CUST_01436,David Burns,4999,FAILED,NETWORK_ERROR,3,0.86,0,False,STOP
CASE_01437,CUST_01437,William Hess,15000,FAILED,NETWORK_ERROR,1,0.38,5,False,SEND_PAYMENT_LINK
CASE_01438,CUST_01438,Jonathan Haynes,15000,FAILED,CARD_DECLINED,3,0.78,30,False,STOP
CASE_01439,CUST_01439,Ryan Cain,7999,FAILED,INSUFFICIENT_FUNDS,1,0.54,20,False,SEND_PAYMENT_LINK
CASE_01440,CUST_01440,Anna Brandt,2499,ABANDONED,NONE,3,0.88,0,True,STOP
CASE_01441,CUST_01441,Daniel Allen,7999,FAILED,CARD_DECLINED,1,0.44,0,False,SEND_PAYMENT_LINK
CASE_01442,CUST_01442,David Mcdonald,15000,FAILED,INSUFFICIENT_FUNDS,1,0.54,20,False,SEND_PAYMENT_LINK
CASE_01443,CUST_01443,Kelly Stafford,100000,FAILED,INSUFFICIENT_FUNDS,0,0.65,0,False,ESCALATE_HUMAN
CASE_01444,CUST_01444,Jose Thompson,1499,FAILED,INSUFFICIENT_FUNDS,3,0.98,5,False,STOP
CASE_01445,CUST_01445,Randy Houston,9999,FAILED,CARD_DECLINED,3,0.35,0,False,STOP
CASE_01446,CUST_01446,James Lopez,7999,ABANDONED,NONE,2,0.27,0,True,SEND_PAYMENT_LINK
CASE_01447,CUST_01447,Jonathan Mcgee,75000,FAILED,TIMEOUT,3,0.22,5,False,STOP
CASE_01448,CUST_01448,Matthew Murray,999,ABANDONED,NONE,2,0.36,10,True,SEND_PAYMENT_LINK
CASE_01449,CUST_01449,David Hickman,75000,FAILED,NETWORK_ERROR,0,0.49,0,False,ESCALATE_HUMAN
CASE_01450,CUST_01450,Brian Ortiz,1499,FAILED,NETWORK_ERROR,3,0.33,0,False,STOP
CASE_01451,CUST_01451,Sandra Miller,1499,ABANDONED,NONE,3,0.79,20,True,STOP
CASE_01452,CUST_01452,Clifford Pollard,2499,FAILED,BANK_ERROR,2,0.55,30,False,ESCALATE_HUMAN
CASE_01453,CUST_01453,Jacob Yang,1499,FAILED,CARD_DECLINED,1,0.6,30,False,ESCALATE_HUMAN
CASE_01454,CUST_01454,Jennifer Walter,4999,FAILED,TIMEOUT,1,0.56,20,False,SEND_PAYMENT_LINK
CASE_01455,CUST_01455,Trevor Burton,2499,FAILED,CARD_DECLINED,3,0.57,0,False,STOP
CASE_01456,CUST_01456,Danielle Hill,100000,FAILED,INSUFFICIENT_FUNDS,3,0.48,10,False,STOP
CASE_01457,CUST_01457,David Baker,9999,FAILED,NETWORK_ERROR,1,0.34,20,False,SEND_PAYMENT_LINK
CASE_01458,CUST_01458,William Kim,15000,ABANDONED,NONE,1,0.76,0,True,SEND_PAYMENT_LINK
CASE_01459,CUST_01459,Alexa Hawkins,9999,FAILED,BANK_ERROR,1,0.42,45,False,ESCALATE_HUMAN
CASE_01460,CUST_01460,Sheena Taylor,4999,FAILED,BANK_ERROR,3,0.53,45,False,STOP
CASE_01461,CUST_01461,Terri Mills,999,FAILED,TIMEOUT,0,0.6,15,False,RETRY_PAYMENT
CASE_01462,CUST_01462,Jonathan Shaw,1499,FAILED,BANK_ERROR,0,0.57,0,False,SEND_PAYMENT_LINK
CASE_01463,CUST_01463,Ann Hubbard,75000,ABANDONED,NONE,3,0.47,20,True,STOP
CASE_01464,CUST_01464,Christopher Hood,2499,ABANDONED,NONE,0,0.21,0,True,SEND_PAYMENT_LINK
CASE_01465,CUST_01465,Cindy Jones,100000,FAILED,INSUFFICIENT_FUNDS,3,0.59,0,False,STOP
CASE_01466,CUST_01466,Alexis Miller,999,FAILED,NETWORK_ERROR,1,0.58,10,False,SEND_PAYMENT_LINK
CASE_01467,CUST_01467,Daniel Myers,1499,FAILED,CARD_DECLINED,0,0.34,0,False,SEND_PAYMENT_LINK
CASE_01468,CUST_01468,Emily Rodriguez,25000,ABANDONED,NONE,1,0.26,0,True,SEND_PAYMENT_LINK
CASE_01469,CUST_01469,Gina Hamilton,75000,FAILED,BANK_ERROR,3,0.49,5,False,STOP
CASE_01470,CUST_01470,Donna Newton,100000,FAILED,CARD_DECLINED,1,0.55,0,False,ESCALATE_HUMAN
CASE_01471,CUST_01471,Richard Hawkins,75000,FAILED,NETWORK_ERROR,2,0.56,0,False,ESCALATE_HUMAN
CASE_01472,CUST_01472,Theresa Bishop,499,ABANDONED,NONE,1,0.94,15,True,SEND_PAYMENT_LINK
CASE_01473,CUST_01473,David West,2499,FAILED,TIMEOUT,0,0.54,0,False,RETRY_PAYMENT
CASE_01474,CUST_01474,Dawn Watson,2499,FAILED,BANK_ERROR,0,0.84,0,False,RETRY_PAYMENT
CASE_01475,CUST_01475,Kyle Pennington,100000,FAILED,TIMEOUT,3,0.61,15,False,STOP
CASE_01476,CUST_01476,Mercedes Morgan,7999,FAILED,CARD_DECLINED,1,0.95,20,False,SEND_PAYMENT_LINK
CASE_01477,CUST_01477,Kelsey White,9999,FAILED,BANK_ERROR,1,0.28,15,False,SEND_PAYMENT_LINK
CASE_01478,CUST_01478,Jessica Clark,1499,FAILED,NETWORK_ERROR,2,0.21,5,False,SEND_PAYMENT_LINK
CASE_01479,CUST_01479,Brandy Reed,15000,FAILED,TIMEOUT,2,0.72,15,False,RETRY_PAYMENT
CASE_01480,CUST_01480,Tara Davis,2499,ABANDONED,NONE,2,0.81,30,True,ESCALATE_HUMAN
CASE_01481,CUST_01481,Sandra Perkins,999,FAILED,INSUFFICIENT_FUNDS,0,0.68,20,False,SEND_PAYMENT_LINK
CASE_01482,CUST_01482,Samantha Carroll,75000,FAILED,INSUFFICIENT_FUNDS,1,0.71,15,False,ESCALATE_HUMAN
CASE_01483,CUST_01483,Jose Fry,75000,ABANDONED,NONE,0,0.47,30,True,ESCALATE_HUMAN
CASE_01484,CUST_01484,Elizabeth Chambers,9999,FAILED,CARD_DECLINED,0,0.39,0,False,SEND_PAYMENT_LINK
CASE_01485,CUST_01485,Terry Campbell,4999,FAILED,NETWORK_ERROR,1,0.7,0,False,RETRY_PAYMENT
CASE_01486,CUST_01486,Daniel Floyd,15000,FAILED,BANK_ERROR,1,0.5,0,False,RETRY_PAYMENT
CASE_01487,CUST_01487,Angel Butler,100000,ABANDONED,NONE,2,0.31,15,True,ESCALATE_HUMAN
CASE_01488,CUST_01488,Andrea Rush,75000,FAILED,CARD_DECLINED,3,0.72,10,False,STOP
CASE_01489,CUST_01489,Thomas Wolfe,499,FAILED,INSUFFICIENT_FUNDS,2,0.39,45,False,ESCALATE_HUMAN
CASE_01490,CUST_01490,Jonathan Sanchez,499,FAILED,BANK_ERROR,3,0.62,0,False,STOP
CASE_01491,CUST_01491,Natasha Grant,15000,FAILED,TIMEOUT,3,0.26,5,False,STOP
CASE_01492,CUST_01492,Sharon Jones,499,FAILED,BANK_ERROR,1,0.27,45,False,ESCALATE_HUMAN
CASE_01493,CUST_01493,Paul Walker,2499,FAILED,CARD_DECLINED,0,0.54,30,False,ESCALATE_HUMAN
CASE_01494,CUST_01494,Stephanie Bush,4999,FAILED,BANK_ERROR,1,0.54,5,False,RETRY_PAYMENT
CASE_01495,CUST_01495,Amanda Valdez,50000,ABANDONED,NONE,1,0.42,30,True,ESCALATE_HUMAN
CASE_01496,CUST_01496,Danielle Smith,999,FAILED,NETWORK_ERROR,3,0.33,30,False,STOP
CASE_01497,CUST_01497,Elizabeth Williams,9999,ABANDONED,NONE,1,0.86,30,True,ESCALATE_HUMAN
CASE_01498,CUST_01498,Jonathan Stephens,499,ABANDONED,NONE,3,0.88,10,True,STOP
CASE_01499,CUST_01499,Melinda Ramirez,50000,FAILED,CARD_DECLINED,1,0.41,30,False,ESCALATE_HUMAN
CASE_01500,CUST_01500,Abigail Fischer,4999,ABANDONED,NONE,2,0.5,30,True,ESCALATE_HUMAN
CASE_01501,CUST_01501,Zachary Adkins,999,FAILED,BANK_ERROR,3,0.36,5,False,STOP
CASE_01502,CUST_01502,Troy Garcia,499,FAILED,CARD_DECLINED,2,0.59,20,False,SEND_PAYMENT_LINK
CASE_01503,CUST_01503,Elizabeth Taylor,9999,FAILED,NETWORK_ERROR,3,0.45,0,False,STOP
CASE_01504,CUST_01504,Sandra Sullivan,9999,FAILED,TIMEOUT,3,0.95,0,False,STOP
CASE_01505,CUST_01505,Jeffrey Hawkins,2499,ABANDONED,NONE,2,0.82,15,True,SEND_PAYMENT_LINK
CASE_01506,CUST_01506,Jeremy Snyder,25000,ABANDONED,NONE,2,0.76,20,True,SEND_PAYMENT_LINK
CASE_01507,CUST_01507,Timothy Phillips,9999,FAILED,BANK_ERROR,3,0.23,15,False,STOP
CASE_01508,CUST_01508,Mr. Thomas White,75000,FAILED,BANK_ERROR,2,0.68,0,False,ESCALATE_HUMAN
CASE_01509,CUST_01509,Jennifer Maddox,4999,FAILED,CARD_DECLINED,1,0.21,0,False,SEND_PAYMENT_LINK
CASE_01510,CUST_01510,Lisa Mccullough,75000,ABANDONED,NONE,3,0.76,0,True,STOP
CASE_01511,CUST_01511,Carrie Martin,25000,FAILED,NETWORK_ERROR,1,0.86,10,False,RETRY_PAYMENT
CASE_01512,CUST_01512,Katie Wolfe,100000,FAILED,CARD_DECLINED,3,0.67,20,False,STOP
CASE_01513,CUST_01513,Daniel Price,100000,FAILED,TIMEOUT,2,0.85,10,False,ESCALATE_HUMAN
CASE_01514,CUST_01514,Anthony Short,100000,FAILED,NETWORK_ERROR,2,0.21,0,False,ESCALATE_HUMAN
CASE_01515,CUST_01515,Melissa Price,15000,FAILED,TIMEOUT,0,0.82,20,False,RETRY_PAYMENT
CASE_01516,CUST_01516,Heather Choi,25000,ABANDONED,NONE,2,0.79,0,True,SEND_PAYMENT_LINK
CASE_01517,CUST_01517,Paula Rivera,1499,FAILED,BANK_ERROR,1,0.36,0,False,SEND_PAYMENT_LINK
CASE_01518,CUST_01518,William Mercado,25000,FAILED,NETWORK_ERROR,1,0.35,0,False,SEND_PAYMENT_LINK
CASE_01519,CUST_01519,Jeremy Maldonado,100000,FAILED,BANK_ERROR,2,0.99,20,False,ESCALATE_HUMAN
CASE_01520,CUST_01520,Jaime Parker,15000,FAILED,BANK_ERROR,0,0.43,20,False,SEND_PAYMENT_LINK
CASE_01521,CUST_01521,Cesar Adams,999,FAILED,TIMEOUT,2,0.22,5,False,SEND_PAYMENT_LINK
CASE_01522,CUST_01522,Dan Baker,15000,ABANDONED,NONE,0,0.21,10,True,SEND_PAYMENT_LINK
CASE_01523,CUST_01523,David Vazquez,499,FAILED,TIMEOUT,1,0.62,0,False,RETRY_PAYMENT
CASE_01524,CUST_01524,Amy Roberson,25000,FAILED,NETWORK_ERROR,3,0.81,20,False,STOP
CASE_01525,CUST_01525,Nathan Ross,7999,FAILED,INSUFFICIENT_FUNDS,2,0.85,15,False,SEND_PAYMENT_LINK
CASE_01526,CUST_01526,Sarah Jones,75000,ABANDONED,NONE,3,0.69,15,True,STOP
CASE_01527,CUST_01527,Cindy Jackson,7999,FAILED,TIMEOUT,3,0.9,20,False,STOP
CASE_01528,CUST_01528,Michelle Long,100000,FAILED,TIMEOUT,0,0.9,10,False,ESCALATE_HUMAN
CASE_01529,CUST_01529,Adrienne Walker,100000,FAILED,INSUFFICIENT_FUNDS,3,0.69,30,False,STOP
CASE_01530,CUST_01530,Lisa Chan,25000,ABANDONED,NONE,1,0.2,15,True,SEND_PAYMENT_LINK
CASE_01531,CUST_01531,Michael Perez,499,FAILED,TIMEOUT,2,0.74,5,False,SEND_PAYMENT_LINK
CASE_01532,CUST_01532,Rachel Brewer,9999,FAILED,INSUFFICIENT_FUNDS,3,0.95,30,False,STOP
CASE_01533,CUST_01533,Aaron Lawson,75000,FAILED,NETWORK_ERROR,2,0.69,0,False,ESCALATE_HUMAN
CASE_01534,CUST_01534,William Lawson,25000,FAILED,BANK_ERROR,3,0.84,10,False,STOP
CASE_01535,CUST_01535,Donna Wheeler DDS,75000,ABANDONED,NONE,1,0.92,0,True,ESCALATE_HUMAN
CASE_01536,CUST_01536,John Bond,15000,FAILED,BANK_ERROR,1,0.34,0,False,SEND_PAYMENT_LINK
CASE_01537,CUST_01537,Amber Patterson,999,ABANDONED,NONE,0,0.33,15,True,SEND_PAYMENT_LINK
CASE_01538,CUST_01538,Marcus Blankenship,9999,FAILED,BANK_ERROR,2,0.73,0,False,SEND_PAYMENT_LINK
CASE_01539,CUST_01539,Lisa Wilson,25000,ABANDONED,NONE,0,0.84,15,True,SEND_PAYMENT_LINK
CASE_01540,CUST_01540,Taylor Baird,2499,FAILED,INSUFFICIENT_FUNDS,3,0.93,20,False,STOP
CASE_01541,CUST_01541,Arthur Mccarty,75000,ABANDONED,NONE,1,0.38,0,True,ESCALATE_HUMAN
CASE_01542,CUST_01542,Robert Bennett,4999,FAILED,TIMEOUT,0,0.47,5,False,SEND_PAYMENT_LINK
CASE_01543,CUST_01543,Heather Jefferson,100000,FAILED,CARD_DECLINED,2,0.3,15,False,ESCALATE_HUMAN
CASE_01544,CUST_01544,Kyle Medina,9999,FAILED,INSUFFICIENT_FUNDS,0,0.67,5,False,SEND_PAYMENT_LINK
CASE_01545,CUST_01545,Spencer Harris,9999,ABANDONED,NONE,2,0.82,0,True,SEND_PAYMENT_LINK
CASE_01546,CUST_01546,Christopher Sullivan,25000,FAILED,TIMEOUT,3,0.21,30,False,STOP
CASE_01547,CUST_01547,Brandon Alvarez,7999,FAILED,INSUFFICIENT_FUNDS,1,0.6,30,False,ESCALATE_HUMAN
CASE_01548,CUST_01548,Kyle Collins,1499,FAILED,BANK_ERROR,0,0.68,10,False,RETRY_PAYMENT
CASE_01549,CUST_01549,Christine Miller,100000,FAILED,INSUFFICIENT_FUNDS,3,0.7,5,False,STOP
CASE_01550,CUST_01550,Larry Mendoza,15000,FAILED,NETWORK_ERROR,0,0.98,15,False,RETRY_PAYMENT
CASE_01551,CUST_01551,Jerry Davies,1499,FAILED,BANK_ERROR,0,0.94,0,False,RETRY_PAYMENT
CASE_01552,CUST_01552,Lauren Wong,15000,ABANDONED,NONE,2,0.99,0,True,SEND_PAYMENT_LINK
CASE_01553,CUST_01553,Dawn Ward,499,ABANDONED,NONE,2,0.54,30,True,ESCALATE_HUMAN
CASE_01554,CUST_01554,Aaron Dean,7999,ABANDONED,NONE,3,0.26,10,True,STOP
CASE_01555,CUST_01555,Sheryl Holland,4999,FAILED,CARD_DECLINED,3,0.28,15,False,STOP
CASE_01556,CUST_01556,Natasha King,50000,FAILED,INSUFFICIENT_FUNDS,3,0.72,0,False,STOP
CASE_01557,CUST_01557,Stacy Griffin,15000,ABANDONED,NONE,2,0.92,5,True,SEND_PAYMENT_LINK
CASE_01558,CUST_01558,Tracey Ford,2499,FAILED,TIMEOUT,2,0.78,0,False,RETRY_PAYMENT
CASE_01559,CUST_01559,Julie Smith,75000,FAILED,NETWORK_ERROR,3,0.74,0,False,STOP
CASE_01560,CUST_01560,Michael Sanchez,499,FAILED,INSUFFICIENT_FUNDS,3,0.34,0,False,STOP
CASE_01561,CUST_01561,Deborah Walker,999,FAILED,CARD_DECLINED,3,0.98,20,False,STOP
CASE_01562,CUST_01562,David Carter,2499,FAILED,TIMEOUT,1,0.52,10,False,SEND_PAYMENT_LINK
CASE_01563,CUST_01563,Donald Zamora,1499,ABANDONED,NONE,0,0.82,20,True,SEND_PAYMENT_LINK
CASE_01564,CUST_01564,Carlos Cooper,4999,ABANDONED,NONE,2,0.21,0,True,SEND_PAYMENT_LINK
CASE_01565,CUST_01565,Emily House,999,FAILED,NETWORK_ERROR,1,0.22,30,False,ESCALATE_HUMAN
CASE_01566,CUST_01566,Jordan Martinez,4999,FAILED,CARD_DECLINED,1,0.51,20,False,SEND_PAYMENT_LINK
CASE_01567,CUST_01567,Robert Owens,4999,FAILED,TIMEOUT,2,0.25,45,False,ESCALATE_HUMAN
CASE_01568,CUST_01568,Lori Warren,1499,ABANDONED,NONE,0,0.52,45,True,ESCALATE_HUMAN
CASE_01569,CUST_01569,Jill Reyes,25000,ABANDONED,NONE,0,0.62,45,True,ESCALATE_HUMAN
CASE_01570,CUST_01570,Todd Smith,100000,FAILED,BANK_ERROR,0,0.34,0,False,ESCALATE_HUMAN
CASE_01571,CUST_01571,Jennifer Oliver,499,ABANDONED,NONE,2,0.3,0,True,SEND_PAYMENT_LINK
CASE_01572,CUST_01572,Melinda Carlson,50000,FAILED,BANK_ERROR,0,0.65,0,False,RETRY_PAYMENT
CASE_01573,CUST_01573,Robin Dorsey,999,FAILED,INSUFFICIENT_FUNDS,1,0.54,0,False,SEND_PAYMENT_LINK
CASE_01574,CUST_01574,Jason Carson,2499,FAILED,TIMEOUT,2,0.73,30,False,ESCALATE_HUMAN
CASE_01575,CUST_01575,Angela Woodward,1499,ABANDONED,NONE,2,0.62,15,True,SEND_PAYMENT_LINK
CASE_01576,CUST_01576,Hannah Boone,50000,FAILED,TIMEOUT,0,0.39,5,False,SEND_PAYMENT_LINK
CASE_01577,CUST_01577,Anna Lee,1499,FAILED,BANK_ERROR,1,0.68,5,False,RETRY_PAYMENT
CASE_01578,CUST_01578,Patricia Cantu,4999,FAILED,CARD_DECLINED,3,0.26,10,False,STOP
CASE_01579,CUST_01579,Joyce Rose,4999,ABANDONED,NONE,1,0.52,0,True,SEND_PAYMENT_LINK
CASE_01580,CUST_01580,David Ward,4999,ABANDONED,NONE,1,0.63,0,True,SEND_PAYMENT_LINK
CASE_01581,CUST_01581,Patricia Weaver,75000,FAILED,BANK_ERROR,2,0.65,45,False,ESCALATE_HUMAN
CASE_01582,CUST_01582,Michaela Davis,50000,FAILED,NETWORK_ERROR,1,0.45,20,False,SEND_PAYMENT_LINK
CASE_01583,CUST_01583,Melanie Martin,9999,FAILED,CARD_DECLINED,1,0.26,0,False,SEND_PAYMENT_LINK
CASE_01584,CUST_01584,Jacob Jones,25000,FAILED,CARD_DECLINED,3,0.25,0,False,STOP
CASE_01585,CUST_01585,Alex Yates,7999,FAILED,INSUFFICIENT_FUNDS,1,0.9,5,False,SEND_PAYMENT_LINK
CASE_01586,CUST_01586,Tyler Tran,4999,FAILED,TIMEOUT,3,0.98,5,False,STOP
CASE_01587,CUST_01587,Amber Foster,9999,FAILED,TIMEOUT,1,0.62,10,False,RETRY_PAYMENT
CASE_01588,CUST_01588,Kenneth Chavez,15000,FAILED,CARD_DECLINED,2,0.76,10,False,SEND_PAYMENT_LINK
CASE_01589,CUST_01589,Vincent Ruiz,25000,FAILED,CARD_DECLINED,0,0.92,0,False,SEND_PAYMENT_LINK
CASE_01590,CUST_01590,Rachel Wade,7999,ABANDONED,NONE,1,0.48,45,True,ESCALATE_HUMAN
CASE_01591,CUST_01591,Amy Copeland,25000,ABANDONED,NONE,3,0.67,10,True,STOP
CASE_01592,CUST_01592,Stephanie Luna,499,FAILED,BANK_ERROR,1,0.5,10,False,RETRY_PAYMENT
CASE_01593,CUST_01593,William Harmon,100000,FAILED,BANK_ERROR,3,0.77,0,False,STOP
CASE_01594,CUST_01594,Sandra Davis,15000,FAILED,NETWORK_ERROR,2,0.42,20,False,SEND_PAYMENT_LINK
CASE_01595,CUST_01595,David Webster,25000,FAILED,INSUFFICIENT_FUNDS,0,0.96,20,False,SEND_PAYMENT_LINK
CASE_01596,CUST_01596,Michael Cannon,7999,FAILED,TIMEOUT,0,0.78,0,False,RETRY_PAYMENT
CASE_01597,CUST_01597,Russell Boyle,1499,FAILED,TIMEOUT,2,0.64,30,False,ESCALATE_HUMAN
CASE_01598,CUST_01598,Austin Meadows,499,ABANDONED,NONE,1,0.58,45,True,ESCALATE_HUMAN
CASE_01599,CUST_01599,Alex Mendoza,75000,FAILED,NETWORK_ERROR,0,0.69,0,False,ESCALATE_HUMAN
CASE_01600,CUST_01600,Ethan Nelson,100000,ABANDONED,NONE,2,0.4,45,True,ESCALATE_HUMAN
CASE_01601,CUST_01601,Ralph Harper,75000,FAILED,CARD_DECLINED,3,0.97,45,False,STOP
CASE_01602,CUST_01602,Christy Robinson,2499,FAILED,TIMEOUT,2,0.87,45,False,ESCALATE_HUMAN
CASE_01603,CUST_01603,Justin Moody,7999,FAILED,NETWORK_ERROR,3,0.5,15,False,STOP
CASE_01604,CUST_01604,Thomas Duncan,999,FAILED,BANK_ERROR,0,0.43,30,False,ESCALATE_HUMAN
CASE_01605,CUST_01605,Heather Lane,4999,FAILED,BANK_ERROR,0,0.79,20,False,RETRY_PAYMENT
CASE_01606,CUST_01606,Kristina George,2499,FAILED,CARD_DECLINED,0,0.95,30,False,ESCALATE_HUMAN
CASE_01607,CUST_01607,Joseph Guerra,499,FAILED,TIMEOUT,3,0.46,15,False,STOP
CASE_01608,CUST_01608,Christian Manning,999,FAILED,INSUFFICIENT_FUNDS,1,0.52,0,False,SEND_PAYMENT_LINK
CASE_01609,CUST_01609,Geoffrey Jones,999,ABANDONED,NONE,3,0.36,45,True,STOP
CASE_01610,CUST_01610,David Parker,25000,FAILED,NETWORK_ERROR,0,0.93,0,False,RETRY_PAYMENT
CASE_01611,CUST_01611,Sandra Cabrera,1499,FAILED,BANK_ERROR,3,0.52,10,False,STOP
CASE_01612,CUST_01612,Tristan Martinez,7999,ABANDONED,NONE,1,0.63,10,True,SEND_PAYMENT_LINK
CASE_01613,CUST_01613,Richard Delgado,999,ABANDONED,NONE,3,0.33,15,True,STOP
CASE_01614,CUST_01614,Lori Bauer,100000,ABANDONED,NONE,0,0.49,5,True,ESCALATE_HUMAN
CASE_01615,CUST_01615,Lauren Jones,999,FAILED,INSUFFICIENT_FUNDS,0,0.31,20,False,SEND_PAYMENT_LINK
CASE_01616,CUST_01616,Scott Quinn,100000,FAILED,TIMEOUT,1,0.73,30,False,ESCALATE_HUMAN
CASE_01617,CUST_01617,Elizabeth Roberts,75000,FAILED,TIMEOUT,3,0.59,30,False,STOP
CASE_01618,CUST_01618,Kelly Mcgee,75000,FAILED,INSUFFICIENT_FUNDS,3,0.6,20,False,STOP
CASE_01619,CUST_01619,Valerie Houston,1499,FAILED,TIMEOUT,0,0.3,15,False,SEND_PAYMENT_LINK
CASE_01620,CUST_01620,William Palmer,25000,FAILED,BANK_ERROR,0,0.74,15,False,RETRY_PAYMENT
CASE_01621,CUST_01621,Lindsay Buck,50000,FAILED,NETWORK_ERROR,3,0.43,30,False,STOP
CASE_01622,CUST_01622,Sarah Hahn,999,ABANDONED,NONE,1,0.69,45,True,ESCALATE_HUMAN
CASE_01623,CUST_01623,April Tran,1499,FAILED,INSUFFICIENT_FUNDS,0,0.89,5,False,SEND_PAYMENT_LINK
CASE_01624,CUST_01624,Karen Thomas,75000,ABANDONED,NONE,1,0.58,0,True,ESCALATE_HUMAN
CASE_01625,CUST_01625,Melanie Wilson,100000,FAILED,BANK_ERROR,1,0.38,0,False,ESCALATE_HUMAN
CASE_01626,CUST_01626,Gabrielle Conrad,9999,FAILED,INSUFFICIENT_FUNDS,1,0.94,20,False,SEND_PAYMENT_LINK
CASE_01627,CUST_01627,Martin Gonzales,499,FAILED,TIMEOUT,0,0.5,45,False,ESCALATE_HUMAN
CASE_01628,CUST_01628,Chad Chapman,4999,FAILED,BANK_ERROR,2,0.54,0,False,RETRY_PAYMENT
CASE_01629,CUST_01629,Joseph Rogers,75000,FAILED,INSUFFICIENT_FUNDS,0,0.42,10,False,ESCALATE_HUMAN
CASE_01630,CUST_01630,Louis Alvarez,7999,ABANDONED,NONE,1,0.46,0,True,SEND_PAYMENT_LINK
CASE_01631,CUST_01631,Jacqueline Little,1499,FAILED,TIMEOUT,0,0.73,15,False,RETRY_PAYMENT
CASE_01632,CUST_01632,Laura Hansen,15000,FAILED,CARD_DECLINED,0,0.54,10,False,SEND_PAYMENT_LINK
CASE_01633,CUST_01633,Michael Webb,15000,FAILED,INSUFFICIENT_FUNDS,2,0.29,0,False,SEND_PAYMENT_LINK
CASE_01634,CUST_01634,Teresa Fuller,75000,FAILED,INSUFFICIENT_FUNDS,2,0.79,15,False,ESCALATE_HUMAN
CASE_01635,CUST_01635,Virginia Hobbs,100000,FAILED,BANK_ERROR,2,0.37,20,False,ESCALATE_HUMAN
CASE_01636,CUST_01636,Dr. Mary Anderson,999,FAILED,BANK_ERROR,0,0.23,5,False,SEND_PAYMENT_LINK
CASE_01637,CUST_01637,Kelly Graham,2499,ABANDONED,NONE,0,0.26,45,True,ESCALATE_HUMAN
CASE_01638,CUST_01638,Amanda Lewis,50000,FAILED,INSUFFICIENT_FUNDS,3,0.99,5,False,STOP
CASE_01639,CUST_01639,Randall Robinson,25000,FAILED,TIMEOUT,1,0.35,45,False,ESCALATE_HUMAN
CASE_01640,CUST_01640,Randy Bowers,100000,FAILED,CARD_DECLINED,2,0.92,30,False,ESCALATE_HUMAN
CASE_01641,CUST_01641,Timothy Hawkins,75000,FAILED,NETWORK_ERROR,0,0.59,45,False,ESCALATE_HUMAN
CASE_01642,CUST_01642,Kayla Taylor,25000,FAILED,BANK_ERROR,2,0.76,0,False,RETRY_PAYMENT
CASE_01643,CUST_01643,William Garcia,4999,FAILED,CARD_DECLINED,0,0.84,5,False,SEND_PAYMENT_LINK
CASE_01644,CUST_01644,Patricia Richmond,100000,ABANDONED,NONE,3,0.75,45,True,STOP
CASE_01645,CUST_01645,Molly Castro,999,FAILED,NETWORK_ERROR,3,0.65,20,False,STOP
CASE_01646,CUST_01646,Todd Wilson,9999,FAILED,BANK_ERROR,1,0.2,5,False,SEND_PAYMENT_LINK
CASE_01647,CUST_01647,Victor Green,50000,FAILED,CARD_DECLINED,3,0.6,45,False,STOP
CASE_01648,CUST_01648,Jeremy Cook,4999,FAILED,BANK_ERROR,2,0.77,45,False,ESCALATE_HUMAN
CASE_01649,CUST_01649,Scott Martinez,999,FAILED,BANK_ERROR,0,0.63,10,False,RETRY_PAYMENT
CASE_01650,CUST_01650,William Gaines,1499,FAILED,BANK_ERROR,2,0.9,0,False,RETRY_PAYMENT
CASE_01651,CUST_01651,Joshua Velasquez,75000,FAILED,BANK_ERROR,0,0.2,15,False,ESCALATE_HUMAN
CASE_01652,CUST_01652,Joshua Wilson,75000,FAILED,INSUFFICIENT_FUNDS,0,0.96,45,False,ESCALATE_HUMAN
CASE_01653,CUST_01653,Carmen Reyes,4999,FAILED,NETWORK_ERROR,2,0.46,0,False,SEND_PAYMENT_LINK
CASE_01654,CUST_01654,Kathleen King,75000,FAILED,INSUFFICIENT_FUNDS,1,0.78,10,False,ESCALATE_HUMAN
CASE_01655,CUST_01655,Elizabeth Andrews,1499,FAILED,TIMEOUT,0,0.78,20,False,RETRY_PAYMENT
CASE_01656,CUST_01656,Barry Anthony,75000,FAILED,CARD_DECLINED,1,0.85,5,False,ESCALATE_HUMAN
CASE_01657,CUST_01657,Kim Mckay,7999,FAILED,BANK_ERROR,3,0.32,5,False,STOP
CASE_01658,CUST_01658,Bridget Savage,100000,ABANDONED,NONE,2,0.32,30,True,ESCALATE_HUMAN
CASE_01659,CUST_01659,Andrea Williamson,999,ABANDONED,NONE,1,0.57,0,True,SEND_PAYMENT_LINK
CASE_01660,CUST_01660,Cynthia Gallegos,2499,ABANDONED,NONE,1,0.72,0,True,SEND_PAYMENT_LINK
CASE_01661,CUST_01661,David Thompson,4999,FAILED,BANK_ERROR,3,0.75,5,False,STOP
CASE_01662,CUST_01662,Nicholas Malone,999,FAILED,TIMEOUT,3,0.4,20,False,STOP
CASE_01663,CUST_01663,Andrea Ramsey,999,FAILED,TIMEOUT,0,0.5,0,False,RETRY_PAYMENT
CASE_01664,CUST_01664,Anna White,499,FAILED,BANK_ERROR,1,0.82,10,False,RETRY_PAYMENT
CASE_01665,CUST_01665,Stephen Barnes,1499,FAILED,TIMEOUT,0,0.63,15,False,SEND_PAYMENT_LINK
CASE_01666,CUST_01666,Patrick Neal,999,FAILED,BANK_ERROR,3,0.81,30,False,STOP
CASE_01667,CUST_01667,Joshua Gray,1499,FAILED,INSUFFICIENT_FUNDS,3,0.32,0,False,STOP
CASE_01668,CUST_01668,Jennifer Stephens,25000,FAILED,CARD_DECLINED,0,0.22,0,False,SEND_PAYMENT_LINK
CASE_01669,CUST_01669,Ashley Hobbs,999,FAILED,TIMEOUT,3,0.31,5,False,STOP
CASE_01670,CUST_01670,Matthew Taylor,499,FAILED,NETWORK_ERROR,3,0.32,10,False,STOP
CASE_01671,CUST_01671,Michele Lee,2499,ABANDONED,NONE,0,0.59,0,True,SEND_PAYMENT_LINK
CASE_01672,CUST_01672,Latoya Gray,2499,FAILED,INSUFFICIENT_FUNDS,2,0.26,15,False,SEND_PAYMENT_LINK
CASE_01673,CUST_01673,Michael Mccormick,999,FAILED,TIMEOUT,0,0.68,0,False,RETRY_PAYMENT
CASE_01674,CUST_01674,Christian Jennings DDS,7999,FAILED,NETWORK_ERROR,1,0.91,10,False,RETRY_PAYMENT
CASE_01675,CUST_01675,Sandra Hayes,50000,FAILED,INSUFFICIENT_FUNDS,0,0.42,30,False,ESCALATE_HUMAN
CASE_01676,CUST_01676,Joshua Lewis,75000,FAILED,INSUFFICIENT_FUNDS,0,0.83,0,False,ESCALATE_HUMAN
CASE_01677,CUST_01677,Joseph Smith,75000,FAILED,INSUFFICIENT_FUNDS,1,0.51,30,False,ESCALATE_HUMAN
CASE_01678,CUST_01678,James Byrd,999,FAILED,CARD_DECLINED,3,0.97,10,False,STOP
CASE_01679,CUST_01679,Karen Wallace,1499,FAILED,INSUFFICIENT_FUNDS,1,0.35,20,False,SEND_PAYMENT_LINK
CASE_01680,CUST_01680,Kelly Molina,7999,FAILED,NETWORK_ERROR,3,0.59,20,False,STOP
CASE_01681,CUST_01681,Peter Stevens,50000,FAILED,BANK_ERROR,1,0.51,45,False,ESCALATE_HUMAN
CASE_01682,CUST_01682,Jeffrey Rice,15000,ABANDONED,NONE,1,0.51,20,True,SEND_PAYMENT_LINK
CASE_01683,CUST_01683,Timothy Burns,25000,FAILED,TIMEOUT,1,0.49,5,False,SEND_PAYMENT_LINK
CASE_01684,CUST_01684,Brian Boyer,499,FAILED,CARD_DECLINED,3,0.97,0,False,STOP
CASE_01685,CUST_01685,Sergio Reed,499,FAILED,INSUFFICIENT_FUNDS,1,0.44,0,False,SEND_PAYMENT_LINK
CASE_01686,CUST_01686,Walter Martinez,25000,ABANDONED,NONE,1,0.37,5,True,SEND_PAYMENT_LINK
CASE_01687,CUST_01687,Ashley Bryan,499,FAILED,TIMEOUT,1,0.5,0,False,SEND_PAYMENT_LINK
CASE_01688,CUST_01688,Louis Martinez,9999,FAILED,TIMEOUT,0,0.73,0,False,RETRY_PAYMENT
CASE_01689,CUST_01689,Brian Mcmahon,50000,FAILED,TIMEOUT,1,0.49,0,False,SEND_PAYMENT_LINK
CASE_01690,CUST_01690,Matthew Spears,2499,FAILED,TIMEOUT,3,0.32,0,False,STOP
CASE_01691,CUST_01691,Tiffany Graves,15000,FAILED,CARD_DECLINED,2,0.58,15,False,SEND_PAYMENT_LINK
CASE_01692,CUST_01692,Kathryn Fleming,15000,FAILED,INSUFFICIENT_FUNDS,0,0.32,0,False,SEND_PAYMENT_LINK
CASE_01693,CUST_01693,Cheryl Martinez,50000,FAILED,CARD_DECLINED,1,0.21,20,False,SEND_PAYMENT_LINK
CASE_01694,CUST_01694,Ryan Fuller,15000,FAILED,CARD_DECLINED,2,0.77,20,False,SEND_PAYMENT_LINK
CASE_01695,CUST_01695,Richard Pearson,1499,FAILED,TIMEOUT,3,0.98,0,False,STOP
CASE_01696,CUST_01696,Jimmy Rodriguez,100000,FAILED,NETWORK_ERROR,0,0.38,0,False,ESCALATE_HUMAN
CASE_01697,CUST_01697,Nicole Richards,100000,FAILED,NETWORK_ERROR,3,0.45,20,False,STOP
CASE_01698,CUST_01698,Daniel Rogers,9999,FAILED,TIMEOUT,2,0.72,5,False,RETRY_PAYMENT
CASE_01699,CUST_01699,Dennis Mcdonald,999,FAILED,INSUFFICIENT_FUNDS,2,0.22,10,False,SEND_PAYMENT_LINK
CASE_01700,CUST_01700,Victoria Ellis,1499,FAILED,TIMEOUT,1,0.68,10,False,RETRY_PAYMENT
CASE_01701,CUST_01701,Robert Rich,2499,FAILED,BANK_ERROR,2,0.27,0,False,SEND_PAYMENT_LINK
CASE_01702,CUST_01702,Jeffrey Espinoza,50000,ABANDONED,NONE,0,0.24,0,True,SEND_PAYMENT_LINK
CASE_01703,CUST_01703,Peter Miller,4999,FAILED,INSUFFICIENT_FUNDS,2,0.97,45,False,ESCALATE_HUMAN
CASE_01704,CUST_01704,Kayla Figueroa,2499,FAILED,NETWORK_ERROR,2,0.98,0,False,RETRY_PAYMENT
CASE_01705,CUST_01705,Zachary Johnson,7999,ABANDONED,NONE,0,0.6,0,True,SEND_PAYMENT_LINK
CASE_01706,CUST_01706,Luis Hubbard,499,ABANDONED,NONE,3,0.67,0,True,STOP
CASE_01707,CUST_01707,Krista Joseph,4999,FAILED,BANK_ERROR,3,0.26,0,False,STOP
CASE_01708,CUST_01708,Robert Spence,100000,FAILED,BANK_ERROR,1,0.82,0,False,ESCALATE_HUMAN
CASE_01709,CUST_01709,Brett Mason,25000,FAILED,NETWORK_ERROR,1,0.47,15,False,SEND_PAYMENT_LINK
CASE_01710,CUST_01710,Richard Thomas,50000,ABANDONED,NONE,0,0.91,20,True,SEND_PAYMENT_LINK
CASE_01711,CUST_01711,Kelly Harmon,2499,FAILED,CARD_DECLINED,0,0.97,30,False,ESCALATE_HUMAN
CASE_01712,CUST_01712,Jonathan Moore,999,FAILED,BANK_ERROR,2,0.64,0,False,RETRY_PAYMENT
CASE_01713,CUST_01713,Michael Johnson,15000,FAILED,BANK_ERROR,2,0.33,10,False,SEND_PAYMENT_LINK
CASE_01714,CUST_01714,Michael Johnson,50000,FAILED,INSUFFICIENT_FUNDS,0,0.26,30,False,ESCALATE_HUMAN
CASE_01715,CUST_01715,Jessica Jackson,4999,ABANDONED,NONE,2,0.81,30,True,ESCALATE_HUMAN
CASE_01716,CUST_01716,Matthew Shaffer,75000,FAILED,TIMEOUT,3,0.23,10,False,STOP
CASE_01717,CUST_01717,Jennifer Lawrence,9999,ABANDONED,NONE,1,0.55,45,True,ESCALATE_HUMAN
CASE_01718,CUST_01718,Angela Johnson,50000,FAILED,INSUFFICIENT_FUNDS,0,0.75,45,False,ESCALATE_HUMAN
CASE_01719,CUST_01719,Paula Hines,15000,FAILED,TIMEOUT,0,0.79,5,False,RETRY_PAYMENT
CASE_01720,CUST_01720,Jason Richmond,100000,FAILED,BANK_ERROR,0,0.43,0,False,ESCALATE_HUMAN
CASE_01721,CUST_01721,Wyatt Anderson,50000,ABANDONED,NONE,0,0.38,30,True,ESCALATE_HUMAN
CASE_01722,CUST_01722,Maria Williams,75000,FAILED,INSUFFICIENT_FUNDS,3,0.57,45,False,STOP
CASE_01723,CUST_01723,Michelle Collins,15000,FAILED,TIMEOUT,1,0.79,20,False,RETRY_PAYMENT
CASE_01724,CUST_01724,Michael Holland,9999,FAILED,NETWORK_ERROR,2,0.25,15,False,SEND_PAYMENT_LINK
CASE_01725,CUST_01725,Kimberly Oneal,50000,ABANDONED,NONE,1,0.76,30,True,ESCALATE_HUMAN
CASE_01726,CUST_01726,Christopher Kaiser,999,FAILED,NETWORK_ERROR,0,0.64,30,False,ESCALATE_HUMAN
CASE_01727,CUST_01727,Kenneth Kerr,1499,FAILED,INSUFFICIENT_FUNDS,0,0.99,20,False,SEND_PAYMENT_LINK
CASE_01728,CUST_01728,Brian Garcia,499,FAILED,NETWORK_ERROR,3,0.37,5,False,STOP
CASE_01729,CUST_01729,Paul Harrison,499,ABANDONED,NONE,2,0.4,0,True,SEND_PAYMENT_LINK
CASE_01730,CUST_01730,Olivia Hardy,999,FAILED,TIMEOUT,2,0.52,10,False,SEND_PAYMENT_LINK
CASE_01731,CUST_01731,Jeff Lynch,15000,ABANDONED,NONE,1,0.74,10,True,SEND_PAYMENT_LINK
CASE_01732,CUST_01732,Jonathan Cabrera,1499,FAILED,TIMEOUT,3,0.47,10,False,STOP
CASE_01733,CUST_01733,Kenneth Robinson,1499,FAILED,INSUFFICIENT_FUNDS,3,0.59,45,False,STOP
CASE_01734,CUST_01734,Katherine Moss,100000,FAILED,NETWORK_ERROR,2,0.93,20,False,ESCALATE_HUMAN
CASE_01735,CUST_01735,Thomas Sparks,499,FAILED,TIMEOUT,1,0.46,15,False,SEND_PAYMENT_LINK
CASE_01736,CUST_01736,Rachel Williams,499,FAILED,NETWORK_ERROR,1,0.6,15,False,RETRY_PAYMENT
CASE_01737,CUST_01737,Marc Davis,75000,ABANDONED,NONE,2,0.62,0,True,ESCALATE_HUMAN
CASE_01738,CUST_01738,Crystal Bond,15000,FAILED,NETWORK_ERROR,0,0.23,5,False,SEND_PAYMENT_LINK
CASE_01739,CUST_01739,Ryan Barton,9999,FAILED,CARD_DECLINED,3,0.37,5,False,STOP
CASE_01740,CUST_01740,Olivia Gilbert,2499,FAILED,INSUFFICIENT_FUNDS,2,0.21,10,False,SEND_PAYMENT_LINK
CASE_01741,CUST_01741,Katherine Munoz,25000,FAILED,NETWORK_ERROR,3,0.53,15,False,STOP
CASE_01742,CUST_01742,Brianna Moran,7999,ABANDONED,NONE,2,0.29,0,True,SEND_PAYMENT_LINK
CASE_01743,CUST_01743,Matthew Byrd,15000,ABANDONED,NONE,2,0.34,0,True,SEND_PAYMENT_LINK
CASE_01744,CUST_01744,Nichole Johnson,25000,ABANDONED,NONE,3,0.43,20,True,STOP
CASE_01745,CUST_01745,Jack Richards,75000,FAILED,CARD_DECLINED,0,1.0,0,False,ESCALATE_HUMAN
CASE_01746,CUST_01746,Michael Castillo,999,FAILED,CARD_DECLINED,3,0.28,45,False,STOP
CASE_01747,CUST_01747,David Ballard,999,ABANDONED,NONE,0,0.73,20,True,SEND_PAYMENT_LINK
CASE_01748,CUST_01748,Robert Kent,2499,FAILED,NETWORK_ERROR,3,0.29,30,False,STOP
CASE_01749,CUST_01749,Jesse Howard,999,FAILED,NETWORK_ERROR,3,0.93,20,False,STOP
CASE_01750,CUST_01750,Brad Clark,499,FAILED,BANK_ERROR,2,0.41,10,False,SEND_PAYMENT_LINK
CASE_01751,CUST_01751,Robert Mccormick,4999,ABANDONED,NONE,1,0.2,20,True,SEND_PAYMENT_LINK
CASE_01752,CUST_01752,Mr. Michael Warner,499,FAILED,TIMEOUT,1,0.83,45,False,ESCALATE_HUMAN
CASE_01753,CUST_01753,Christine Robertson,100000,FAILED,INSUFFICIENT_FUNDS,1,0.97,20,False,ESCALATE_HUMAN
CASE_01754,CUST_01754,James Bennett,2499,ABANDONED,NONE,1,0.69,20,True,SEND_PAYMENT_LINK
CASE_01755,CUST_01755,Nicholas Smith,499,ABANDONED,NONE,1,0.95,20,True,SEND_PAYMENT_LINK
CASE_01756,CUST_01756,Mary Benson,100000,FAILED,NETWORK_ERROR,2,0.61,20,False,ESCALATE_HUMAN
CASE_01757,CUST_01757,Jessica Miller,2499,FAILED,BANK_ERROR,0,0.71,20,False,SEND_PAYMENT_LINK
CASE_01758,CUST_01758,Sarah Rhodes,75000,FAILED,CARD_DECLINED,1,0.96,5,False,ESCALATE_HUMAN
CASE_01759,CUST_01759,Kathryn Brown,999,FAILED,TIMEOUT,3,0.21,0,False,STOP
CASE_01760,CUST_01760,Brandon Moss,499,FAILED,CARD_DECLINED,3,0.22,0,False,STOP
CASE_01761,CUST_01761,Kimberly Watts,15000,FAILED,BANK_ERROR,1,0.72,5,False,RETRY_PAYMENT
CASE_01762,CUST_01762,Jessica Edwards,25000,FAILED,NETWORK_ERROR,2,0.73,10,False,RETRY_PAYMENT
CASE_01763,CUST_01763,Catherine Orr,1499,FAILED,CARD_DECLINED,0,0.29,0,False,SEND_PAYMENT_LINK
CASE_01764,CUST_01764,Tyrone Rogers,999,FAILED,INSUFFICIENT_FUNDS,2,0.92,0,False,SEND_PAYMENT_LINK
CASE_01765,CUST_01765,Brenda Torres,999,ABANDONED,NONE,2,0.93,5,True,SEND_PAYMENT_LINK
CASE_01766,CUST_01766,Tonya Gay,9999,FAILED,NETWORK_ERROR,0,0.53,30,False,ESCALATE_HUMAN
CASE_01767,CUST_01767,Brian Myers,75000,FAILED,BANK_ERROR,3,0.5,15,False,STOP
CASE_01768,CUST_01768,Cindy Martinez,75000,ABANDONED,NONE,1,0.34,0,True,ESCALATE_HUMAN
CASE_01769,CUST_01769,Julian Lloyd,1499,FAILED,TIMEOUT,2,0.99,30,False,ESCALATE_HUMAN
CASE_01770,CUST_01770,George Anderson,50000,FAILED,BANK_ERROR,2,0.94,5,False,RETRY_PAYMENT
CASE_01771,CUST_01771,Kevin Crosby,50000,FAILED,CARD_DECLINED,0,0.61,0,False,ESCALATE_HUMAN
CASE_01772,CUST_01772,Jennifer Rich,7999,FAILED,BANK_ERROR,0,0.46,5,False,SEND_PAYMENT_LINK
CASE_01773,CUST_01773,Craig Freeman,999,FAILED,INSUFFICIENT_FUNDS,2,0.59,0,False,SEND_PAYMENT_LINK
CASE_01774,CUST_01774,Charles Floyd,7999,FAILED,NETWORK_ERROR,3,0.55,20,False,STOP
CASE_01775,CUST_01775,Heidi Castro,2499,FAILED,BANK_ERROR,1,0.75,10,False,RETRY_PAYMENT
CASE_01776,CUST_01776,Jason Burton,9999,FAILED,CARD_DECLINED,2,0.33,5,False,SEND_PAYMENT_LINK
CASE_01777,CUST_01777,Jessica Harmon,100000,ABANDONED,NONE,3,0.91,20,True,STOP
CASE_01778,CUST_01778,Christopher Davis Jr.,50000,FAILED,INSUFFICIENT_FUNDS,0,0.69,20,False,ESCALATE_HUMAN
CASE_01779,CUST_01779,Cassandra Savage,7999,FAILED,TIMEOUT,3,0.33,0,False,STOP
CASE_01780,CUST_01780,Miss Sarah Blankenship DVM,25000,FAILED,CARD_DECLINED,3,0.43,45,False,STOP
CASE_01781,CUST_01781,Stacy Ruiz,7999,ABANDONED,NONE,0,0.29,15,True,SEND_PAYMENT_LINK
CASE_01782,CUST_01782,Jennifer Daniels,9999,FAILED,INSUFFICIENT_FUNDS,1,0.26,15,False,SEND_PAYMENT_LINK
CASE_01783,CUST_01783,Lisa Campbell,7999,FAILED,INSUFFICIENT_FUNDS,0,0.21,0,False,SEND_PAYMENT_LINK
CASE_01784,CUST_01784,Donald Ortiz,100000,FAILED,BANK_ERROR,3,0.65,15,False,STOP
CASE_01785,CUST_01785,Brian Johnson,2499,FAILED,NETWORK_ERROR,2,0.68,45,False,ESCALATE_HUMAN
CASE_01786,CUST_01786,Carolyn Casey,2499,FAILED,CARD_DECLINED,2,0.77,0,False,SEND_PAYMENT_LINK
CASE_01787,CUST_01787,Anthony Hoover,50000,ABANDONED,NONE,3,0.45,15,True,STOP
CASE_01788,CUST_01788,Mrs. Janet Donovan,2499,FAILED,TIMEOUT,3,0.6,10,False,STOP
CASE_01789,CUST_01789,Sara Davis,9999,FAILED,TIMEOUT,3,0.34,15,False,STOP
CASE_01790,CUST_01790,Ivan Jones,50000,ABANDONED,NONE,1,0.66,10,True,SEND_PAYMENT_LINK
CASE_01791,CUST_01791,David Reyes,499,FAILED,NETWORK_ERROR,2,0.3,20,False,SEND_PAYMENT_LINK
CASE_01792,CUST_01792,Mark Davis,499,FAILED,INSUFFICIENT_FUNDS,0,0.26,0,False,SEND_PAYMENT_LINK
CASE_01793,CUST_01793,Dylan Powell,9999,FAILED,INSUFFICIENT_FUNDS,2,0.8,20,False,SEND_PAYMENT_LINK
CASE_01794,CUST_01794,Ann Johnson,999,FAILED,NETWORK_ERROR,0,0.51,30,False,ESCALATE_HUMAN
CASE_01795,CUST_01795,Nicholas Williams,15000,FAILED,INSUFFICIENT_FUNDS,0,0.22,0,False,SEND_PAYMENT_LINK
CASE_01796,CUST_01796,Patricia Flores,499,FAILED,TIMEOUT,2,0.89,20,False,RETRY_PAYMENT
CASE_01797,CUST_01797,Mr. Kelly Allen,2499,FAILED,TIMEOUT,1,0.78,15,False,RETRY_PAYMENT
CASE_01798,CUST_01798,Lisa Henderson,25000,FAILED,TIMEOUT,2,0.91,0,False,RETRY_PAYMENT
CASE_01799,CUST_01799,Kendra Sweeney,999,FAILED,INSUFFICIENT_FUNDS,0,0.41,20,False,SEND_PAYMENT_LINK
CASE_01800,CUST_01800,Emily Meyer,4999,FAILED,BANK_ERROR,3,0.3,15,False,STOP
CASE_01801,CUST_01801,Anne Mendoza,1499,ABANDONED,NONE,3,0.73,45,True,STOP
CASE_01802,CUST_01802,Lisa Wilson,25000,FAILED,CARD_DECLINED,3,0.73,10,False,STOP
CASE_01803,CUST_01803,Chase Adams,7999,ABANDONED,NONE,1,0.27,10,True,SEND_PAYMENT_LINK
CASE_01804,CUST_01804,Emily Gates,100000,FAILED,INSUFFICIENT_FUNDS,1,0.73,5,False,ESCALATE_HUMAN
CASE_01805,CUST_01805,Jeffrey Hill,100000,FAILED,TIMEOUT,3,0.25,0,False,STOP
CASE_01806,CUST_01806,Monique Woods,75000,FAILED,NETWORK_ERROR,3,0.35,0,False,STOP
CASE_01807,CUST_01807,Daniel Cunningham,7999,FAILED,CARD_DECLINED,2,0.81,10,False,SEND_PAYMENT_LINK
CASE_01808,CUST_01808,Jason Rodriguez,100000,ABANDONED,NONE,1,0.88,0,True,ESCALATE_HUMAN
CASE_01809,CUST_01809,Vickie Wheeler,1499,FAILED,INSUFFICIENT_FUNDS,3,0.98,45,False,STOP
CASE_01810,CUST_01810,Alice Adams,2499,ABANDONED,NONE,1,0.25,20,True,SEND_PAYMENT_LINK
CASE_01811,CUST_01811,Justin Harmon,1499,FAILED,CARD_DECLINED,0,0.32,0,False,SEND_PAYMENT_LINK
CASE_01812,CUST_01812,Zachary Clark,100000,FAILED,BANK_ERROR,0,0.92,0,False,ESCALATE_HUMAN
CASE_01813,CUST_01813,Carl Castro,4999,FAILED,NETWORK_ERROR,3,0.48,0,False,STOP
CASE_01814,CUST_01814,Ricky Allen,25000,FAILED,INSUFFICIENT_FUNDS,3,0.37,20,False,STOP
CASE_01815,CUST_01815,Hector Hicks,25000,ABANDONED,NONE,2,0.24,10,True,SEND_PAYMENT_LINK
CASE_01816,CUST_01816,Daniel Bailey,7999,FAILED,TIMEOUT,3,0.79,20,False,STOP
CASE_01817,CUST_01817,Sarah Patel,2499,FAILED,BANK_ERROR,3,0.34,10,False,STOP
CASE_01818,CUST_01818,Jamie Hernandez,25000,ABANDONED,NONE,3,0.29,0,True,STOP
CASE_01819,CUST_01819,Mario Bell,75000,FAILED,TIMEOUT,1,0.29,0,False,ESCALATE_HUMAN
CASE_01820,CUST_01820,Dawn Sellers,50000,FAILED,BANK_ERROR,0,0.63,10,False,RETRY_PAYMENT
CASE_01821,CUST_01821,Antonio Davis,50000,ABANDONED,NONE,3,0.51,5,True,STOP
CASE_01822,CUST_01822,Duane Moore,100000,FAILED,NETWORK_ERROR,1,0.34,5,False,ESCALATE_HUMAN
CASE_01823,CUST_01823,Juan Le,7999,FAILED,CARD_DECLINED,2,0.79,0,False,SEND_PAYMENT_LINK
CASE_01824,CUST_01824,Ronald Vance,1499,ABANDONED,NONE,2,0.88,5,True,SEND_PAYMENT_LINK
CASE_01825,CUST_01825,Katie Dudley,1499,FAILED,TIMEOUT,1,0.35,30,False,ESCALATE_HUMAN
CASE_01826,CUST_01826,Jeffrey Barnes,1499,FAILED,NETWORK_ERROR,3,0.47,0,False,STOP
CASE_01827,CUST_01827,Reginald Thompson,4999,FAILED,BANK_ERROR,0,0.68,30,False,ESCALATE_HUMAN
CASE_01828,CUST_01828,Javier Stone,50000,FAILED,NETWORK_ERROR,1,0.58,0,False,SEND_PAYMENT_LINK
CASE_01829,CUST_01829,Nathan Roberts,50000,FAILED,BANK_ERROR,1,0.8,0,False,RETRY_PAYMENT
CASE_01830,CUST_01830,Ashley Duncan,999,FAILED,INSUFFICIENT_FUNDS,3,0.59,15,False,STOP
CASE_01831,CUST_01831,James Coleman III,25000,FAILED,NETWORK_ERROR,2,0.49,0,False,SEND_PAYMENT_LINK
CASE_01832,CUST_01832,Benjamin Adams,7999,FAILED,INSUFFICIENT_FUNDS,3,0.29,45,False,STOP
CASE_01833,CUST_01833,Kenneth Moore,100000,FAILED,BANK_ERROR,3,0.89,0,False,STOP
CASE_01834,CUST_01834,Janet Lee,7999,ABANDONED,NONE,0,0.4,20,True,SEND_PAYMENT_LINK
CASE_01835,CUST_01835,Sharon Huffman,7999,FAILED,TIMEOUT,1,0.94,20,False,RETRY_PAYMENT
CASE_01836,CUST_01836,Joshua Caldwell,75000,FAILED,INSUFFICIENT_FUNDS,3,0.99,45,False,STOP
CASE_01837,CUST_01837,Javier Walker,1499,FAILED,INSUFFICIENT_FUNDS,2,0.51,20,False,SEND_PAYMENT_LINK
CASE_01838,CUST_01838,Justin Stevens,4999,FAILED,BANK_ERROR,0,0.66,15,False,SEND_PAYMENT_LINK
CASE_01839,CUST_01839,David Stuart,999,ABANDONED,NONE,3,0.65,15,True,STOP
CASE_01840,CUST_01840,Allison Crawford,4999,FAILED,TIMEOUT,3,0.94,0,False,STOP
CASE_01841,CUST_01841,Cassandra Gibbs,15000,FAILED,CARD_DECLINED,2,0.7,0,False,SEND_PAYMENT_LINK
CASE_01842,CUST_01842,Melissa Olsen,4999,ABANDONED,NONE,2,0.25,10,True,SEND_PAYMENT_LINK
CASE_01843,CUST_01843,Cynthia Carney,499,ABANDONED,NONE,0,0.37,0,True,SEND_PAYMENT_LINK
CASE_01844,CUST_01844,Matthew Bass,499,ABANDONED,NONE,2,0.2,15,True,SEND_PAYMENT_LINK
CASE_01845,CUST_01845,Caitlin Edwards,75000,FAILED,TIMEOUT,2,0.31,10,False,ESCALATE_HUMAN
CASE_01846,CUST_01846,Michelle Mclean,25000,FAILED,TIMEOUT,2,0.31,5,False,SEND_PAYMENT_LINK
CASE_01847,CUST_01847,Robert Gutierrez,9999,FAILED,INSUFFICIENT_FUNDS,1,0.23,15,False,SEND_PAYMENT_LINK
CASE_01848,CUST_01848,Mark Mitchell,2499,ABANDONED,NONE,3,0.52,0,True,STOP
CASE_01849,CUST_01849,Savannah Brewer,4999,FAILED,CARD_DECLINED,2,0.34,20,False,SEND_PAYMENT_LINK
CASE_01850,CUST_01850,Michael Williams,75000,FAILED,CARD_DECLINED,1,0.75,5,False,ESCALATE_HUMAN
CASE_01851,CUST_01851,Melissa Lewis,4999,FAILED,NETWORK_ERROR,1,0.44,0,False,SEND_PAYMENT_LINK
CASE_01852,CUST_01852,James Acosta,4999,ABANDONED,NONE,1,0.5,20,True,SEND_PAYMENT_LINK
CASE_01853,CUST_01853,Juan Jackson MD,999,FAILED,CARD_DECLINED,3,0.76,45,False,STOP
CASE_01854,CUST_01854,Lisa Klein,75000,FAILED,NETWORK_ERROR,2,0.54,20,False,ESCALATE_HUMAN
CASE_01855,CUST_01855,Ryan Boyd,9999,ABANDONED,NONE,0,0.93,0,True,SEND_PAYMENT_LINK
CASE_01856,CUST_01856,Jacqueline Tate,9999,FAILED,BANK_ERROR,2,0.83,45,False,ESCALATE_HUMAN
CASE_01857,CUST_01857,Anna Proctor,7999,FAILED,CARD_DECLINED,2,0.24,20,False,SEND_PAYMENT_LINK
CASE_01858,CUST_01858,Jose Gray,1499,ABANDONED,NONE,0,0.57,45,True,ESCALATE_HUMAN
CASE_01859,CUST_01859,Carlos Riley,15000,FAILED,TIMEOUT,0,0.42,0,False,SEND_PAYMENT_LINK
CASE_01860,CUST_01860,Mason Murphy,7999,FAILED,INSUFFICIENT_FUNDS,3,0.75,0,False,STOP
CASE_01861,CUST_01861,Michael Wilson,999,FAILED,BANK_ERROR,1,0.65,30,False,ESCALATE_HUMAN
CASE_01862,CUST_01862,Donna Hebert,1499,FAILED,BANK_ERROR,2,0.7,0,False,SEND_PAYMENT_LINK
CASE_01863,CUST_01863,Joseph Larson,50000,FAILED,TIMEOUT,0,0.2,0,False,SEND_PAYMENT_LINK
CASE_01864,CUST_01864,Sandra Brown,25000,FAILED,BANK_ERROR,1,0.28,0,False,SEND_PAYMENT_LINK
CASE_01865,CUST_01865,Melissa Ferguson,25000,ABANDONED,NONE,3,0.24,0,True,STOP
CASE_01866,CUST_01866,Douglas Vance,4999,ABANDONED,NONE,3,0.99,5,True,STOP
CASE_01867,CUST_01867,Jason Lowery,25000,FAILED,CARD_DECLINED,3,0.89,0,False,STOP
CASE_01868,CUST_01868,Ashley Long,9999,FAILED,TIMEOUT,1,0.31,5,False,SEND_PAYMENT_LINK
CASE_01869,CUST_01869,Dylan Patterson,1499,FAILED,NETWORK_ERROR,3,0.43,0,False,STOP
CASE_01870,CUST_01870,Brady Rios,50000,ABANDONED,NONE,2,0.73,20,True,SEND_PAYMENT_LINK
CASE_01871,CUST_01871,Albert Allen,9999,FAILED,NETWORK_ERROR,3,0.85,0,False,STOP
CASE_01872,CUST_01872,Richard Ramirez,499,FAILED,NETWORK_ERROR,0,0.65,0,False,RETRY_PAYMENT
CASE_01873,CUST_01873,Carolyn Chandler,499,ABANDONED,NONE,0,0.93,15,True,SEND_PAYMENT_LINK
CASE_01874,CUST_01874,James Hess,1499,ABANDONED,NONE,3,0.42,0,True,STOP
CASE_01875,CUST_01875,Tammy Taylor,7999,FAILED,INSUFFICIENT_FUNDS,3,0.61,0,False,STOP
CASE_01876,CUST_01876,Isabella Cooper,75000,FAILED,INSUFFICIENT_FUNDS,2,0.57,0,False,ESCALATE_HUMAN
CASE_01877,CUST_01877,Kelsey Blackburn,4999,FAILED,NETWORK_ERROR,0,0.93,30,False,ESCALATE_HUMAN
CASE_01878,CUST_01878,Robert Mcmillan,9999,ABANDONED,NONE,1,0.66,45,True,ESCALATE_HUMAN
CASE_01879,CUST_01879,Sheila Herrera,75000,FAILED,BANK_ERROR,2,0.67,15,False,ESCALATE_HUMAN
CASE_01880,CUST_01880,Dr. Devin Jenkins,50000,ABANDONED,NONE,0,0.24,0,True,SEND_PAYMENT_LINK
CASE_01881,CUST_01881,Mason Davis,2499,FAILED,TIMEOUT,3,0.95,30,False,STOP
CASE_01882,CUST_01882,Charles Alexander,7999,FAILED,BANK_ERROR,0,0.92,0,False,RETRY_PAYMENT
CASE_01883,CUST_01883,Christina Rivera,100000,ABANDONED,NONE,3,0.94,0,True,STOP
CASE_01884,CUST_01884,Samantha Barnes,50000,FAILED,TIMEOUT,0,0.88,0,False,RETRY_PAYMENT
CASE_01885,CUST_01885,Cindy Dudley,15000,FAILED,CARD_DECLINED,0,0.94,15,False,SEND_PAYMENT_LINK
CASE_01886,CUST_01886,Jacob Harris,999,ABANDONED,NONE,3,0.31,45,True,STOP
CASE_01887,CUST_01887,Ryan Williams,2499,FAILED,INSUFFICIENT_FUNDS,3,0.55,10,False,STOP
CASE_01888,CUST_01888,Amanda Welch,2499,FAILED,BANK_ERROR,3,0.85,5,False,STOP
CASE_01889,CUST_01889,Todd Key,999,FAILED,TIMEOUT,1,0.23,0,False,SEND_PAYMENT_LINK
CASE_01890,CUST_01890,Evan Kidd,499,FAILED,NETWORK_ERROR,0,0.47,45,False,ESCALATE_HUMAN
CASE_01891,CUST_01891,Frederick Charles,15000,FAILED,BANK_ERROR,3,0.6,15,False,STOP
CASE_01892,CUST_01892,Brandon Mcintosh,50000,FAILED,TIMEOUT,3,0.54,20,False,STOP
CASE_01893,CUST_01893,Taylor Greene,999,FAILED,BANK_ERROR,2,0.28,30,False,ESCALATE_HUMAN
CASE_01894,CUST_01894,Amy King,2499,FAILED,CARD_DECLINED,2,0.22,10,False,SEND_PAYMENT_LINK
CASE_01895,CUST_01895,Alan Giles,4999,ABANDONED,NONE,2,0.25,0,True,SEND_PAYMENT_LINK
CASE_01896,CUST_01896,Amber Williams,4999,FAILED,CARD_DECLINED,1,0.88,45,False,ESCALATE_HUMAN
CASE_01897,CUST_01897,Vanessa Banks,4999,ABANDONED,NONE,0,0.64,0,True,SEND_PAYMENT_LINK
CASE_01898,CUST_01898,Ronald Hale,50000,ABANDONED,NONE,2,0.72,0,True,SEND_PAYMENT_LINK
CASE_01899,CUST_01899,April Farrell,7999,ABANDONED,NONE,2,0.36,0,True,SEND_PAYMENT_LINK
CASE_01900,CUST_01900,Vanessa Livingston,1499,FAILED,CARD_DECLINED,2,0.94,0,False,SEND_PAYMENT_LINK
CASE_01901,CUST_01901,Vicki Bernard,2499,ABANDONED,NONE,0,0.84,0,True,SEND_PAYMENT_LINK
CASE_01902,CUST_01902,Lisa Johnston,7999,FAILED,NETWORK_ERROR,0,0.91,30,False,ESCALATE_HUMAN
CASE_01903,CUST_01903,John Cole,1499,FAILED,TIMEOUT,0,0.23,45,False,ESCALATE_HUMAN
CASE_01904,CUST_01904,Nathan Owens,2499,FAILED,NETWORK_ERROR,3,0.44,5,False,STOP
CASE_01905,CUST_01905,Sally Price,499,FAILED,TIMEOUT,1,0.63,20,False,SEND_PAYMENT_LINK
CASE_01906,CUST_01906,Cheryl Allison,100000,FAILED,CARD_DECLINED,3,0.24,20,False,STOP
CASE_01907,CUST_01907,Travis Price,100000,FAILED,NETWORK_ERROR,3,0.64,0,False,STOP
CASE_01908,CUST_01908,Yvonne Roberts,15000,FAILED,CARD_DECLINED,2,0.48,15,False,SEND_PAYMENT_LINK
CASE_01909,CUST_01909,Samuel Welch,9999,FAILED,BANK_ERROR,1,0.27,0,False,SEND_PAYMENT_LINK
CASE_01910,CUST_01910,Cynthia Bell,2499,ABANDONED,NONE,0,0.99,0,True,SEND_PAYMENT_LINK
CASE_01911,CUST_01911,Joseph Briggs,100000,FAILED,TIMEOUT,0,0.25,30,False,ESCALATE_HUMAN
CASE_01912,CUST_01912,Dawn Collier,1499,FAILED,TIMEOUT,2,0.48,5,False,SEND_PAYMENT_LINK
CASE_01913,CUST_01913,Marcus Brown,4999,FAILED,CARD_DECLINED,3,0.58,0,False,STOP
CASE_01914,CUST_01914,Sara Hawkins,75000,FAILED,TIMEOUT,2,0.95,5,False,ESCALATE_HUMAN
CASE_01915,CUST_01915,Dawn Cox,15000,FAILED,BANK_ERROR,3,0.77,15,False,STOP
CASE_01916,CUST_01916,Deborah Smith,25000,FAILED,BANK_ERROR,2,0.46,45,False,ESCALATE_HUMAN
CASE_01917,CUST_01917,Samantha Porter,25000,FAILED,TIMEOUT,2,0.92,30,False,ESCALATE_HUMAN
CASE_01918,CUST_01918,Troy Lee,4999,FAILED,BANK_ERROR,1,0.87,45,False,ESCALATE_HUMAN
CASE_01919,CUST_01919,Carolyn Gibbs,2499,FAILED,CARD_DECLINED,1,0.3,0,False,SEND_PAYMENT_LINK
CASE_01920,CUST_01920,Joshua Johnson,499,FAILED,NETWORK_ERROR,3,0.96,0,False,STOP
CASE_01921,CUST_01921,Brandon Meyers,15000,FAILED,INSUFFICIENT_FUNDS,2,0.67,10,False,SEND_PAYMENT_LINK
CASE_01922,CUST_01922,Devin Lopez,999,FAILED,INSUFFICIENT_FUNDS,3,0.6,20,False,STOP
CASE_01923,CUST_01923,Dennis Koch,9999,ABANDONED,NONE,0,0.38,20,True,SEND_PAYMENT_LINK
CASE_01924,CUST_01924,Michelle Hamilton,1499,ABANDONED,NONE,0,0.73,0,True,SEND_PAYMENT_LINK
CASE_01925,CUST_01925,Tyler Huffman,25000,FAILED,TIMEOUT,2,0.94,10,False,RETRY_PAYMENT
CASE_01926,CUST_01926,Justin Sims,50000,FAILED,TIMEOUT,2,0.78,20,False,RETRY_PAYMENT
CASE_01927,CUST_01927,Kara Allen,9999,FAILED,TIMEOUT,3,0.96,10,False,STOP
CASE_01928,CUST_01928,Steven Leonard,25000,ABANDONED,NONE,3,0.66,45,True,STOP
CASE_01929,CUST_01929,Gregory Ray,4999,FAILED,NETWORK_ERROR,3,0.8,5,False,STOP
CASE_01930,CUST_01930,Timothy Price,1499,FAILED,INSUFFICIENT_FUNDS,2,0.27,5,False,SEND_PAYMENT_LINK
CASE_01931,CUST_01931,Jamie Kaiser,25000,FAILED,INSUFFICIENT_FUNDS,3,0.23,10,False,STOP
CASE_01932,CUST_01932,Taylor Dorsey,7999,FAILED,INSUFFICIENT_FUNDS,0,0.3,15,False,SEND_PAYMENT_LINK
CASE_01933,CUST_01933,Cindy Gomez,4999,FAILED,NETWORK_ERROR,3,0.21,0,False,STOP
CASE_01934,CUST_01934,Patrick Saunders,15000,FAILED,INSUFFICIENT_FUNDS,3,0.71,45,False,STOP
CASE_01935,CUST_01935,Christopher Lawson,2499,ABANDONED,NONE,0,0.66,0,True,SEND_PAYMENT_LINK
CASE_01936,CUST_01936,Dustin Green,4999,FAILED,TIMEOUT,3,0.34,10,False,STOP
CASE_01937,CUST_01937,Karen Watts,4999,ABANDONED,NONE,1,0.38,0,True,SEND_PAYMENT_LINK
CASE_01938,CUST_01938,Denise Braun MD,1499,FAILED,BANK_ERROR,0,0.72,0,False,SEND_PAYMENT_LINK
CASE_01939,CUST_01939,Brittany Warren,15000,FAILED,TIMEOUT,1,0.25,10,False,SEND_PAYMENT_LINK
CASE_01940,CUST_01940,Billy Nicholson,4999,FAILED,INSUFFICIENT_FUNDS,0,0.68,15,False,SEND_PAYMENT_LINK
CASE_01941,CUST_01941,Matthew Harris DDS,999,FAILED,CARD_DECLINED,3,0.29,0,False,STOP
CASE_01942,CUST_01942,Linda Nelson,2499,FAILED,INSUFFICIENT_FUNDS,2,0.86,20,False,SEND_PAYMENT_LINK
CASE_01943,CUST_01943,Anita Sullivan,999,ABANDONED,NONE,2,0.31,15,True,SEND_PAYMENT_LINK
CASE_01944,CUST_01944,William Williams,50000,FAILED,INSUFFICIENT_FUNDS,3,0.92,15,False,STOP
CASE_01945,CUST_01945,Kristen Davis,15000,FAILED,CARD_DECLINED,0,0.33,0,False,SEND_PAYMENT_LINK
CASE_01946,CUST_01946,Jennifer Brown,4999,FAILED,CARD_DECLINED,0,0.28,5,False,SEND_PAYMENT_LINK
CASE_01947,CUST_01947,Kathleen Turner,7999,FAILED,BANK_ERROR,3,0.86,0,False,STOP
CASE_01948,CUST_01948,Abigail Stafford,75000,FAILED,NETWORK_ERROR,0,0.96,5,False,ESCALATE_HUMAN
CASE_01949,CUST_01949,Danielle White,50000,ABANDONED,NONE,0,0.88,45,True,ESCALATE_HUMAN
CASE_01950,CUST_01950,Shirley Nichols,499,ABANDONED,NONE,3,0.45,5,True,STOP
CASE_01951,CUST_01951,Amy Conway,50000,FAILED,BANK_ERROR,2,0.39,15,False,SEND_PAYMENT_LINK
CASE_01952,CUST_01952,Elaine Jones,2499,ABANDONED,NONE,2,0.8,0,True,SEND_PAYMENT_LINK
CASE_01953,CUST_01953,Robert Kaiser,100000,FAILED,NETWORK_ERROR,3,0.49,15,False,STOP
CASE_01954,CUST_01954,Sean Rose,25000,FAILED,INSUFFICIENT_FUNDS,3,0.68,30,False,STOP
CASE_01955,CUST_01955,Michael Duncan,9999,FAILED,CARD_DECLINED,1,0.94,5,False,SEND_PAYMENT_LINK
CASE_01956,CUST_01956,Veronica Franklin,9999,FAILED,CARD_DECLINED,2,0.84,15,False,SEND_PAYMENT_LINK
CASE_01957,CUST_01957,Cindy Wheeler,7999,FAILED,TIMEOUT,3,0.54,0,False,STOP
CASE_01958,CUST_01958,Ryan Townsend,50000,ABANDONED,NONE,1,0.92,30,True,ESCALATE_HUMAN
CASE_01959,CUST_01959,Mrs. Marissa Powell,499,FAILED,TIMEOUT,3,0.41,45,False,STOP
CASE_01960,CUST_01960,Matthew Gutierrez,100000,ABANDONED,NONE,0,0.3,0,True,ESCALATE_HUMAN
CASE_01961,CUST_01961,Matthew Gutierrez,9999,FAILED,BANK_ERROR,0,0.31,45,False,ESCALATE_HUMAN
CASE_01962,CUST_01962,Ann Harrison,9999,ABANDONED,NONE,2,0.3,45,True,ESCALATE_HUMAN
CASE_01963,CUST_01963,Amanda Hunt,2499,FAILED,TIMEOUT,2,0.92,15,False,RETRY_PAYMENT
CASE_01964,CUST_01964,Jessica Jackson,50000,FAILED,TIMEOUT,0,0.79,15,False,RETRY_PAYMENT
CASE_01965,CUST_01965,Samantha Johnson,15000,ABANDONED,NONE,3,0.79,20,True,STOP
CASE_01966,CUST_01966,Jill Stevens,4999,ABANDONED,NONE,1,0.79,45,True,ESCALATE_HUMAN
CASE_01967,CUST_01967,Jennifer Rush,999,FAILED,TIMEOUT,2,0.74,30,False,ESCALATE_HUMAN
CASE_01968,CUST_01968,Jillian Khan,9999,FAILED,NETWORK_ERROR,1,0.61,10,False,SEND_PAYMENT_LINK
CASE_01969,CUST_01969,Jennifer Wong,999,FAILED,INSUFFICIENT_FUNDS,3,0.47,45,False,STOP
CASE_01970,CUST_01970,Kelly Sellers,25000,ABANDONED,NONE,2,0.46,15,True,SEND_PAYMENT_LINK
CASE_01971,CUST_01971,Brianna Chandler,1499,FAILED,TIMEOUT,1,0.54,10,False,RETRY_PAYMENT
CASE_01972,CUST_01972,Miss Kristen Tyler,50000,FAILED,TIMEOUT,2,0.43,0,False,SEND_PAYMENT_LINK
CASE_01973,CUST_01973,Eric Huang,4999,FAILED,NETWORK_ERROR,3,0.38,0,False,STOP
CASE_01974,CUST_01974,Terry Burns,4999,FAILED,CARD_DECLINED,0,0.94,10,False,SEND_PAYMENT_LINK
CASE_01975,CUST_01975,Lori Black,1499,FAILED,BANK_ERROR,1,0.22,0,False,SEND_PAYMENT_LINK
CASE_01976,CUST_01976,Elizabeth Pope,25000,FAILED,TIMEOUT,3,0.87,0,False,STOP
CASE_01977,CUST_01977,Angela Lin,7999,FAILED,INSUFFICIENT_FUNDS,3,0.79,45,False,STOP
CASE_01978,CUST_01978,Jessica Brown,1499,ABANDONED,NONE,2,0.93,0,True,SEND_PAYMENT_LINK
CASE_01979,CUST_01979,Tracey Wall,15000,ABANDONED,NONE,3,0.41,0,True,STOP
CASE_01980,CUST_01980,Madeline Douglas,4999,FAILED,INSUFFICIENT_FUNDS,0,0.8,5,False,SEND_PAYMENT_LINK
CASE_01981,CUST_01981,Brenda Jones,100000,FAILED,INSUFFICIENT_FUNDS,1,0.61,10,False,ESCALATE_HUMAN
CASE_01982,CUST_01982,David Burton,15000,FAILED,INSUFFICIENT_FUNDS,0,0.55,45,False,ESCALATE_HUMAN
CASE_01983,CUST_01983,Isaac Gomez,7999,FAILED,CARD_DECLINED,0,0.96,0,False,SEND_PAYMENT_LINK
CASE_01984,CUST_01984,Amber Palmer,2499,FAILED,CARD_DECLINED,3,0.9,5,False,STOP
CASE_01985,CUST_01985,Joseph Decker,75000,FAILED,INSUFFICIENT_FUNDS,3,0.32,0,False,STOP
CASE_01986,CUST_01986,Blake Brooks,100000,ABANDONED,NONE,2,0.31,0,True,ESCALATE_HUMAN
CASE_01987,CUST_01987,Jennifer Johnston,25000,FAILED,TIMEOUT,3,0.25,45,False,STOP
CASE_01988,CUST_01988,David Gilbert,50000,FAILED,BANK_ERROR,0,0.53,10,False,SEND_PAYMENT_LINK
CASE_01989,CUST_01989,Sharon James,75000,FAILED,INSUFFICIENT_FUNDS,3,0.62,0,False,STOP
CASE_01990,CUST_01990,Chris Armstrong,4999,FAILED,INSUFFICIENT_FUNDS,3,0.59,20,False,STOP
CASE_01991,CUST_01991,Laura Thomas,50000,FAILED,CARD_DECLINED,3,0.44,5,False,STOP
CASE_01992,CUST_01992,Adam Davis,999,FAILED,NETWORK_ERROR,3,0.46,20,False,STOP
CASE_01993,CUST_01993,Denise Macias,999,FAILED,NETWORK_ERROR,2,0.73,15,False,SEND_PAYMENT_LINK
CASE_01994,CUST_01994,Matthew Miller,100000,FAILED,NETWORK_ERROR,3,0.68,5,False,STOP
CASE_01995,CUST_01995,Jon Morales,499,FAILED,INSUFFICIENT_FUNDS,1,0.91,20,False,SEND_PAYMENT_LINK
CASE_01996,CUST_01996,Deborah Medina,499,FAILED,INSUFFICIENT_FUNDS,2,0.53,30,False,ESCALATE_HUMAN
CASE_01997,CUST_01997,Judith Brown,9999,ABANDONED,NONE,2,0.93,10,True,SEND_PAYMENT_LINK
CASE_01998,CUST_01998,Lisa Hill,15000,FAILED,INSUFFICIENT_FUNDS,0,0.45,20,False,SEND_PAYMENT_LINK
CASE_01999,CUST_01999,Dustin Walters,2499,FAILED,CARD_DECLINED,1,0.82,0,False,SEND_PAYMENT_LINK
CASE_02000,CUST_02000,Brittany Stephenson,50000,FAILED,BANK_ERROR,0,0.96,0,False,RETRY_PAYMENT
CASE_02001,CUST_02001,David Fletcher,9999,FAILED,INSUFFICIENT_FUNDS,2,0.81,45,False,ESCALATE_HUMAN
CASE_02002,CUST_02002,Kelly Anderson,999,FAILED,CARD_DECLINED,1,0.49,5,False,SEND_PAYMENT_LINK
CASE_02003,CUST_02003,Amanda Sanchez,1499,ABANDONED,NONE,1,0.43,0,True,SEND_PAYMENT_LINK
CASE_02004,CUST_02004,Eugene Wilson,7999,FAILED,NETWORK_ERROR,1,0.64,5,False,SEND_PAYMENT_LINK
CASE_02005,CUST_02005,Matthew Farley,499,FAILED,CARD_DECLINED,0,0.6,30,False,ESCALATE_HUMAN
CASE_02006,CUST_02006,Douglas Middleton,499,FAILED,INSUFFICIENT_FUNDS,2,0.22,5,False,SEND_PAYMENT_LINK
CASE_02007,CUST_02007,Victoria Hunter,499,FAILED,TIMEOUT,3,0.72,0,False,STOP
CASE_02008,CUST_02008,Brittany Christian,100000,FAILED,TIMEOUT,0,0.26,20,False,ESCALATE_HUMAN
CASE_02009,CUST_02009,Timothy Rodriguez,499,FAILED,CARD_DECLINED,1,0.28,20,False,SEND_PAYMENT_LINK
CASE_02010,CUST_02010,Alejandra Soto,2499,FAILED,INSUFFICIENT_FUNDS,3,0.61,0,False,STOP
CASE_02011,CUST_02011,Tabitha Alvarez,4999,FAILED,NETWORK_ERROR,1,0.28,30,False,ESCALATE_HUMAN
CASE_02012,CUST_02012,Lee Crosby,9999,FAILED,NETWORK_ERROR,0,0.38,20,False,SEND_PAYMENT_LINK
CASE_02013,CUST_02013,Kimberly West,25000,FAILED,NETWORK_ERROR,2,0.93,45,False,ESCALATE_HUMAN
CASE_02014,CUST_02014,Jennifer Miller,25000,FAILED,NETWORK_ERROR,0,0.99,20,False,RETRY_PAYMENT
CASE_02015,CUST_02015,Garrett Ramsey,7999,FAILED,NETWORK_ERROR,1,0.66,0,False,RETRY_PAYMENT
CASE_02016,CUST_02016,Karen Morales,2499,ABANDONED,NONE,2,0.58,0,True,SEND_PAYMENT_LINK
CASE_02017,CUST_02017,Jose Rodgers,75000,FAILED,INSUFFICIENT_FUNDS,1,0.85,0,False,ESCALATE_HUMAN
CASE_02018,CUST_02018,Joanna Allen,999,FAILED,BANK_ERROR,3,0.67,0,False,STOP
CASE_02019,CUST_02019,Travis Morgan,1499,ABANDONED,NONE,3,0.62,5,True,STOP
CASE_02020,CUST_02020,Julie Summers,499,ABANDONED,NONE,2,0.53,15,True,SEND_PAYMENT_LINK
CASE_02021,CUST_02021,Andrew Maynard,1499,FAILED,INSUFFICIENT_FUNDS,3,0.9,10,False,STOP
CASE_02022,CUST_02022,Mark Murphy,100000,FAILED,CARD_DECLINED,3,0.64,15,False,STOP
CASE_02023,CUST_02023,William Rogers,75000,FAILED,INSUFFICIENT_FUNDS,3,0.77,45,False,STOP
CASE_02024,CUST_02024,Dawn Harmon,25000,FAILED,TIMEOUT,3,0.76,20,False,STOP
CASE_02025,CUST_02025,Randy Gardner,1499,FAILED,BANK_ERROR,0,0.33,30,False,ESCALATE_HUMAN
CASE_02026,CUST_02026,Adrian Delacruz,999,FAILED,NETWORK_ERROR,3,0.34,45,False,STOP
CASE_02027,CUST_02027,Mary Vargas,15000,FAILED,CARD_DECLINED,3,0.52,10,False,STOP
CASE_02028,CUST_02028,Diana Bryant,999,ABANDONED,NONE,2,0.78,10,True,SEND_PAYMENT_LINK
CASE_02029,CUST_02029,Lisa Smith,25000,FAILED,CARD_DECLINED,2,0.65,0,False,SEND_PAYMENT_LINK
CASE_02030,CUST_02030,Carol Rodriguez,1499,FAILED,CARD_DECLINED,1,0.84,15,False,SEND_PAYMENT_LINK
CASE_02031,CUST_02031,Melanie Solis,25000,FAILED,NETWORK_ERROR,3,0.37,15,False,STOP
CASE_02032,CUST_02032,Thomas Salazar,100000,FAILED,BANK_ERROR,3,0.21,20,False,STOP
CASE_02033,CUST_02033,Gregory Bryan,1499,FAILED,NETWORK_ERROR,0,0.99,0,False,RETRY_PAYMENT
CASE_02034,CUST_02034,Matthew Powers,4999,FAILED,BANK_ERROR,0,0.63,15,False,RETRY_PAYMENT
CASE_02035,CUST_02035,James Haas,50000,ABANDONED,NONE,1,0.25,45,True,ESCALATE_HUMAN
CASE_02036,CUST_02036,Eric Gaines,2499,FAILED,TIMEOUT,1,0.42,20,False,SEND_PAYMENT_LINK
CASE_02037,CUST_02037,Rebecca Spencer,50000,FAILED,INSUFFICIENT_FUNDS,3,0.95,45,False,STOP
CASE_02038,CUST_02038,Kristin Holder,25000,FAILED,TIMEOUT,1,0.28,5,False,SEND_PAYMENT_LINK
CASE_02039,CUST_02039,Stephanie Swanson,4999,FAILED,INSUFFICIENT_FUNDS,0,0.3,45,False,ESCALATE_HUMAN
CASE_02040,CUST_02040,Jessica Short,50000,ABANDONED,NONE,2,0.66,10,True,SEND_PAYMENT_LINK
CASE_02041,CUST_02041,Brandon Velazquez,100000,ABANDONED,NONE,1,0.33,5,True,ESCALATE_HUMAN
CASE_02042,CUST_02042,Ryan Hernandez,2499,FAILED,CARD_DECLINED,1,0.31,30,False,ESCALATE_HUMAN
CASE_02043,CUST_02043,Zachary Wright,499,FAILED,TIMEOUT,0,0.31,30,False,ESCALATE_HUMAN
CASE_02044,CUST_02044,Teresa Fisher,9999,ABANDONED,NONE,2,0.44,0,True,SEND_PAYMENT_LINK
CASE_02045,CUST_02045,Emily Mayo,2499,ABANDONED,NONE,3,0.82,30,True,STOP
CASE_02046,CUST_02046,Tina Herrera,7999,FAILED,CARD_DECLINED,2,0.62,5,False,SEND_PAYMENT_LINK
CASE_02047,CUST_02047,Brittany Thompson,1499,FAILED,BANK_ERROR,3,0.65,30,False,STOP
CASE_02048,CUST_02048,Isaac Burton,100000,FAILED,TIMEOUT,3,0.72,0,False,STOP
CASE_02049,CUST_02049,Jonathan Parrish,499,FAILED,NETWORK_ERROR,2,0.78,5,False,RETRY_PAYMENT
CASE_02050,CUST_02050,Dr. Natalie Campbell,50000,FAILED,NETWORK_ERROR,2,0.34,0,False,SEND_PAYMENT_LINK
CASE_02051,CUST_02051,Mr. Brian Banks,2499,ABANDONED,NONE,2,0.62,0,True,SEND_PAYMENT_LINK
CASE_02052,CUST_02052,Laura Hall,50000,FAILED,INSUFFICIENT_FUNDS,0,0.93,10,False,SEND_PAYMENT_LINK
CASE_02053,CUST_02053,Bradley Torres,499,FAILED,TIMEOUT,2,0.71,20,False,RETRY_PAYMENT
CASE_02054,CUST_02054,Deborah Rodgers,100000,FAILED,INSUFFICIENT_FUNDS,0,0.98,0,False,ESCALATE_HUMAN
CASE_02055,CUST_02055,Virginia Haley,100000,ABANDONED,NONE,3,0.59,30,True,STOP
CASE_02056,CUST_02056,Evan Schmidt,100000,FAILED,TIMEOUT,2,0.22,0,False,ESCALATE_HUMAN
CASE_02057,CUST_02057,Samantha Baker,100000,FAILED,BANK_ERROR,0,0.54,0,False,ESCALATE_HUMAN
CASE_02058,CUST_02058,Tracy Fisher,499,ABANDONED,NONE,0,0.45,45,True,ESCALATE_HUMAN
CASE_02059,CUST_02059,Robert Lewis,4999,FAILED,CARD_DECLINED,0,0.47,15,False,SEND_PAYMENT_LINK
CASE_02060,CUST_02060,Patrick Edwards,100000,FAILED,CARD_DECLINED,2,0.61,20,False,ESCALATE_HUMAN
CASE_02061,CUST_02061,Ivan Arias,9999,FAILED,TIMEOUT,1,0.86,45,False,ESCALATE_HUMAN
CASE_02062,CUST_02062,Lori Walker,1499,FAILED,TIMEOUT,1,0.55,10,False,SEND_PAYMENT_LINK
CASE_02063,CUST_02063,Damon Wright,100000,ABANDONED,NONE,1,0.71,0,True,ESCALATE_HUMAN
CASE_02064,CUST_02064,David Foster,4999,FAILED,CARD_DECLINED,2,0.29,30,False,ESCALATE_HUMAN
CASE_02065,CUST_02065,William Chang IV,50000,FAILED,CARD_DECLINED,3,0.27,0,False,STOP
CASE_02066,CUST_02066,Deborah Thomas,1499,FAILED,BANK_ERROR,2,0.67,0,False,SEND_PAYMENT_LINK
CASE_02067,CUST_02067,Mitchell Mcclain,499,FAILED,INSUFFICIENT_FUNDS,3,0.27,5,False,STOP
CASE_02068,CUST_02068,Sharon White,4999,FAILED,BANK_ERROR,2,0.24,10,False,SEND_PAYMENT_LINK
CASE_02069,CUST_02069,Sherry Johnson,1499,FAILED,BANK_ERROR,2,0.53,5,False,RETRY_PAYMENT
CASE_02070,CUST_02070,Nancy Huffman,2499,FAILED,INSUFFICIENT_FUNDS,2,0.76,10,False,SEND_PAYMENT_LINK
CASE_02071,CUST_02071,Beverly Gill,999,ABANDONED,NONE,2,0.66,15,True,SEND_PAYMENT_LINK
CASE_02072,CUST_02072,Nathan Smith,75000,ABANDONED,NONE,1,0.23,20,True,ESCALATE_HUMAN
CASE_02073,CUST_02073,Shawn Walters,1499,FAILED,NETWORK_ERROR,2,0.72,10,False,RETRY_PAYMENT
CASE_02074,CUST_02074,Mark Robertson,100000,FAILED,TIMEOUT,1,0.41,30,False,ESCALATE_HUMAN
CASE_02075,CUST_02075,Brenda Harrison,4999,FAILED,TIMEOUT,1,0.58,30,False,ESCALATE_HUMAN
CASE_02076,CUST_02076,Carolyn Barber,50000,FAILED,INSUFFICIENT_FUNDS,3,0.73,0,False,STOP
CASE_02077,CUST_02077,Jennifer Brown,7999,FAILED,INSUFFICIENT_FUNDS,0,0.33,30,False,ESCALATE_HUMAN
CASE_02078,CUST_02078,Jamie Stevenson,7999,FAILED,TIMEOUT,1,0.93,10,False,RETRY_PAYMENT
CASE_02079,CUST_02079,Brandon Brown,1499,ABANDONED,NONE,1,0.8,30,True,ESCALATE_HUMAN
CASE_02080,CUST_02080,Jose Lewis,50000,ABANDONED,NONE,3,0.78,30,True,STOP
CASE_02081,CUST_02081,Suzanne Jones,2499,FAILED,INSUFFICIENT_FUNDS,2,0.59,20,False,SEND_PAYMENT_LINK
CASE_02082,CUST_02082,Daniel Peterson,4999,FAILED,BANK_ERROR,0,0.54,10,False,SEND_PAYMENT_LINK
CASE_02083,CUST_02083,Amanda Brewer,9999,FAILED,BANK_ERROR,1,0.94,45,False,ESCALATE_HUMAN
CASE_02084,CUST_02084,Ashley Gonzalez,2499,FAILED,BANK_ERROR,2,0.83,0,False,RETRY_PAYMENT
CASE_02085,CUST_02085,Christopher Molina,999,FAILED,BANK_ERROR,2,0.57,0,False,RETRY_PAYMENT
CASE_02086,CUST_02086,Daniel Rivers,75000,FAILED,BANK_ERROR,1,0.44,0,False,ESCALATE_HUMAN
CASE_02087,CUST_02087,Robert Williams,1499,FAILED,BANK_ERROR,3,0.27,5,False,STOP
CASE_02088,CUST_02088,Heather Knight,1499,FAILED,TIMEOUT,3,0.33,0,False,STOP
CASE_02089,CUST_02089,Michael Meyer,15000,ABANDONED,NONE,1,0.93,20,True,SEND_PAYMENT_LINK
CASE_02090,CUST_02090,Jeffrey Clark,15000,FAILED,TIMEOUT,3,0.3,0,False,STOP
CASE_02091,CUST_02091,Jason Foley,9999,FAILED,INSUFFICIENT_FUNDS,3,0.68,45,False,STOP
CASE_02092,CUST_02092,Kyle Brooks,999,FAILED,NETWORK_ERROR,0,0.38,0,False,SEND_PAYMENT_LINK
CASE_02093,CUST_02093,Bradley White,2499,FAILED,INSUFFICIENT_FUNDS,2,0.6,0,False,SEND_PAYMENT_LINK
CASE_02094,CUST_02094,Ryan Martin,50000,ABANDONED,NONE,0,0.72,0,True,SEND_PAYMENT_LINK
CASE_02095,CUST_02095,Heather Bradford,15000,FAILED,TIMEOUT,1,0.44,0,False,SEND_PAYMENT_LINK
CASE_02096,CUST_02096,Donald Woods,7999,ABANDONED,NONE,1,0.54,10,True,SEND_PAYMENT_LINK
CASE_02097,CUST_02097,Tommy Chapman,4999,ABANDONED,NONE,3,0.23,20,True,STOP
CASE_02098,CUST_02098,Kayla Bush,1499,FAILED,NETWORK_ERROR,0,0.57,0,False,RETRY_PAYMENT
CASE_02099,CUST_02099,Jessica Gates,100000,FAILED,NETWORK_ERROR,0,0.33,0,False,ESCALATE_HUMAN
CASE_02100,CUST_02100,Lisa Sullivan DVM,50000,ABANDONED,NONE,3,0.21,20,True,STOP
CASE_02101,CUST_02101,Christopher Cobb,9999,FAILED,INSUFFICIENT_FUNDS,3,0.41,0,False,STOP
CASE_02102,CUST_02102,Matthew Hanna,50000,ABANDONED,NONE,2,0.82,15,True,SEND_PAYMENT_LINK
CASE_02103,CUST_02103,Travis Spencer,25000,FAILED,TIMEOUT,1,0.98,45,False,ESCALATE_HUMAN
CASE_02104,CUST_02104,Mr. David Johnson,9999,FAILED,BANK_ERROR,0,0.47,10,False,SEND_PAYMENT_LINK
CASE_02105,CUST_02105,Daniel Walsh,2499,ABANDONED,NONE,3,0.24,10,True,STOP
CASE_02106,CUST_02106,Molly Hubbard,499,FAILED,NETWORK_ERROR,3,0.49,15,False,STOP
CASE_02107,CUST_02107,Makayla Swanson,4999,ABANDONED,NONE,2,0.74,0,True,SEND_PAYMENT_LINK
CASE_02108,CUST_02108,Justin Boyd,25000,FAILED,BANK_ERROR,2,0.49,0,False,SEND_PAYMENT_LINK
CASE_02109,CUST_02109,Kenneth Martin,15000,FAILED,INSUFFICIENT_FUNDS,0,0.68,15,False,SEND_PAYMENT_LINK
CASE_02110,CUST_02110,Casey Williams,100000,FAILED,CARD_DECLINED,3,0.4,0,False,STOP
CASE_02111,CUST_02111,Dr. Angela Michael,25000,FAILED,BANK_ERROR,1,0.71,20,False,SEND_PAYMENT_LINK
CASE_02112,CUST_02112,Cory Clark,7999,ABANDONED,NONE,1,0.94,45,True,ESCALATE_HUMAN
CASE_02113,CUST_02113,Allen Davis,50000,ABANDONED,NONE,0,0.26,15,True,SEND_PAYMENT_LINK
CASE_02114,CUST_02114,Carlos Lamb,499,FAILED,CARD_DECLINED,0,0.51,0,False,SEND_PAYMENT_LINK
CASE_02115,CUST_02115,Zachary Bennett,7999,FAILED,NETWORK_ERROR,3,0.22,10,False,STOP
CASE_02116,CUST_02116,Susan Coleman,100000,FAILED,NETWORK_ERROR,0,0.83,10,False,ESCALATE_HUMAN
CASE_02117,CUST_02117,Jacqueline Todd,4999,FAILED,TIMEOUT,2,0.66,5,False,SEND_PAYMENT_LINK
CASE_02118,CUST_02118,Nicole Murphy,9999,FAILED,BANK_ERROR,2,0.6,0,False,SEND_PAYMENT_LINK
CASE_02119,CUST_02119,Jason Hunter,1499,FAILED,INSUFFICIENT_FUNDS,0,0.53,0,False,SEND_PAYMENT_LINK
CASE_02120,CUST_02120,James Oneal,9999,FAILED,INSUFFICIENT_FUNDS,2,0.57,15,False,SEND_PAYMENT_LINK
CASE_02121,CUST_02121,Mia Armstrong,999,FAILED,BANK_ERROR,0,0.77,5,False,RETRY_PAYMENT
CASE_02122,CUST_02122,William Rogers,999,FAILED,CARD_DECLINED,3,0.67,15,False,STOP
CASE_02123,CUST_02123,Joseph Sherman,25000,ABANDONED,NONE,3,0.94,0,True,STOP
CASE_02124,CUST_02124,Christopher Mitchell,7999,FAILED,INSUFFICIENT_FUNDS,2,0.86,0,False,SEND_PAYMENT_LINK
CASE_02125,CUST_02125,Adam Johnson,15000,ABANDONED,NONE,1,0.63,0,True,SEND_PAYMENT_LINK
CASE_02126,CUST_02126,Melinda Powers,75000,ABANDONED,NONE,2,0.52,0,True,ESCALATE_HUMAN
CASE_02127,CUST_02127,Kimberly Hoffman,75000,ABANDONED,NONE,2,0.27,45,True,ESCALATE_HUMAN
CASE_02128,CUST_02128,Richard Bullock,7999,FAILED,INSUFFICIENT_FUNDS,2,0.56,30,False,ESCALATE_HUMAN
CASE_02129,CUST_02129,Nicole Thomas,499,FAILED,CARD_DECLINED,1,0.7,20,False,SEND_PAYMENT_LINK
CASE_02130,CUST_02130,Haley Wolfe,9999,FAILED,INSUFFICIENT_FUNDS,3,0.99,20,False,STOP
CASE_02131,CUST_02131,Alexander Rios,25000,FAILED,NETWORK_ERROR,0,0.28,5,False,SEND_PAYMENT_LINK
CASE_02132,CUST_02132,Raymond Sandoval,2499,FAILED,CARD_DECLINED,2,0.34,0,False,SEND_PAYMENT_LINK
CASE_02133,CUST_02133,Dorothy Smith,100000,ABANDONED,NONE,3,0.48,5,True,STOP
CASE_02134,CUST_02134,Jessica Barry,9999,FAILED,INSUFFICIENT_FUNDS,2,0.7,15,False,SEND_PAYMENT_LINK
CASE_02135,CUST_02135,Alexis James,25000,ABANDONED,NONE,1,0.89,30,True,ESCALATE_HUMAN
CASE_02136,CUST_02136,Jorge Miller,15000,FAILED,NETWORK_ERROR,1,0.94,0,False,RETRY_PAYMENT
CASE_02137,CUST_02137,Wayne Jones,9999,FAILED,TIMEOUT,2,0.81,0,False,RETRY_PAYMENT
CASE_02138,CUST_02138,Jennifer Johnson,75000,FAILED,NETWORK_ERROR,3,0.98,20,False,STOP
CASE_02139,CUST_02139,Jodi Wagner,2499,FAILED,CARD_DECLINED,1,0.31,45,False,ESCALATE_HUMAN
CASE_02140,CUST_02140,Jennifer Padilla,999,ABANDONED,NONE,0,0.46,5,True,SEND_PAYMENT_LINK
CASE_02141,CUST_02141,Leslie Williams,1499,ABANDONED,NONE,0,0.96,0,True,SEND_PAYMENT_LINK
CASE_02142,CUST_02142,Tammy Wright,100000,ABANDONED,NONE,1,0.88,0,True,ESCALATE_HUMAN
CASE_02143,CUST_02143,Austin Jackson,15000,FAILED,BANK_ERROR,1,0.58,5,False,RETRY_PAYMENT
CASE_02144,CUST_02144,Benjamin Rodriguez,4999,FAILED,TIMEOUT,1,0.66,30,False,ESCALATE_HUMAN
CASE_02145,CUST_02145,Jaime Choi,2499,ABANDONED,NONE,1,0.84,30,True,ESCALATE_HUMAN
CASE_02146,CUST_02146,Tony Smith,25000,FAILED,CARD_DECLINED,2,0.9,0,False,SEND_PAYMENT_LINK
CASE_02147,CUST_02147,Robert Dodson,2499,ABANDONED,NONE,0,0.21,0,True,SEND_PAYMENT_LINK
CASE_02148,CUST_02148,Jimmy Young,75000,ABANDONED,NONE,3,0.89,0,True,STOP
CASE_02149,CUST_02149,Deanna Richard,9999,FAILED,CARD_DECLINED,0,0.77,45,False,ESCALATE_HUMAN
CASE_02150,CUST_02150,Kevin Chung,100000,FAILED,NETWORK_ERROR,3,0.86,0,False,STOP
CASE_02151,CUST_02151,Megan Lopez,4999,ABANDONED,NONE,0,0.49,45,True,ESCALATE_HUMAN
CASE_02152,CUST_02152,Tammy Pierce,75000,ABANDONED,NONE,3,0.83,0,True,STOP
CASE_02153,CUST_02153,Michelle Larson,1499,FAILED,CARD_DECLINED,0,0.78,15,False,SEND_PAYMENT_LINK
CASE_02154,CUST_02154,Jerry Jackson,9999,FAILED,BANK_ERROR,1,0.84,5,False,RETRY_PAYMENT
CASE_02155,CUST_02155,Jonathan Herrera,4999,FAILED,INSUFFICIENT_FUNDS,0,0.57,30,False,ESCALATE_HUMAN
CASE_02156,CUST_02156,Mrs. Alexa Price,2499,FAILED,INSUFFICIENT_FUNDS,2,0.75,15,False,SEND_PAYMENT_LINK
CASE_02157,CUST_02157,Evan Davis,15000,FAILED,CARD_DECLINED,2,0.68,0,False,SEND_PAYMENT_LINK
CASE_02158,CUST_02158,Ashley Fleming,1499,FAILED,TIMEOUT,1,0.9,15,False,RETRY_PAYMENT
CASE_02159,CUST_02159,Tracy Morgan,100000,FAILED,INSUFFICIENT_FUNDS,1,0.65,10,False,ESCALATE_HUMAN
CASE_02160,CUST_02160,Tasha Farmer,15000,ABANDONED,NONE,2,0.32,0,True,SEND_PAYMENT_LINK
CASE_02161,CUST_02161,Danielle Vaughn,1499,FAILED,NETWORK_ERROR,2,0.71,0,False,SEND_PAYMENT_LINK
CASE_02162,CUST_02162,Brett Bishop,50000,FAILED,BANK_ERROR,0,0.41,45,False,ESCALATE_HUMAN
CASE_02163,CUST_02163,Judith King,100000,ABANDONED,NONE,3,0.69,0,True,STOP
CASE_02164,CUST_02164,April Pittman,7999,FAILED,CARD_DECLINED,2,0.62,20,False,SEND_PAYMENT_LINK
CASE_02165,CUST_02165,Karen Smith,15000,FAILED,CARD_DECLINED,3,0.34,20,False,STOP
CASE_02166,CUST_02166,Nicole Scott,499,FAILED,INSUFFICIENT_FUNDS,1,0.45,5,False,SEND_PAYMENT_LINK
CASE_02167,CUST_02167,Benjamin Hughes,1499,FAILED,CARD_DECLINED,0,0.72,15,False,SEND_PAYMENT_LINK
CASE_02168,CUST_02168,Maria Snyder,15000,ABANDONED,NONE,0,0.87,45,True,ESCALATE_HUMAN
CASE_02169,CUST_02169,Cheryl Escobar,2499,FAILED,INSUFFICIENT_FUNDS,0,0.52,0,False,SEND_PAYMENT_LINK
CASE_02170,CUST_02170,Tammy Robinson,7999,FAILED,INSUFFICIENT_FUNDS,0,0.98,0,False,SEND_PAYMENT_LINK
CASE_02171,CUST_02171,Aaron Sutton,15000,FAILED,BANK_ERROR,2,0.84,0,False,RETRY_PAYMENT
CASE_02172,CUST_02172,Robert Martinez,100000,FAILED,BANK_ERROR,3,0.34,10,False,STOP
CASE_02173,CUST_02173,Russell George,25000,FAILED,TIMEOUT,1,0.79,0,False,RETRY_PAYMENT
CASE_02174,CUST_02174,Kaylee Bishop,1499,FAILED,TIMEOUT,1,0.38,30,False,ESCALATE_HUMAN
CASE_02175,CUST_02175,Emily Barnes,15000,FAILED,CARD_DECLINED,0,0.46,0,False,SEND_PAYMENT_LINK
CASE_02176,CUST_02176,Ronnie Elliott,2499,ABANDONED,NONE,0,0.55,30,True,ESCALATE_HUMAN
CASE_02177,CUST_02177,Thomas Wolfe,2499,FAILED,CARD_DECLINED,1,0.68,10,False,SEND_PAYMENT_LINK
CASE_02178,CUST_02178,Kelly Patel,50000,FAILED,CARD_DECLINED,3,0.89,0,False,STOP
CASE_02179,CUST_02179,Pamela Rich,100000,ABANDONED,NONE,1,0.67,30,True,ESCALATE_HUMAN
CASE_02180,CUST_02180,Joseph Salazar,499,FAILED,NETWORK_ERROR,2,0.59,0,False,RETRY_PAYMENT
CASE_02181,CUST_02181,Bryan French,15000,FAILED,INSUFFICIENT_FUNDS,2,0.89,5,False,SEND_PAYMENT_LINK
CASE_02182,CUST_02182,Mark Gilmore,7999,FAILED,CARD_DECLINED,2,0.7,0,False,SEND_PAYMENT_LINK
CASE_02183,CUST_02183,Christopher Reyes,1499,ABANDONED,NONE,0,0.46,45,True,ESCALATE_HUMAN
CASE_02184,CUST_02184,Richard Moss,15000,ABANDONED,NONE,1,0.34,20,True,SEND_PAYMENT_LINK
CASE_02185,CUST_02185,Philip Campos,75000,FAILED,TIMEOUT,3,0.47,45,False,STOP
CASE_02186,CUST_02186,Alicia Jones,1499,FAILED,TIMEOUT,1,0.37,45,False,ESCALATE_HUMAN
CASE_02187,CUST_02187,Holly Rivas,4999,FAILED,CARD_DECLINED,3,0.28,10,False,STOP
CASE_02188,CUST_02188,Donald Todd,50000,FAILED,CARD_DECLINED,1,0.46,5,False,SEND_PAYMENT_LINK
CASE_02189,CUST_02189,Kristen Taylor,1499,FAILED,CARD_DECLINED,1,0.46,45,False,ESCALATE_HUMAN
CASE_02190,CUST_02190,Edward Bullock,15000,ABANDONED,NONE,2,0.38,10,True,SEND_PAYMENT_LINK
CASE_02191,CUST_02191,Mark Walton,15000,FAILED,INSUFFICIENT_FUNDS,1,0.44,15,False,SEND_PAYMENT_LINK
CASE_02192,CUST_02192,Mark Dominguez,100000,FAILED,NETWORK_ERROR,2,0.54,20,False,ESCALATE_HUMAN
CASE_02193,CUST_02193,Jordan Johnson,9999,FAILED,NETWORK_ERROR,0,0.97,15,False,RETRY_PAYMENT
CASE_02194,CUST_02194,Jacob Riddle,75000,FAILED,NETWORK_ERROR,2,0.22,5,False,ESCALATE_HUMAN
CASE_02195,CUST_02195,Sheila Hughes,2499,FAILED,INSUFFICIENT_FUNDS,2,0.22,20,False,SEND_PAYMENT_LINK
CASE_02196,CUST_02196,Katherine Rodgers,9999,FAILED,CARD_DECLINED,1,0.84,45,False,ESCALATE_HUMAN
CASE_02197,CUST_02197,Emily Evans,15000,FAILED,TIMEOUT,0,0.39,15,False,SEND_PAYMENT_LINK
CASE_02198,CUST_02198,Sarah Carney,100000,ABANDONED,NONE,3,0.96,0,True,STOP
CASE_02199,CUST_02199,Gail Thompson,75000,ABANDONED,NONE,3,0.4,20,True,STOP
CASE_02200,CUST_02200,Jason Kirk,499,FAILED,TIMEOUT,2,0.42,15,False,SEND_PAYMENT_LINK
CASE_02201,CUST_02201,Adam Green,15000,FAILED,TIMEOUT,3,0.31,0,False,STOP
CASE_02202,CUST_02202,James Morse,7999,ABANDONED,NONE,1,0.9,10,True,SEND_PAYMENT_LINK
CASE_02203,CUST_02203,Brian Lee,50000,FAILED,CARD_DECLINED,0,0.55,15,False,SEND_PAYMENT_LINK
CASE_02204,CUST_02204,Roger Duncan,75000,FAILED,CARD_DECLINED,2,0.75,0,False,ESCALATE_HUMAN
CASE_02205,CUST_02205,Kimberly Brown,999,FAILED,INSUFFICIENT_FUNDS,3,0.8,5,False,STOP
CASE_02206,CUST_02206,George Allen,1499,FAILED,NETWORK_ERROR,1,0.57,15,False,RETRY_PAYMENT
CASE_02207,CUST_02207,Susan Lopez,100000,FAILED,INSUFFICIENT_FUNDS,0,0.31,20,False,ESCALATE_HUMAN
CASE_02208,CUST_02208,Curtis Gutierrez,9999,ABANDONED,NONE,3,0.84,45,True,STOP
CASE_02209,CUST_02209,Monica Dawson,499,FAILED,TIMEOUT,3,1.0,45,False,STOP
CASE_02210,CUST_02210,Douglas Stone,7999,ABANDONED,NONE,2,0.66,0,True,SEND_PAYMENT_LINK
CASE_02211,CUST_02211,Ronald Bennett,100000,FAILED,CARD_DECLINED,0,0.98,0,False,ESCALATE_HUMAN
CASE_02212,CUST_02212,Christopher Case,25000,FAILED,CARD_DECLINED,0,0.66,30,False,ESCALATE_HUMAN
CASE_02213,CUST_02213,Matthew Roy,50000,FAILED,TIMEOUT,3,0.85,30,False,STOP
CASE_02214,CUST_02214,Emily Lane,15000,FAILED,INSUFFICIENT_FUNDS,0,0.35,15,False,SEND_PAYMENT_LINK
CASE_02215,CUST_02215,Nancy Williams,15000,ABANDONED,NONE,0,0.52,10,True,SEND_PAYMENT_LINK
CASE_02216,CUST_02216,Ann Andrews,499,ABANDONED,NONE,0,0.21,15,True,SEND_PAYMENT_LINK
CASE_02217,CUST_02217,Thomas Gonzalez,9999,FAILED,INSUFFICIENT_FUNDS,1,0.67,15,False,SEND_PAYMENT_LINK
CASE_02218,CUST_02218,Jeremy Flores,25000,ABANDONED,NONE,1,0.82,15,True,SEND_PAYMENT_LINK
CASE_02219,CUST_02219,Jennifer Miles DDS,100000,FAILED,BANK_ERROR,1,0.36,0,False,ESCALATE_HUMAN
CASE_02220,CUST_02220,Shawn Contreras,999,FAILED,CARD_DECLINED,0,0.82,45,False,ESCALATE_HUMAN
CASE_02221,CUST_02221,Christine Richard,7999,FAILED,INSUFFICIENT_FUNDS,2,0.94,5,False,SEND_PAYMENT_LINK
CASE_02222,CUST_02222,Kenneth Hall,2499,FAILED,BANK_ERROR,3,0.99,5,False,STOP
CASE_02223,CUST_02223,Douglas Grant,2499,FAILED,TIMEOUT,1,0.9,30,False,ESCALATE_HUMAN
CASE_02224,CUST_02224,Jeffery Vincent,999,ABANDONED,NONE,0,0.56,5,True,SEND_PAYMENT_LINK
CASE_02225,CUST_02225,Christopher Brown,9999,FAILED,NETWORK_ERROR,3,0.52,5,False,STOP
CASE_02226,CUST_02226,Jeffrey Alvarado,9999,FAILED,TIMEOUT,1,0.61,45,False,ESCALATE_HUMAN
CASE_02227,CUST_02227,Jason Bell,999,FAILED,BANK_ERROR,0,0.95,15,False,RETRY_PAYMENT
CASE_02228,CUST_02228,Eileen Smith,100000,FAILED,NETWORK_ERROR,1,0.37,0,False,ESCALATE_HUMAN
CASE_02229,CUST_02229,Bobby Cowan,25000,FAILED,NETWORK_ERROR,2,0.61,30,False,ESCALATE_HUMAN
CASE_02230,CUST_02230,Patrick Greene,499,FAILED,NETWORK_ERROR,3,0.52,0,False,STOP
CASE_02231,CUST_02231,Charles Williams,7999,FAILED,INSUFFICIENT_FUNDS,0,0.55,10,False,SEND_PAYMENT_LINK
CASE_02232,CUST_02232,Amanda Byrd,2499,FAILED,NETWORK_ERROR,3,0.21,10,False,STOP
CASE_02233,CUST_02233,Stephanie Clark,100000,FAILED,TIMEOUT,1,0.88,0,False,ESCALATE_HUMAN
CASE_02234,CUST_02234,Melinda Schmidt,50000,FAILED,BANK_ERROR,1,0.31,30,False,ESCALATE_HUMAN
CASE_02235,CUST_02235,Brandon Owen,499,FAILED,CARD_DECLINED,1,0.89,10,False,SEND_PAYMENT_LINK
CASE_02236,CUST_02236,Jennifer Morgan,7999,ABANDONED,NONE,1,0.54,0,True,SEND_PAYMENT_LINK
CASE_02237,CUST_02237,Sandra Parker,25000,FAILED,BANK_ERROR,2,0.9,0,False,RETRY_PAYMENT
CASE_02238,CUST_02238,Christopher Young,1499,FAILED,NETWORK_ERROR,1,0.44,15,False,SEND_PAYMENT_LINK
CASE_02239,CUST_02239,Tim Foley,4999,FAILED,TIMEOUT,0,0.47,30,False,ESCALATE_HUMAN
CASE_02240,CUST_02240,Heidi Roth,499,FAILED,NETWORK_ERROR,0,0.63,45,False,ESCALATE_HUMAN
CASE_02241,CUST_02241,Lance Howard,1499,FAILED,TIMEOUT,0,0.48,5,False,SEND_PAYMENT_LINK
CASE_02242,CUST_02242,Devin Kerr,999,ABANDONED,NONE,0,0.29,30,True,ESCALATE_HUMAN
CASE_02243,CUST_02243,Steven Mercer,15000,ABANDONED,NONE,3,0.31,0,True,STOP
CASE_02244,CUST_02244,Matthew Watson,4999,ABANDONED,NONE,3,0.92,10,True,STOP
CASE_02245,CUST_02245,Kimberly Nguyen,1499,FAILED,CARD_DECLINED,2,0.97,0,False,SEND_PAYMENT_LINK
CASE_02246,CUST_02246,Justin Thomas,15000,ABANDONED,NONE,1,0.3,45,True,ESCALATE_HUMAN
CASE_02247,CUST_02247,Elizabeth Hickman,1499,FAILED,BANK_ERROR,0,0.79,20,False,RETRY_PAYMENT
CASE_02248,CUST_02248,Sheena Bradshaw,4999,FAILED,BANK_ERROR,1,0.4,10,False,SEND_PAYMENT_LINK
CASE_02249,CUST_02249,Joseph Martinez,7999,ABANDONED,NONE,2,0.81,0,True,SEND_PAYMENT_LINK
CASE_02250,CUST_02250,Ruben Casey,7999,ABANDONED,NONE,2,0.73,0,True,SEND_PAYMENT_LINK
CASE_02251,CUST_02251,Alexander Wells,100000,ABANDONED,NONE,0,0.84,0,True,ESCALATE_HUMAN
CASE_02252,CUST_02252,Kristine Griffin,499,FAILED,TIMEOUT,1,0.33,15,False,SEND_PAYMENT_LINK
CASE_02253,CUST_02253,Sean Delacruz,499,ABANDONED,NONE,3,0.89,5,True,STOP
CASE_02254,CUST_02254,Jonathan Wood,75000,ABANDONED,NONE,3,0.99,30,True,STOP
CASE_02255,CUST_02255,Helen Armstrong,50000,FAILED,CARD_DECLINED,3,0.29,10,False,STOP
CASE_02256,CUST_02256,Michael Woodard,75000,FAILED,INSUFFICIENT_FUNDS,1,0.4,30,False,ESCALATE_HUMAN
CASE_02257,CUST_02257,Tammy Lynn,25000,ABANDONED,NONE,0,0.73,15,True,SEND_PAYMENT_LINK
CASE_02258,CUST_02258,Elizabeth Ingram,25000,FAILED,TIMEOUT,2,0.54,0,False,SEND_PAYMENT_LINK
CASE_02259,CUST_02259,Michael Robinson,1499,FAILED,BANK_ERROR,3,0.86,0,False,STOP
CASE_02260,CUST_02260,Miss Tammie Mcguire,25000,FAILED,BANK_ERROR,2,0.45,20,False,SEND_PAYMENT_LINK
CASE_02261,CUST_02261,Cory Campbell,25000,FAILED,CARD_DECLINED,1,0.52,45,False,ESCALATE_HUMAN
CASE_02262,CUST_02262,Marissa Sanchez,2499,FAILED,BANK_ERROR,0,0.36,15,False,SEND_PAYMENT_LINK
CASE_02263,CUST_02263,Mark Vargas Jr.,25000,FAILED,CARD_DECLINED,0,0.84,15,False,SEND_PAYMENT_LINK
CASE_02264,CUST_02264,Kristen Small,25000,FAILED,CARD_DECLINED,1,0.5,0,False,SEND_PAYMENT_LINK
CASE_02265,CUST_02265,Charles Phillips,75000,FAILED,CARD_DECLINED,1,0.87,0,False,ESCALATE_HUMAN
CASE_02266,CUST_02266,Matthew King,25000,ABANDONED,NONE,1,0.42,20,True,SEND_PAYMENT_LINK
CASE_02267,CUST_02267,Ryan Gutierrez,4999,ABANDONED,NONE,3,0.91,30,True,STOP
CASE_02268,CUST_02268,Howard Jenkins,7999,FAILED,INSUFFICIENT_FUNDS,0,0.26,45,False,ESCALATE_HUMAN
CASE_02269,CUST_02269,Destiny Black,75000,FAILED,BANK_ERROR,0,0.25,20,False,ESCALATE_HUMAN
CASE_02270,CUST_02270,Christy Jacobs,1499,FAILED,NETWORK_ERROR,1,0.81,5,False,RETRY_PAYMENT
CASE_02271,CUST_02271,Phillip Taylor,9999,FAILED,NETWORK_ERROR,3,0.67,5,False,STOP
CASE_02272,CUST_02272,Brandon Garrett,7999,FAILED,BANK_ERROR,2,0.31,20,False,SEND_PAYMENT_LINK
CASE_02273,CUST_02273,Denise Costa,999,FAILED,BANK_ERROR,3,0.31,10,False,STOP
CASE_02274,CUST_02274,Kevin James,7999,FAILED,TIMEOUT,2,0.62,30,False,ESCALATE_HUMAN
CASE_02275,CUST_02275,Lindsay Anderson,2499,ABANDONED,NONE,2,0.86,45,True,ESCALATE_HUMAN
CASE_02276,CUST_02276,David Mayo,100000,ABANDONED,NONE,1,0.26,15,True,ESCALATE_HUMAN
CASE_02277,CUST_02277,Patricia Martinez,4999,FAILED,NETWORK_ERROR,2,0.29,30,False,ESCALATE_HUMAN
CASE_02278,CUST_02278,Bruce Clark,9999,FAILED,NETWORK_ERROR,2,0.38,0,False,SEND_PAYMENT_LINK
CASE_02279,CUST_02279,Linda Singleton,999,FAILED,BANK_ERROR,3,0.87,20,False,STOP
CASE_02280,CUST_02280,Elizabeth Gonzalez DDS,9999,FAILED,TIMEOUT,2,0.87,10,False,RETRY_PAYMENT
CASE_02281,CUST_02281,Diane Ross,4999,FAILED,NETWORK_ERROR,2,0.99,0,False,RETRY_PAYMENT
CASE_02282,CUST_02282,Jennifer Bailey,499,FAILED,NETWORK_ERROR,1,0.67,5,False,RETRY_PAYMENT
CASE_02283,CUST_02283,Eileen Castaneda,75000,FAILED,TIMEOUT,3,0.65,20,False,STOP
CASE_02284,CUST_02284,Timothy Buck,50000,ABANDONED,NONE,0,0.68,0,True,SEND_PAYMENT_LINK
CASE_02285,CUST_02285,Anthony Velez,50000,FAILED,TIMEOUT,1,0.49,20,False,SEND_PAYMENT_LINK
CASE_02286,CUST_02286,Collin Ryan,9999,FAILED,INSUFFICIENT_FUNDS,3,0.88,45,False,STOP
CASE_02287,CUST_02287,Danielle Melendez,499,ABANDONED,NONE,3,0.74,0,True,STOP
CASE_02288,CUST_02288,Penny Lopez,2499,FAILED,TIMEOUT,2,0.28,20,False,SEND_PAYMENT_LINK
CASE_02289,CUST_02289,Brandi Ramos,499,ABANDONED,NONE,2,0.49,15,True,SEND_PAYMENT_LINK
CASE_02290,CUST_02290,Luis Webb,7999,FAILED,INSUFFICIENT_FUNDS,3,0.83,15,False,STOP
CASE_02291,CUST_02291,Jennifer Johnson,15000,FAILED,BANK_ERROR,1,0.65,45,False,ESCALATE_HUMAN
CASE_02292,CUST_02292,Christian Gray,75000,FAILED,NETWORK_ERROR,2,0.82,0,False,ESCALATE_HUMAN
CASE_02293,CUST_02293,Theresa Brown,15000,FAILED,INSUFFICIENT_FUNDS,2,0.69,5,False,SEND_PAYMENT_LINK
CASE_02294,CUST_02294,Brittany Miller,7999,FAILED,TIMEOUT,0,0.71,15,False,SEND_PAYMENT_LINK
CASE_02295,CUST_02295,Michael Wells,75000,FAILED,NETWORK_ERROR,1,0.41,30,False,ESCALATE_HUMAN
CASE_02296,CUST_02296,Jeffery Gonzalez,7999,FAILED,NETWORK_ERROR,2,0.8,0,False,RETRY_PAYMENT
CASE_02297,CUST_02297,Tracy Riddle,7999,FAILED,TIMEOUT,1,0.67,45,False,ESCALATE_HUMAN
CASE_02298,CUST_02298,Jill Hart,100000,FAILED,CARD_DECLINED,1,0.52,0,False,ESCALATE_HUMAN
CASE_02299,CUST_02299,Shawn David,2499,FAILED,TIMEOUT,3,0.88,0,False,STOP
CASE_02300,CUST_02300,Mary Pearson,100000,FAILED,CARD_DECLINED,2,0.52,20,False,ESCALATE_HUMAN
CASE_02301,CUST_02301,Phyllis Adams,999,FAILED,CARD_DECLINED,0,0.46,5,False,SEND_PAYMENT_LINK
CASE_02302,CUST_02302,Mary Harrison,15000,FAILED,BANK_ERROR,1,0.73,10,False,RETRY_PAYMENT
CASE_02303,CUST_02303,Nicholas Barber,2499,FAILED,BANK_ERROR,1,0.55,5,False,RETRY_PAYMENT
CASE_02304,CUST_02304,James Weaver,4999,FAILED,TIMEOUT,3,0.87,20,False,STOP
CASE_02305,CUST_02305,Adrian Little,25000,FAILED,NETWORK_ERROR,1,0.88,20,False,RETRY_PAYMENT
CASE_02306,CUST_02306,Julie Patterson,75000,ABANDONED,NONE,2,0.77,15,True,ESCALATE_HUMAN
CASE_02307,CUST_02307,Valerie Yang,4999,ABANDONED,NONE,2,0.49,5,True,SEND_PAYMENT_LINK
CASE_02308,CUST_02308,Sean Mcdonald,7999,FAILED,TIMEOUT,1,0.46,5,False,SEND_PAYMENT_LINK
CASE_02309,CUST_02309,Dalton Pena,25000,FAILED,TIMEOUT,3,0.63,0,False,STOP
CASE_02310,CUST_02310,Jason Austin,50000,FAILED,INSUFFICIENT_FUNDS,1,0.57,0,False,SEND_PAYMENT_LINK
CASE_02311,CUST_02311,Debbie Collins,15000,ABANDONED,NONE,3,0.25,0,True,STOP
CASE_02312,CUST_02312,Erica Morales,499,ABANDONED,NONE,0,0.92,30,True,ESCALATE_HUMAN
CASE_02313,CUST_02313,Richard Luna,100000,FAILED,TIMEOUT,2,0.25,10,False,ESCALATE_HUMAN
CASE_02314,CUST_02314,Elizabeth Bowers,50000,FAILED,TIMEOUT,3,0.54,0,False,STOP
CASE_02315,CUST_02315,Timothy Johnson,9999,FAILED,NETWORK_ERROR,2,0.63,10,False,RETRY_PAYMENT
CASE_02316,CUST_02316,Benjamin Foster,50000,ABANDONED,NONE,1,0.81,15,True,SEND_PAYMENT_LINK
CASE_02317,CUST_02317,Suzanne Sanchez,499,FAILED,INSUFFICIENT_FUNDS,0,0.82,0,False,SEND_PAYMENT_LINK
CASE_02318,CUST_02318,Benjamin Brown,50000,FAILED,CARD_DECLINED,3,0.78,5,False,STOP
CASE_02319,CUST_02319,Louis Williams,2499,FAILED,BANK_ERROR,0,0.72,30,False,ESCALATE_HUMAN
CASE_02320,CUST_02320,Brian Brooks,100000,FAILED,INSUFFICIENT_FUNDS,0,0.28,20,False,ESCALATE_HUMAN
CASE_02321,CUST_02321,Judy Diaz,50000,ABANDONED,NONE,3,0.51,30,True,STOP
CASE_02322,CUST_02322,Cory Phillips,1499,FAILED,BANK_ERROR,0,0.45,0,False,SEND_PAYMENT_LINK
CASE_02323,CUST_02323,Steven Sampson,100000,ABANDONED,NONE,2,0.6,0,True,ESCALATE_HUMAN
CASE_02324,CUST_02324,Jennifer Flynn,4999,ABANDONED,NONE,1,0.38,0,True,SEND_PAYMENT_LINK
CASE_02325,CUST_02325,Jacob Garcia,7999,ABANDONED,NONE,0,0.62,0,True,SEND_PAYMENT_LINK
CASE_02326,CUST_02326,Jessica Quinn,50000,FAILED,CARD_DECLINED,0,0.75,0,False,ESCALATE_HUMAN
CASE_02327,CUST_02327,Andrew Davis,25000,FAILED,TIMEOUT,2,0.51,0,False,SEND_PAYMENT_LINK
CASE_02328,CUST_02328,Thomas Johnson,50000,FAILED,TIMEOUT,1,0.35,30,False,ESCALATE_HUMAN
CASE_02329,CUST_02329,Joy Day,1499,FAILED,INSUFFICIENT_FUNDS,0,0.9,0,False,SEND_PAYMENT_LINK
CASE_02330,CUST_02330,Jennifer Murray,50000,FAILED,CARD_DECLINED,1,0.91,0,False,SEND_PAYMENT_LINK
CASE_02331,CUST_02331,William Williams,15000,FAILED,CARD_DECLINED,0,0.95,0,False,SEND_PAYMENT_LINK
CASE_02332,CUST_02332,Earl Harris,4999,FAILED,TIMEOUT,2,0.75,45,False,ESCALATE_HUMAN
CASE_02333,CUST_02333,Mary Scott,1499,FAILED,NETWORK_ERROR,1,0.68,15,False,SEND_PAYMENT_LINK
CASE_02334,CUST_02334,William Malone,75000,ABANDONED,NONE,3,0.96,45,True,STOP
CASE_02335,CUST_02335,Michelle Flores,999,FAILED,BANK_ERROR,2,0.31,30,False,ESCALATE_HUMAN
CASE_02336,CUST_02336,Amanda Moreno,2499,ABANDONED,NONE,0,0.49,30,True,ESCALATE_HUMAN
CASE_02337,CUST_02337,Brian Smith,75000,FAILED,CARD_DECLINED,0,0.73,15,False,ESCALATE_HUMAN
CASE_02338,CUST_02338,Mary Thomas,25000,ABANDONED,NONE,1,0.43,0,True,SEND_PAYMENT_LINK
CASE_02339,CUST_02339,Brett Stein,15000,FAILED,INSUFFICIENT_FUNDS,3,0.52,20,False,STOP
CASE_02340,CUST_02340,Kimberly Murillo,999,ABANDONED,NONE,0,0.59,15,True,SEND_PAYMENT_LINK
CASE_02341,CUST_02341,John Owens,25000,ABANDONED,NONE,3,0.44,10,True,STOP
CASE_02342,CUST_02342,Melissa Thompson,75000,FAILED,CARD_DECLINED,0,0.35,0,False,ESCALATE_HUMAN
CASE_02343,CUST_02343,John Silva,4999,FAILED,INSUFFICIENT_FUNDS,0,0.63,0,False,SEND_PAYMENT_LINK
CASE_02344,CUST_02344,Brent Rush,4999,ABANDONED,NONE,1,0.48,45,True,ESCALATE_HUMAN
CASE_02345,CUST_02345,Adam Robinson,499,ABANDONED,NONE,1,0.61,0,True,SEND_PAYMENT_LINK
CASE_02346,CUST_02346,John Kidd,2499,FAILED,NETWORK_ERROR,1,0.91,15,False,RETRY_PAYMENT
CASE_02347,CUST_02347,Christina Rodriguez,999,FAILED,NETWORK_ERROR,1,0.66,0,False,RETRY_PAYMENT
CASE_02348,CUST_02348,Haley Carr,9999,FAILED,TIMEOUT,2,0.2,5,False,SEND_PAYMENT_LINK
CASE_02349,CUST_02349,Anthony Osborne,75000,FAILED,BANK_ERROR,3,0.86,15,False,STOP
CASE_02350,CUST_02350,James Ross,9999,FAILED,BANK_ERROR,1,0.68,10,False,SEND_PAYMENT_LINK
CASE_02351,CUST_02351,Carol Peters,9999,FAILED,BANK_ERROR,2,0.53,0,False,RETRY_PAYMENT
CASE_02352,CUST_02352,Danielle Wolf,9999,ABANDONED,NONE,2,0.87,5,True,SEND_PAYMENT_LINK
CASE_02353,CUST_02353,Martha Shepherd,15000,FAILED,CARD_DECLINED,0,0.7,20,False,SEND_PAYMENT_LINK
CASE_02354,CUST_02354,Nicholas Mitchell,499,ABANDONED,NONE,1,0.73,5,True,SEND_PAYMENT_LINK
CASE_02355,CUST_02355,Kimberly Mitchell,999,FAILED,TIMEOUT,1,0.92,30,False,ESCALATE_HUMAN
CASE_02356,CUST_02356,Tina Jones,999,FAILED,CARD_DECLINED,2,0.33,10,False,SEND_PAYMENT_LINK
CASE_02357,CUST_02357,Meagan White,75000,ABANDONED,NONE,2,0.63,10,True,ESCALATE_HUMAN
CASE_02358,CUST_02358,Crystal Davenport,50000,FAILED,TIMEOUT,0,0.52,5,False,SEND_PAYMENT_LINK
CASE_02359,CUST_02359,Jason Harper,25000,ABANDONED,NONE,1,0.3,0,True,SEND_PAYMENT_LINK
CASE_02360,CUST_02360,Nancy Cortez,15000,ABANDONED,NONE,0,0.29,0,True,SEND_PAYMENT_LINK
CASE_02361,CUST_02361,Amber Lee,9999,FAILED,TIMEOUT,0,0.39,15,False,SEND_PAYMENT_LINK
CASE_02362,CUST_02362,Brandon Arnold,15000,FAILED,NETWORK_ERROR,0,0.73,45,False,ESCALATE_HUMAN
CASE_02363,CUST_02363,Kenneth Castro,2499,FAILED,INSUFFICIENT_FUNDS,0,0.66,0,False,SEND_PAYMENT_LINK
CASE_02364,CUST_02364,John Murphy,7999,FAILED,BANK_ERROR,2,0.57,0,False,RETRY_PAYMENT
CASE_02365,CUST_02365,Jacob Costa,1499,FAILED,CARD_DECLINED,0,0.38,5,False,SEND_PAYMENT_LINK
CASE_02366,CUST_02366,Kayla Lamb,7999,ABANDONED,NONE,0,0.9,0,True,SEND_PAYMENT_LINK
CASE_02367,CUST_02367,Timothy Martin,2499,FAILED,CARD_DECLINED,1,0.31,15,False,SEND_PAYMENT_LINK
CASE_02368,CUST_02368,Jorge West,499,FAILED,TIMEOUT,3,0.61,0,False,STOP
CASE_02369,CUST_02369,Mrs. Lisa Mays,50000,FAILED,INSUFFICIENT_FUNDS,2,0.23,0,False,SEND_PAYMENT_LINK
CASE_02370,CUST_02370,Russell Larsen,499,ABANDONED,NONE,0,0.65,20,True,SEND_PAYMENT_LINK
CASE_02371,CUST_02371,Eric Watson,50000,FAILED,BANK_ERROR,0,0.65,0,False,RETRY_PAYMENT
CASE_02372,CUST_02372,Teresa Foster,15000,ABANDONED,NONE,2,0.75,20,True,SEND_PAYMENT_LINK
CASE_02373,CUST_02373,Kenneth Baker,15000,FAILED,NETWORK_ERROR,2,0.48,30,False,ESCALATE_HUMAN
CASE_02374,CUST_02374,Glenn Webster DDS,15000,FAILED,NETWORK_ERROR,2,0.38,10,False,SEND_PAYMENT_LINK
CASE_02375,CUST_02375,Nicolas Martin,75000,FAILED,NETWORK_ERROR,2,0.91,15,False,ESCALATE_HUMAN
CASE_02376,CUST_02376,Angel Taylor,100000,FAILED,NETWORK_ERROR,2,0.32,30,False,ESCALATE_HUMAN
CASE_02377,CUST_02377,Brittany Riley,9999,FAILED,NETWORK_ERROR,1,0.87,15,False,RETRY_PAYMENT
CASE_02378,CUST_02378,Hayley Bishop,2499,ABANDONED,NONE,3,0.91,30,True,STOP
CASE_02379,CUST_02379,Susan Shepherd,100000,ABANDONED,NONE,3,0.96,30,True,STOP
CASE_02380,CUST_02380,Cheyenne Poole MD,7999,FAILED,INSUFFICIENT_FUNDS,3,0.31,45,False,STOP
CASE_02381,CUST_02381,Lisa Robles,2499,FAILED,BANK_ERROR,1,0.65,15,False,SEND_PAYMENT_LINK
CASE_02382,CUST_02382,Julia Maddox,25000,ABANDONED,NONE,2,0.72,5,True,SEND_PAYMENT_LINK
CASE_02383,CUST_02383,Brian Wilson,9999,FAILED,NETWORK_ERROR,0,0.63,30,False,ESCALATE_HUMAN
CASE_02384,CUST_02384,Mr. David Lawson,4999,ABANDONED,NONE,0,0.36,15,True,SEND_PAYMENT_LINK
CASE_02385,CUST_02385,Benjamin Bradford,25000,FAILED,NETWORK_ERROR,3,0.34,30,False,STOP
CASE_02386,CUST_02386,Thomas Garcia,499,FAILED,NETWORK_ERROR,1,0.42,0,False,SEND_PAYMENT_LINK
CASE_02387,CUST_02387,Lisa Juarez,75000,ABANDONED,NONE,1,0.32,15,True,ESCALATE_HUMAN
CASE_02388,CUST_02388,Cameron Hernandez,15000,FAILED,BANK_ERROR,3,0.45,45,False,STOP
CASE_02389,CUST_02389,Katie Dodson,100000,FAILED,TIMEOUT,0,0.27,0,False,ESCALATE_HUMAN
CASE_02390,CUST_02390,Ronald Williams,499,FAILED,TIMEOUT,2,0.95,15,False,RETRY_PAYMENT
CASE_02391,CUST_02391,Joseph Saunders,2499,FAILED,BANK_ERROR,2,0.87,15,False,RETRY_PAYMENT
CASE_02392,CUST_02392,Joanna Estes,50000,FAILED,CARD_DECLINED,3,0.58,0,False,STOP
CASE_02393,CUST_02393,Morgan Morgan,4999,FAILED,TIMEOUT,1,0.92,0,False,RETRY_PAYMENT
CASE_02394,CUST_02394,Kathleen Carter,1499,ABANDONED,NONE,0,0.63,20,True,SEND_PAYMENT_LINK
CASE_02395,CUST_02395,Diane White PhD,1499,ABANDONED,NONE,2,0.75,5,True,SEND_PAYMENT_LINK
CASE_02396,CUST_02396,Jamie Bennett,999,FAILED,NETWORK_ERROR,0,0.8,0,False,RETRY_PAYMENT
CASE_02397,CUST_02397,Jerry Henson,9999,ABANDONED,NONE,3,0.58,0,True,STOP
CASE_02398,CUST_02398,Jose Woodward,50000,FAILED,NETWORK_ERROR,1,0.56,0,False,SEND_PAYMENT_LINK
CASE_02399,CUST_02399,Jonathan Flores,75000,FAILED,INSUFFICIENT_FUNDS,0,0.91,0,False,ESCALATE_HUMAN
CASE_02400,CUST_02400,Brett Brown,1499,FAILED,CARD_DECLINED,2,0.74,0,False,SEND_PAYMENT_LINK
CASE_02401,CUST_02401,Christopher Wells,999,FAILED,INSUFFICIENT_FUNDS,2,0.77,0,False,SEND_PAYMENT_LINK
CASE_02402,CUST_02402,David Hansen,7999,ABANDONED,NONE,0,0.7,20,True,SEND_PAYMENT_LINK
CASE_02403,CUST_02403,Brian Pena,1499,FAILED,INSUFFICIENT_FUNDS,1,0.61,45,False,ESCALATE_HUMAN
CASE_02404,CUST_02404,Maria Freeman,499,ABANDONED,NONE,2,0.92,0,True,SEND_PAYMENT_LINK
CASE_02405,CUST_02405,Michael Love,75000,FAILED,INSUFFICIENT_FUNDS,2,0.56,20,False,ESCALATE_HUMAN
CASE_02406,CUST_02406,Michele Haynes,7999,FAILED,INSUFFICIENT_FUNDS,3,0.73,15,False,STOP
CASE_02407,CUST_02407,Joseph Trujillo,25000,FAILED,BANK_ERROR,0,0.79,0,False,RETRY_PAYMENT
CASE_02408,CUST_02408,Laura Bullock,4999,ABANDONED,NONE,1,0.92,20,True,SEND_PAYMENT_LINK
CASE_02409,CUST_02409,Timothy Rogers,9999,FAILED,INSUFFICIENT_FUNDS,3,0.47,45,False,STOP
CASE_02410,CUST_02410,Dylan Wright,9999,ABANDONED,NONE,2,0.31,15,True,SEND_PAYMENT_LINK
CASE_02411,CUST_02411,Julia Greer,100000,FAILED,CARD_DECLINED,1,0.59,10,False,ESCALATE_HUMAN
CASE_02412,CUST_02412,Benjamin Reyes,999,ABANDONED,NONE,0,0.84,15,True,SEND_PAYMENT_LINK
CASE_02413,CUST_02413,Tammy Ingram,25000,FAILED,TIMEOUT,1,0.84,0,False,RETRY_PAYMENT
CASE_02414,CUST_02414,Kelly Green,2499,FAILED,BANK_ERROR,2,0.25,5,False,SEND_PAYMENT_LINK
CASE_02415,CUST_02415,Adam Olsen,999,FAILED,TIMEOUT,0,0.79,15,False,RETRY_PAYMENT
CASE_02416,CUST_02416,Nicholas Fox,50000,FAILED,BANK_ERROR,3,0.7,15,False,STOP
CASE_02417,CUST_02417,Miguel Miller,75000,FAILED,CARD_DECLINED,0,0.24,0,False,ESCALATE_HUMAN
CASE_02418,CUST_02418,Misty Aguilar,2499,FAILED,BANK_ERROR,0,0.77,0,False,RETRY_PAYMENT
CASE_02419,CUST_02419,Lauren Torres,499,ABANDONED,NONE,1,0.37,0,True,SEND_PAYMENT_LINK
CASE_02420,CUST_02420,Morgan Smith MD,9999,FAILED,CARD_DECLINED,1,0.58,5,False,SEND_PAYMENT_LINK
CASE_02421,CUST_02421,Philip Flores,100000,ABANDONED,NONE,1,0.58,0,True,ESCALATE_HUMAN
CASE_02422,CUST_02422,Richard Holt,15000,FAILED,CARD_DECLINED,0,0.26,5,False,SEND_PAYMENT_LINK
CASE_02423,CUST_02423,David Jennings,4999,FAILED,CARD_DECLINED,1,0.76,0,False,SEND_PAYMENT_LINK
CASE_02424,CUST_02424,Arthur Cox,2499,FAILED,INSUFFICIENT_FUNDS,1,0.33,10,False,SEND_PAYMENT_LINK
CASE_02425,CUST_02425,Anita Williams,50000,ABANDONED,NONE,2,0.37,10,True,SEND_PAYMENT_LINK
CASE_02426,CUST_02426,Stephanie West,7999,FAILED,CARD_DECLINED,0,0.72,10,False,SEND_PAYMENT_LINK
CASE_02427,CUST_02427,Nicole Arroyo,4999,FAILED,TIMEOUT,0,0.25,15,False,SEND_PAYMENT_LINK
CASE_02428,CUST_02428,Brian Mills,100000,FAILED,CARD_DECLINED,3,0.26,30,False,STOP
CASE_02429,CUST_02429,Stephen Schmidt,499,FAILED,INSUFFICIENT_FUNDS,2,0.76,0,False,SEND_PAYMENT_LINK
CASE_02430,CUST_02430,Roberto Conner,50000,FAILED,INSUFFICIENT_FUNDS,3,0.49,30,False,STOP
CASE_02431,CUST_02431,Michael Wilkinson,7999,ABANDONED,NONE,2,0.81,15,True,SEND_PAYMENT_LINK
CASE_02432,CUST_02432,James Nelson,25000,FAILED,BANK_ERROR,1,0.23,15,False,SEND_PAYMENT_LINK
CASE_02433,CUST_02433,Mary Campos,9999,ABANDONED,NONE,3,0.46,20,True,STOP
CASE_02434,CUST_02434,Tracy Gonzales,15000,ABANDONED,NONE,3,0.32,20,True,STOP
CASE_02435,CUST_02435,Beverly Garcia,9999,FAILED,BANK_ERROR,2,0.51,0,False,RETRY_PAYMENT
CASE_02436,CUST_02436,Barbara Graham,499,ABANDONED,NONE,1,0.32,0,True,SEND_PAYMENT_LINK
CASE_02437,CUST_02437,Laurie Berry,2499,FAILED,TIMEOUT,3,0.58,10,False,STOP
CASE_02438,CUST_02438,Peter Williams,7999,FAILED,TIMEOUT,3,0.51,10,False,STOP
CASE_02439,CUST_02439,Melissa Smith,25000,FAILED,BANK_ERROR,1,0.59,30,False,ESCALATE_HUMAN
CASE_02440,CUST_02440,Gail Morrow,9999,ABANDONED,NONE,1,0.59,0,True,SEND_PAYMENT_LINK
CASE_02441,CUST_02441,Kayla Flores,7999,FAILED,TIMEOUT,2,0.76,10,False,RETRY_PAYMENT
CASE_02442,CUST_02442,Randy Chan,1499,FAILED,CARD_DECLINED,3,0.84,20,False,STOP
CASE_02443,CUST_02443,Cody Wright,15000,FAILED,INSUFFICIENT_FUNDS,1,0.47,10,False,SEND_PAYMENT_LINK
CASE_02444,CUST_02444,Jennifer Yates,75000,ABANDONED,NONE,0,0.68,45,True,ESCALATE_HUMAN
CASE_02445,CUST_02445,Paula Tran,4999,FAILED,INSUFFICIENT_FUNDS,1,0.5,30,False,ESCALATE_HUMAN
CASE_02446,CUST_02446,Laura Vincent,999,FAILED,NETWORK_ERROR,2,0.53,5,False,SEND_PAYMENT_LINK
CASE_02447,CUST_02447,Tracie West,100000,FAILED,INSUFFICIENT_FUNDS,3,0.83,45,False,STOP
CASE_02448,CUST_02448,Arthur Lewis,7999,FAILED,BANK_ERROR,1,0.97,5,False,RETRY_PAYMENT
CASE_02449,CUST_02449,Mary Allen,100000,FAILED,BANK_ERROR,3,0.65,0,False,STOP
CASE_02450,CUST_02450,Allison Watts,7999,FAILED,NETWORK_ERROR,1,0.7,0,False,RETRY_PAYMENT
CASE_02451,CUST_02451,Michael Williams,15000,FAILED,TIMEOUT,3,0.51,5,False,STOP
CASE_02452,CUST_02452,Kevin Gibson,4999,FAILED,INSUFFICIENT_FUNDS,0,0.58,5,False,SEND_PAYMENT_LINK
CASE_02453,CUST_02453,Zachary Ewing,75000,FAILED,INSUFFICIENT_FUNDS,2,0.86,30,False,ESCALATE_HUMAN
CASE_02454,CUST_02454,Benjamin Roberts,25000,FAILED,INSUFFICIENT_FUNDS,2,0.59,15,False,SEND_PAYMENT_LINK
CASE_02455,CUST_02455,Willie Olson,50000,FAILED,BANK_ERROR,0,0.44,0,False,SEND_PAYMENT_LINK
CASE_02456,CUST_02456,Michael Rodriguez,100000,FAILED,CARD_DECLINED,2,0.4,20,False,ESCALATE_HUMAN
CASE_02457,CUST_02457,Kendra Lewis,9999,FAILED,INSUFFICIENT_FUNDS,2,0.36,10,False,SEND_PAYMENT_LINK
CASE_02458,CUST_02458,Megan Martin,499,FAILED,NETWORK_ERROR,0,0.49,0,False,SEND_PAYMENT_LINK
CASE_02459,CUST_02459,Robert Adkins,15000,ABANDONED,NONE,1,0.68,15,True,SEND_PAYMENT_LINK
CASE_02460,CUST_02460,Stephanie Fitzpatrick,999,FAILED,NETWORK_ERROR,2,0.36,30,False,ESCALATE_HUMAN
CASE_02461,CUST_02461,Michael Reeves,4999,FAILED,CARD_DECLINED,1,0.46,0,False,SEND_PAYMENT_LINK
CASE_02462,CUST_02462,Jonathan Roberts,999,FAILED,INSUFFICIENT_FUNDS,3,0.5,15,False,STOP
CASE_02463,CUST_02463,James Leonard,100000,ABANDONED,NONE,0,0.7,15,True,ESCALATE_HUMAN
CASE_02464,CUST_02464,Teresa Alvarez,9999,FAILED,INSUFFICIENT_FUNDS,0,0.71,15,False,SEND_PAYMENT_LINK
CASE_02465,CUST_02465,Timothy Carney,50000,FAILED,CARD_DECLINED,0,0.78,0,False,SEND_PAYMENT_LINK
CASE_02466,CUST_02466,Jorge Harris,999,FAILED,BANK_ERROR,0,0.62,5,False,RETRY_PAYMENT
CASE_02467,CUST_02467,Julia White,7999,FAILED,INSUFFICIENT_FUNDS,0,0.53,0,False,SEND_PAYMENT_LINK
CASE_02468,CUST_02468,Jason Murphy,15000,ABANDONED,NONE,0,0.62,20,True,SEND_PAYMENT_LINK
CASE_02469,CUST_02469,Michael Clark,100000,FAILED,CARD_DECLINED,0,0.85,30,False,ESCALATE_HUMAN
CASE_02470,CUST_02470,Joshua Hart,1499,FAILED,INSUFFICIENT_FUNDS,1,0.39,45,False,ESCALATE_HUMAN
CASE_02471,CUST_02471,Jennifer Weiss MD,499,FAILED,BANK_ERROR,3,0.23,5,False,STOP
CASE_02472,CUST_02472,George Luna,2499,FAILED,BANK_ERROR,2,0.46,20,False,SEND_PAYMENT_LINK
CASE_02473,CUST_02473,Timothy Peters,499,FAILED,NETWORK_ERROR,0,0.74,20,False,RETRY_PAYMENT
CASE_02474,CUST_02474,Alison Lopez,499,FAILED,CARD_DECLINED,0,0.37,30,False,ESCALATE_HUMAN
CASE_02475,CUST_02475,Victoria Martin,499,FAILED,TIMEOUT,2,0.61,0,False,RETRY_PAYMENT
CASE_02476,CUST_02476,John Ruiz,1499,FAILED,CARD_DECLINED,2,0.41,15,False,SEND_PAYMENT_LINK
CASE_02477,CUST_02477,Christopher Rhodes,25000,ABANDONED,NONE,1,0.87,10,True,SEND_PAYMENT_LINK
CASE_02478,CUST_02478,David Douglas,7999,FAILED,INSUFFICIENT_FUNDS,2,0.51,10,False,SEND_PAYMENT_LINK
CASE_02479,CUST_02479,Bonnie Lopez,15000,FAILED,NETWORK_ERROR,3,0.36,0,False,STOP
CASE_02480,CUST_02480,Heather Fox,499,ABANDONED,NONE,0,0.79,5,True,SEND_PAYMENT_LINK
CASE_02481,CUST_02481,Jenny Smith,2499,FAILED,BANK_ERROR,2,0.49,0,False,SEND_PAYMENT_LINK
CASE_02482,CUST_02482,Kathleen Lopez,75000,FAILED,CARD_DECLINED,2,0.37,0,False,ESCALATE_HUMAN
CASE_02483,CUST_02483,Bernard Lewis,4999,FAILED,BANK_ERROR,1,0.89,5,False,RETRY_PAYMENT
CASE_02484,CUST_02484,Amanda Thomas,15000,ABANDONED,NONE,2,0.57,20,True,SEND_PAYMENT_LINK
CASE_02485,CUST_02485,Jerome Garcia,50000,FAILED,NETWORK_ERROR,3,0.65,10,False,STOP
CASE_02486,CUST_02486,Nathan Rodriguez,75000,FAILED,TIMEOUT,0,0.91,0,False,ESCALATE_HUMAN
CASE_02487,CUST_02487,Anthony Haney,50000,FAILED,TIMEOUT,2,0.94,10,False,RETRY_PAYMENT
CASE_02488,CUST_02488,Daniel Pierce MD,15000,ABANDONED,NONE,1,0.28,15,True,SEND_PAYMENT_LINK
CASE_02489,CUST_02489,Tyler Bernard,2499,FAILED,NETWORK_ERROR,2,0.26,20,False,SEND_PAYMENT_LINK
CASE_02490,CUST_02490,Clinton Rodriguez DDS,75000,FAILED,INSUFFICIENT_FUNDS,0,0.92,10,False,ESCALATE_HUMAN
CASE_02491,CUST_02491,Amanda Moore,1499,FAILED,NETWORK_ERROR,1,0.3,0,False,SEND_PAYMENT_LINK
CASE_02492,CUST_02492,Michael Greene,15000,FAILED,TIMEOUT,0,0.27,5,False,SEND_PAYMENT_LINK
CASE_02493,CUST_02493,Sheila Gallegos,15000,FAILED,INSUFFICIENT_FUNDS,0,0.76,30,False,ESCALATE_HUMAN
CASE_02494,CUST_02494,Laurie Smith,999,FAILED,BANK_ERROR,0,0.52,20,False,RETRY_PAYMENT
CASE_02495,CUST_02495,Steven Moran,15000,ABANDONED,NONE,3,0.53,0,True,STOP
CASE_02496,CUST_02496,Hannah Lamb,50000,FAILED,TIMEOUT,2,0.77,30,False,ESCALATE_HUMAN
CASE_02497,CUST_02497,Melissa Rodriguez,2499,FAILED,TIMEOUT,2,0.97,5,False,RETRY_PAYMENT
CASE_02498,CUST_02498,Amber Davila,2499,ABANDONED,NONE,0,1.0,0,True,SEND_PAYMENT_LINK
CASE_02499,CUST_02499,William Moore,50000,ABANDONED,NONE,3,0.83,0,True,STOP
CASE_02500,CUST_02500,Walter Graham,4999,FAILED,TIMEOUT,2,0.57,30,False,ESCALATE_HUMAN
CASE_02501,CUST_02501,Paul Cox,25000,FAILED,INSUFFICIENT_FUNDS,2,0.78,45,False,ESCALATE_HUMAN
CASE_02502,CUST_02502,Christine Davis,1499,FAILED,INSUFFICIENT_FUNDS,3,0.34,20,False,STOP
CASE_02503,CUST_02503,Tony Rogers,7999,ABANDONED,NONE,2,0.81,0,True,SEND_PAYMENT_LINK
CASE_02504,CUST_02504,Anna Fox,75000,ABANDONED,NONE,3,0.49,20,True,STOP
CASE_02505,CUST_02505,Brianna Mcconnell,999,FAILED,BANK_ERROR,2,0.94,30,False,ESCALATE_HUMAN
CASE_02506,CUST_02506,Antonio Hughes MD,15000,FAILED,TIMEOUT,2,0.61,0,False,RETRY_PAYMENT
CASE_02507,CUST_02507,James Miller,25000,FAILED,CARD_DECLINED,1,0.98,5,False,SEND_PAYMENT_LINK
CASE_02508,CUST_02508,Sarah Morrison,100000,ABANDONED,NONE,0,0.86,0,True,ESCALATE_HUMAN
CASE_02509,CUST_02509,Daniel Smith,25000,FAILED,CARD_DECLINED,0,0.66,10,False,SEND_PAYMENT_LINK
CASE_02510,CUST_02510,Tamara Brown,25000,FAILED,BANK_ERROR,2,0.59,15,False,SEND_PAYMENT_LINK
CASE_02511,CUST_02511,Danny Suarez,7999,ABANDONED,NONE,3,0.38,15,True,STOP
CASE_02512,CUST_02512,Jesse King,100000,ABANDONED,NONE,0,0.38,30,True,ESCALATE_HUMAN
CASE_02513,CUST_02513,Sarah Lee,1499,FAILED,TIMEOUT,0,0.6,0,False,SEND_PAYMENT_LINK
CASE_02514,CUST_02514,Rhonda Wilkins,4999,FAILED,NETWORK_ERROR,2,0.86,45,False,ESCALATE_HUMAN
CASE_02515,CUST_02515,Marisa Armstrong,75000,FAILED,BANK_ERROR,0,0.21,10,False,ESCALATE_HUMAN
CASE_02516,CUST_02516,William Johnson,999,FAILED,BANK_ERROR,0,0.25,30,False,ESCALATE_HUMAN
CASE_02517,CUST_02517,Colleen Williams,999,ABANDONED,NONE,2,0.73,0,True,SEND_PAYMENT_LINK
CASE_02518,CUST_02518,Brenda Thomas,100000,FAILED,INSUFFICIENT_FUNDS,3,0.5,10,False,STOP
CASE_02519,CUST_02519,Xavier Santana,9999,ABANDONED,NONE,0,0.74,0,True,SEND_PAYMENT_LINK
CASE_02520,CUST_02520,Alexandra Scott,15000,FAILED,INSUFFICIENT_FUNDS,0,0.4,30,False,ESCALATE_HUMAN
CASE_02521,CUST_02521,Ryan Lynch,9999,FAILED,NETWORK_ERROR,2,0.96,30,False,ESCALATE_HUMAN
CASE_02522,CUST_02522,Ryan Hernandez,499,ABANDONED,NONE,0,0.97,0,True,SEND_PAYMENT_LINK
CASE_02523,CUST_02523,Scott Paul,15000,FAILED,CARD_DECLINED,0,0.27,0,False,SEND_PAYMENT_LINK
CASE_02524,CUST_02524,Michael Murphy,15000,ABANDONED,NONE,2,0.39,30,True,ESCALATE_HUMAN
CASE_02525,CUST_02525,Dakota Odonnell,499,FAILED,INSUFFICIENT_FUNDS,3,0.37,20,False,STOP
CASE_02526,CUST_02526,Melissa Gibson,999,FAILED,BANK_ERROR,0,0.95,30,False,ESCALATE_HUMAN
CASE_02527,CUST_02527,James Maddox,999,FAILED,NETWORK_ERROR,2,0.76,20,False,RETRY_PAYMENT
CASE_02528,CUST_02528,Lisa Turner,25000,FAILED,INSUFFICIENT_FUNDS,0,0.76,30,False,ESCALATE_HUMAN
CASE_02529,CUST_02529,Lisa Boyer,1499,ABANDONED,NONE,2,0.88,0,True,SEND_PAYMENT_LINK
CASE_02530,CUST_02530,Kristin Branch,4999,FAILED,NETWORK_ERROR,0,0.75,0,False,RETRY_PAYMENT
CASE_02531,CUST_02531,Desiree Pineda,2499,ABANDONED,NONE,3,0.4,20,True,STOP
CASE_02532,CUST_02532,Samantha Morse,100000,FAILED,NETWORK_ERROR,0,0.44,5,False,ESCALATE_HUMAN
CASE_02533,CUST_02533,James Reynolds,7999,ABANDONED,NONE,1,0.77,0,True,SEND_PAYMENT_LINK
CASE_02534,CUST_02534,Deanna Clay,999,FAILED,BANK_ERROR,1,0.79,0,False,RETRY_PAYMENT
CASE_02535,CUST_02535,Craig Kerr,15000,ABANDONED,NONE,2,0.84,20,True,SEND_PAYMENT_LINK
CASE_02536,CUST_02536,Donna Russell,499,FAILED,CARD_DECLINED,0,0.53,0,False,SEND_PAYMENT_LINK
CASE_02537,CUST_02537,Bill Mueller,4999,ABANDONED,NONE,3,0.25,0,True,STOP
CASE_02538,CUST_02538,Mary Brown,4999,FAILED,NETWORK_ERROR,3,0.61,5,False,STOP
CASE_02539,CUST_02539,Brooke Rivera,1499,FAILED,TIMEOUT,1,0.27,0,False,SEND_PAYMENT_LINK
CASE_02540,CUST_02540,Danielle Rodriguez,75000,FAILED,NETWORK_ERROR,2,0.65,30,False,ESCALATE_HUMAN
CASE_02541,CUST_02541,Jessica Chandler,999,FAILED,CARD_DECLINED,3,0.29,0,False,STOP
CASE_02542,CUST_02542,Elizabeth Moss,2499,FAILED,BANK_ERROR,2,0.31,20,False,SEND_PAYMENT_LINK
CASE_02543,CUST_02543,Julie Aguilar,499,FAILED,TIMEOUT,0,0.29,10,False,SEND_PAYMENT_LINK
CASE_02544,CUST_02544,Dylan Ramirez,50000,FAILED,INSUFFICIENT_FUNDS,1,0.46,5,False,SEND_PAYMENT_LINK
CASE_02545,CUST_02545,Jessica Fields,2499,FAILED,NETWORK_ERROR,3,0.58,0,False,STOP
CASE_02546,CUST_02546,Brandi Williams,1499,ABANDONED,NONE,0,0.32,0,True,SEND_PAYMENT_LINK
CASE_02547,CUST_02547,Donna Bennett,25000,FAILED,TIMEOUT,3,0.61,0,False,STOP
CASE_02548,CUST_02548,Jesse Navarro,50000,FAILED,BANK_ERROR,3,0.87,15,False,STOP
CASE_02549,CUST_02549,Aaron Robinson,2499,FAILED,NETWORK_ERROR,0,0.8,0,False,RETRY_PAYMENT
CASE_02550,CUST_02550,Kyle Gutierrez,7999,ABANDONED,NONE,0,0.35,15,True,SEND_PAYMENT_LINK
CASE_02551,CUST_02551,Sandra Palmer,9999,ABANDONED,NONE,1,0.8,0,True,SEND_PAYMENT_LINK
CASE_02552,CUST_02552,James Wheeler,15000,ABANDONED,NONE,1,0.39,45,True,ESCALATE_HUMAN
CASE_02553,CUST_02553,Mike Underwood,4999,ABANDONED,NONE,0,0.55,0,True,SEND_PAYMENT_LINK
CASE_02554,CUST_02554,Angela Miller,9999,FAILED,CARD_DECLINED,0,0.76,0,False,SEND_PAYMENT_LINK
CASE_02555,CUST_02555,Hannah Jones,75000,FAILED,INSUFFICIENT_FUNDS,2,0.51,30,False,ESCALATE_HUMAN
CASE_02556,CUST_02556,Timothy Williamson,75000,FAILED,INSUFFICIENT_FUNDS,2,0.94,30,False,ESCALATE_HUMAN
CASE_02557,CUST_02557,Dr. Karen Edwards DDS,25000,ABANDONED,NONE,3,0.81,45,True,STOP
CASE_02558,CUST_02558,Dr. Anthony Weber,75000,FAILED,NETWORK_ERROR,2,0.27,30,False,ESCALATE_HUMAN
CASE_02559,CUST_02559,Larry Ware,7999,FAILED,INSUFFICIENT_FUNDS,2,0.95,10,False,SEND_PAYMENT_LINK
CASE_02560,CUST_02560,Yvonne Kim,50000,FAILED,INSUFFICIENT_FUNDS,2,0.93,5,False,SEND_PAYMENT_LINK
CASE_02561,CUST_02561,Rodney Grimes,4999,FAILED,INSUFFICIENT_FUNDS,3,0.42,20,False,STOP
CASE_02562,CUST_02562,Lisa Henson,75000,FAILED,CARD_DECLINED,1,0.84,10,False,ESCALATE_HUMAN
CASE_02563,CUST_02563,Andrew Johnson,2499,FAILED,CARD_DECLINED,2,0.36,30,False,ESCALATE_HUMAN
CASE_02564,CUST_02564,Christopher Mosley,50000,FAILED,TIMEOUT,2,0.71,5,False,RETRY_PAYMENT
CASE_02565,CUST_02565,Stacy Parks,75000,FAILED,BANK_ERROR,3,0.5,20,False,STOP
CASE_02566,CUST_02566,Evelyn Klein,15000,FAILED,CARD_DECLINED,3,0.63,0,False,STOP
CASE_02567,CUST_02567,Patrick Phillips,4999,FAILED,INSUFFICIENT_FUNDS,0,0.97,45,False,ESCALATE_HUMAN
CASE_02568,CUST_02568,Debra Schmidt,9999,FAILED,TIMEOUT,1,0.85,10,False,RETRY_PAYMENT
CASE_02569,CUST_02569,Jennifer Taylor,15000,ABANDONED,NONE,2,0.61,20,True,SEND_PAYMENT_LINK
CASE_02570,CUST_02570,Jacob Kim,2499,FAILED,TIMEOUT,3,0.7,30,False,STOP
CASE_02571,CUST_02571,Rebecca Wallace,50000,FAILED,NETWORK_ERROR,3,0.51,0,False,STOP
CASE_02572,CUST_02572,Jessica Pham,1499,FAILED,TIMEOUT,2,0.81,0,False,RETRY_PAYMENT
CASE_02573,CUST_02573,Brian Olsen,499,FAILED,INSUFFICIENT_FUNDS,0,0.64,10,False,SEND_PAYMENT_LINK
CASE_02574,CUST_02574,Luis Merritt,1499,FAILED,NETWORK_ERROR,1,0.23,0,False,SEND_PAYMENT_LINK
CASE_02575,CUST_02575,Joanna Silva,499,FAILED,INSUFFICIENT_FUNDS,2,0.43,5,False,SEND_PAYMENT_LINK
CASE_02576,CUST_02576,Jonathan Miller,2499,FAILED,CARD_DECLINED,2,0.94,15,False,SEND_PAYMENT_LINK
CASE_02577,CUST_02577,Jennifer Faulkner,2499,FAILED,TIMEOUT,2,0.81,0,False,RETRY_PAYMENT
CASE_02578,CUST_02578,Renee Greene,9999,FAILED,CARD_DECLINED,0,0.96,0,False,SEND_PAYMENT_LINK
CASE_02579,CUST_02579,James Casey,50000,FAILED,NETWORK_ERROR,0,0.28,20,False,SEND_PAYMENT_LINK
CASE_02580,CUST_02580,Mary Guerrero,2499,FAILED,NETWORK_ERROR,1,0.91,5,False,RETRY_PAYMENT
CASE_02581,CUST_02581,Eric Olson,4999,FAILED,TIMEOUT,1,0.74,20,False,RETRY_PAYMENT
CASE_02582,CUST_02582,Jessica Burton,50000,ABANDONED,NONE,3,0.37,0,True,STOP
CASE_02583,CUST_02583,Adam Tucker,999,ABANDONED,NONE,3,0.55,20,True,STOP
CASE_02584,CUST_02584,Kristi Lopez,50000,ABANDONED,NONE,0,0.63,10,True,SEND_PAYMENT_LINK
CASE_02585,CUST_02585,Natasha Nelson,2499,ABANDONED,NONE,3,0.83,45,True,STOP
CASE_02586,CUST_02586,Mr. Bryan English DDS,7999,FAILED,TIMEOUT,3,0.61,20,False,STOP
CASE_02587,CUST_02587,Sheryl Hensley,15000,FAILED,INSUFFICIENT_FUNDS,1,0.76,20,False,SEND_PAYMENT_LINK
CASE_02588,CUST_02588,Ray Mcconnell,1499,ABANDONED,NONE,1,0.37,15,True,SEND_PAYMENT_LINK
CASE_02589,CUST_02589,Casey Coleman,9999,FAILED,BANK_ERROR,2,0.92,20,False,RETRY_PAYMENT
CASE_02590,CUST_02590,Ashlee Pearson,50000,ABANDONED,NONE,0,0.75,5,True,SEND_PAYMENT_LINK
CASE_02591,CUST_02591,Stephanie Owens,75000,FAILED,NETWORK_ERROR,0,0.51,15,False,ESCALATE_HUMAN
CASE_02592,CUST_02592,James Mann,7999,ABANDONED,NONE,0,0.59,30,True,ESCALATE_HUMAN
CASE_02593,CUST_02593,Melissa Rogers,9999,FAILED,NETWORK_ERROR,2,0.48,10,False,SEND_PAYMENT_LINK
CASE_02594,CUST_02594,Deborah Mccall,7999,FAILED,NETWORK_ERROR,1,0.33,45,False,ESCALATE_HUMAN
CASE_02595,CUST_02595,Melody Frey,50000,FAILED,TIMEOUT,3,0.49,5,False,STOP
CASE_02596,CUST_02596,Shawn Mcdowell,999,FAILED,TIMEOUT,0,0.4,45,False,ESCALATE_HUMAN
CASE_02597,CUST_02597,Robert Tanner,4999,ABANDONED,NONE,1,0.43,20,True,SEND_PAYMENT_LINK
CASE_02598,CUST_02598,Jessica Morris,4999,FAILED,BANK_ERROR,3,0.45,45,False,STOP
CASE_02599,CUST_02599,Michael Lewis,999,FAILED,TIMEOUT,0,0.66,0,False,RETRY_PAYMENT
CASE_02600,CUST_02600,Lawrence Edwards,15000,ABANDONED,NONE,1,0.39,5,True,SEND_PAYMENT_LINK
CASE_02601,CUST_02601,Michael Miller,50000,FAILED,TIMEOUT,0,0.42,0,False,SEND_PAYMENT_LINK
CASE_02602,CUST_02602,Emily Gonzalez,25000,FAILED,NETWORK_ERROR,2,0.78,0,False,RETRY_PAYMENT
CASE_02603,CUST_02603,Dale Clark,25000,FAILED,BANK_ERROR,0,0.46,0,False,SEND_PAYMENT_LINK
CASE_02604,CUST_02604,Thomas Hebert,4999,FAILED,CARD_DECLINED,0,0.52,0,False,SEND_PAYMENT_LINK
CASE_02605,CUST_02605,Stephanie Scott,499,ABANDONED,NONE,1,0.88,5,True,SEND_PAYMENT_LINK
CASE_02606,CUST_02606,Brianna Ruiz,50000,FAILED,CARD_DECLINED,2,0.57,30,False,ESCALATE_HUMAN
CASE_02607,CUST_02607,Kenneth Barton,1499,FAILED,BANK_ERROR,1,0.71,0,False,RETRY_PAYMENT
CASE_02608,CUST_02608,Brittany Webb,9999,FAILED,TIMEOUT,2,0.57,30,False,ESCALATE_HUMAN
CASE_02609,CUST_02609,Laura Shah,75000,ABANDONED,NONE,3,0.91,30,True,STOP
CASE_02610,CUST_02610,Mary Munoz,75000,FAILED,CARD_DECLINED,3,0.8,45,False,STOP
CASE_02611,CUST_02611,Melissa Riley,9999,FAILED,CARD_DECLINED,3,0.3,0,False,STOP
CASE_02612,CUST_02612,Gregory Graham,2499,FAILED,CARD_DECLINED,2,0.87,0,False,SEND_PAYMENT_LINK
CASE_02613,CUST_02613,Jason Gonzalez,50000,ABANDONED,NONE,3,0.5,15,True,STOP
CASE_02614,CUST_02614,Sean Mccullough,499,FAILED,NETWORK_ERROR,1,0.8,5,False,RETRY_PAYMENT
CASE_02615,CUST_02615,Tonya Bryant,9999,FAILED,NETWORK_ERROR,1,0.72,10,False,RETRY_PAYMENT
CASE_02616,CUST_02616,Vanessa Torres,1499,FAILED,BANK_ERROR,3,0.4,20,False,STOP
CASE_02617,CUST_02617,Alexandra Smith,15000,ABANDONED,NONE,2,0.91,30,True,ESCALATE_HUMAN
CASE_02618,CUST_02618,Tyler Johnson,1499,ABANDONED,NONE,0,0.4,0,True,SEND_PAYMENT_LINK
CASE_02619,CUST_02619,Jerry Manning,75000,FAILED,INSUFFICIENT_FUNDS,2,0.24,30,False,ESCALATE_HUMAN
CASE_02620,CUST_02620,Dawn Orozco,9999,ABANDONED,NONE,0,0.68,15,True,SEND_PAYMENT_LINK
CASE_02621,CUST_02621,Jeremy Gonzalez,25000,ABANDONED,NONE,0,0.95,30,True,ESCALATE_HUMAN
CASE_02622,CUST_02622,Daniel Dougherty DDS,999,FAILED,INSUFFICIENT_FUNDS,1,0.45,45,False,ESCALATE_HUMAN
CASE_02623,CUST_02623,Paula Chaney,1499,FAILED,TIMEOUT,1,0.8,45,False,ESCALATE_HUMAN
CASE_02624,CUST_02624,Kevin Cohen,4999,FAILED,TIMEOUT,1,0.7,15,False,RETRY_PAYMENT
CASE_02625,CUST_02625,Adam Horton,9999,FAILED,CARD_DECLINED,3,0.48,15,False,STOP
CASE_02626,CUST_02626,Jason Arnold,4999,FAILED,TIMEOUT,0,0.91,30,False,ESCALATE_HUMAN
CASE_02627,CUST_02627,Caleb Moody,9999,FAILED,CARD_DECLINED,0,1.0,0,False,SEND_PAYMENT_LINK
CASE_02628,CUST_02628,Raymond White,9999,FAILED,NETWORK_ERROR,2,0.32,5,False,SEND_PAYMENT_LINK
CASE_02629,CUST_02629,Kristina Gonzalez,999,ABANDONED,NONE,2,0.52,0,True,SEND_PAYMENT_LINK
CASE_02630,CUST_02630,Cynthia Chapman,499,FAILED,TIMEOUT,1,0.36,5,False,SEND_PAYMENT_LINK
CASE_02631,CUST_02631,Dr. Edwin Chapman,9999,FAILED,NETWORK_ERROR,2,0.99,5,False,RETRY_PAYMENT
CASE_02632,CUST_02632,Katherine Jenkins,499,FAILED,BANK_ERROR,0,0.41,30,False,ESCALATE_HUMAN
CASE_02633,CUST_02633,Calvin Lynch,999,FAILED,NETWORK_ERROR,1,0.94,30,False,ESCALATE_HUMAN
CASE_02634,CUST_02634,Jeanette Ruiz,999,FAILED,NETWORK_ERROR,2,0.69,15,False,SEND_PAYMENT_LINK
CASE_02635,CUST_02635,Steve Anderson,4999,FAILED,INSUFFICIENT_FUNDS,1,0.73,45,False,ESCALATE_HUMAN
CASE_02636,CUST_02636,Terri Kim,75000,FAILED,CARD_DECLINED,1,0.38,0,False,ESCALATE_HUMAN
CASE_02637,CUST_02637,Kristine Romero,9999,ABANDONED,NONE,2,0.46,45,True,ESCALATE_HUMAN
CASE_02638,CUST_02638,Steven Smith,4999,ABANDONED,NONE,3,0.24,10,True,STOP
CASE_02639,CUST_02639,Nathan Rogers,4999,FAILED,BANK_ERROR,1,0.88,5,False,RETRY_PAYMENT
CASE_02640,CUST_02640,Michael Fisher MD,2499,ABANDONED,NONE,1,0.94,45,True,ESCALATE_HUMAN
CASE_02641,CUST_02641,Melissa Woodward,25000,FAILED,NETWORK_ERROR,3,0.54,15,False,STOP
CASE_02642,CUST_02642,Victor Chase,4999,FAILED,BANK_ERROR,1,0.7,0,False,SEND_PAYMENT_LINK
CASE_02643,CUST_02643,Dustin Parker,499,ABANDONED,NONE,3,0.85,0,True,STOP
CASE_02644,CUST_02644,Jaime Owens,9999,ABANDONED,NONE,0,0.47,15,True,SEND_PAYMENT_LINK
CASE_02645,CUST_02645,Jessica Snyder,999,FAILED,BANK_ERROR,3,0.9,30,False,STOP
CASE_02646,CUST_02646,Patricia Sanchez,9999,FAILED,NETWORK_ERROR,3,0.88,10,False,STOP
CASE_02647,CUST_02647,Leah Schultz,2499,FAILED,INSUFFICIENT_FUNDS,1,0.68,20,False,SEND_PAYMENT_LINK
CASE_02648,CUST_02648,Mary Carter,999,FAILED,TIMEOUT,0,0.84,0,False,RETRY_PAYMENT
CASE_02649,CUST_02649,Shannon Edwards,1499,ABANDONED,NONE,3,0.92,0,True,STOP
CASE_02650,CUST_02650,Andrew Bowman,499,FAILED,NETWORK_ERROR,1,0.23,10,False,SEND_PAYMENT_LINK
CASE_02651,CUST_02651,Mr. Scott Smith,7999,FAILED,CARD_DECLINED,0,0.23,10,False,SEND_PAYMENT_LINK
CASE_02652,CUST_02652,Sean Nelson,7999,FAILED,TIMEOUT,0,0.99,0,False,RETRY_PAYMENT
CASE_02653,CUST_02653,Shannon Smith,2499,FAILED,NETWORK_ERROR,3,0.29,10,False,STOP
CASE_02654,CUST_02654,Kimberly Garner,50000,FAILED,CARD_DECLINED,2,0.31,30,False,ESCALATE_HUMAN
CASE_02655,CUST_02655,Anthony Morgan,50000,FAILED,BANK_ERROR,0,0.6,5,False,SEND_PAYMENT_LINK
CASE_02656,CUST_02656,George Clark,499,ABANDONED,NONE,2,0.73,30,True,ESCALATE_HUMAN
CASE_02657,CUST_02657,Jessica Wyatt,15000,FAILED,CARD_DECLINED,2,0.43,20,False,SEND_PAYMENT_LINK
CASE_02658,CUST_02658,Michael Thomas,9999,FAILED,INSUFFICIENT_FUNDS,2,0.37,30,False,ESCALATE_HUMAN
CASE_02659,CUST_02659,Patricia Gonzalez,1499,FAILED,TIMEOUT,0,0.25,0,False,SEND_PAYMENT_LINK
CASE_02660,CUST_02660,Kenneth Todd,1499,FAILED,NETWORK_ERROR,1,0.32,0,False,SEND_PAYMENT_LINK
CASE_02661,CUST_02661,Lindsey Watkins,4999,FAILED,INSUFFICIENT_FUNDS,1,0.77,20,False,SEND_PAYMENT_LINK
CASE_02662,CUST_02662,Lori Miller,9999,FAILED,CARD_DECLINED,2,0.95,5,False,SEND_PAYMENT_LINK
CASE_02663,CUST_02663,Joshua Hughes,15000,FAILED,INSUFFICIENT_FUNDS,1,0.51,15,False,SEND_PAYMENT_LINK
CASE_02664,CUST_02664,Richard Taylor,999,FAILED,TIMEOUT,2,0.51,30,False,ESCALATE_HUMAN
CASE_02665,CUST_02665,Heather Glass,15000,ABANDONED,NONE,2,0.56,15,True,SEND_PAYMENT_LINK
CASE_02666,CUST_02666,Mrs. Alexis Donaldson,100000,ABANDONED,NONE,2,0.97,0,True,ESCALATE_HUMAN
CASE_02667,CUST_02667,Anna Bender,499,FAILED,INSUFFICIENT_FUNDS,3,0.27,15,False,STOP
CASE_02668,CUST_02668,Ashley Greer,1499,FAILED,BANK_ERROR,1,0.61,30,False,ESCALATE_HUMAN
CASE_02669,CUST_02669,Rachel Newton,4999,FAILED,BANK_ERROR,3,0.23,0,False,STOP
CASE_02670,CUST_02670,Sara Rice,75000,FAILED,INSUFFICIENT_FUNDS,2,0.47,0,False,ESCALATE_HUMAN
CASE_02671,CUST_02671,Nancy Evans,15000,FAILED,BANK_ERROR,1,0.47,45,False,ESCALATE_HUMAN
CASE_02672,CUST_02672,Derrick Griffin,4999,ABANDONED,NONE,1,0.55,0,True,SEND_PAYMENT_LINK
CASE_02673,CUST_02673,Kenneth Simpson,15000,FAILED,CARD_DECLINED,3,0.24,15,False,STOP
CASE_02674,CUST_02674,Nicole Smith,499,ABANDONED,NONE,0,0.58,20,True,SEND_PAYMENT_LINK
CASE_02675,CUST_02675,Aaron Coleman,15000,FAILED,INSUFFICIENT_FUNDS,1,0.56,10,False,SEND_PAYMENT_LINK
CASE_02676,CUST_02676,Karen Meyer,75000,FAILED,BANK_ERROR,2,0.52,0,False,ESCALATE_HUMAN
CASE_02677,CUST_02677,Joshua Kelly,25000,FAILED,TIMEOUT,1,0.96,30,False,ESCALATE_HUMAN
CASE_02678,CUST_02678,Russell Kaufman,2499,ABANDONED,NONE,0,0.54,0,True,SEND_PAYMENT_LINK
CASE_02679,CUST_02679,Debra Rose,4999,ABANDONED,NONE,0,0.6,10,True,SEND_PAYMENT_LINK
CASE_02680,CUST_02680,Jennifer Reed,50000,FAILED,NETWORK_ERROR,1,0.63,45,False,ESCALATE_HUMAN
CASE_02681,CUST_02681,Joyce Cooper,4999,FAILED,BANK_ERROR,3,0.65,15,False,STOP
CASE_02682,CUST_02682,Dawn Whitaker,1499,FAILED,TIMEOUT,3,0.26,5,False,STOP
CASE_02683,CUST_02683,Amber Oliver,15000,FAILED,TIMEOUT,1,0.94,10,False,RETRY_PAYMENT
CASE_02684,CUST_02684,Daniel Martinez,1499,FAILED,INSUFFICIENT_FUNDS,3,0.33,20,False,STOP
CASE_02685,CUST_02685,Jamie Gilmore,2499,FAILED,INSUFFICIENT_FUNDS,0,0.81,10,False,SEND_PAYMENT_LINK
CASE_02686,CUST_02686,Jared Hardy,4999,FAILED,TIMEOUT,1,0.9,0,False,RETRY_PAYMENT
CASE_02687,CUST_02687,Ashley Garner,2499,FAILED,INSUFFICIENT_FUNDS,1,0.29,30,False,ESCALATE_HUMAN
CASE_02688,CUST_02688,James Calhoun,7999,FAILED,CARD_DECLINED,3,0.61,30,False,STOP
CASE_02689,CUST_02689,Zachary Copeland,75000,FAILED,TIMEOUT,2,0.83,15,False,ESCALATE_HUMAN
CASE_02690,CUST_02690,Robin Howell,1499,ABANDONED,NONE,1,0.64,10,True,SEND_PAYMENT_LINK
CASE_02691,CUST_02691,Brandon Austin,100000,FAILED,CARD_DECLINED,0,0.99,0,False,ESCALATE_HUMAN
CASE_02692,CUST_02692,Christopher Hurley,1499,FAILED,BANK_ERROR,1,0.58,15,False,RETRY_PAYMENT
CASE_02693,CUST_02693,Lindsey Bryant,9999,ABANDONED,NONE,0,0.85,20,True,SEND_PAYMENT_LINK
CASE_02694,CUST_02694,Lisa Frye,2499,FAILED,BANK_ERROR,3,0.82,0,False,STOP
CASE_02695,CUST_02695,Jonathan Espinoza,100000,FAILED,NETWORK_ERROR,3,0.51,15,False,STOP
CASE_02696,CUST_02696,Vanessa Salazar,2499,FAILED,TIMEOUT,3,0.35,15,False,STOP
CASE_02697,CUST_02697,Robert Cherry,499,FAILED,INSUFFICIENT_FUNDS,3,0.8,0,False,STOP
CASE_02698,CUST_02698,Cheryl Daniel,7999,ABANDONED,NONE,0,0.31,0,True,SEND_PAYMENT_LINK
CASE_02699,CUST_02699,Amber Olsen,50000,FAILED,CARD_DECLINED,1,0.58,45,False,ESCALATE_HUMAN
CASE_02700,CUST_02700,Stephen Jenkins,25000,FAILED,TIMEOUT,0,0.83,15,False,RETRY_PAYMENT
CASE_02701,CUST_02701,Brandon Bailey,2499,FAILED,CARD_DECLINED,3,0.43,0,False,STOP
CASE_02702,CUST_02702,Carl Krause,499,FAILED,BANK_ERROR,2,0.85,0,False,RETRY_PAYMENT
CASE_02703,CUST_02703,Amy Henry,4999,FAILED,NETWORK_ERROR,0,0.98,15,False,RETRY_PAYMENT
CASE_02704,CUST_02704,Elizabeth Robles,999,ABANDONED,NONE,2,0.79,20,True,SEND_PAYMENT_LINK
CASE_02705,CUST_02705,Jennifer Fry,499,FAILED,INSUFFICIENT_FUNDS,2,0.35,0,False,SEND_PAYMENT_LINK
CASE_02706,CUST_02706,Michael Fowler,1499,FAILED,INSUFFICIENT_FUNDS,0,0.28,10,False,SEND_PAYMENT_LINK
CASE_02707,CUST_02707,Krystal Hutchinson,7999,FAILED,TIMEOUT,1,0.66,0,False,RETRY_PAYMENT
CASE_02708,CUST_02708,Mrs. Leslie Smith,4999,FAILED,CARD_DECLINED,0,0.85,45,False,ESCALATE_HUMAN
CASE_02709,CUST_02709,Kristy Cowan,50000,FAILED,CARD_DECLINED,2,0.28,20,False,SEND_PAYMENT_LINK
CASE_02710,CUST_02710,Ronald Woodard,499,FAILED,NETWORK_ERROR,0,0.73,10,False,SEND_PAYMENT_LINK
CASE_02711,CUST_02711,Christopher Anderson,1499,FAILED,TIMEOUT,0,0.29,30,False,ESCALATE_HUMAN
CASE_02712,CUST_02712,David Joyce,499,ABANDONED,NONE,2,0.52,0,True,SEND_PAYMENT_LINK
CASE_02713,CUST_02713,Rebecca Schultz,4999,FAILED,CARD_DECLINED,1,0.27,0,False,SEND_PAYMENT_LINK
CASE_02714,CUST_02714,Tanya Kirk,1499,FAILED,TIMEOUT,3,0.37,0,False,STOP
CASE_02715,CUST_02715,Kendra White,1499,FAILED,NETWORK_ERROR,0,0.75,10,False,RETRY_PAYMENT
CASE_02716,CUST_02716,Frank Scott,50000,FAILED,NETWORK_ERROR,1,0.25,5,False,SEND_PAYMENT_LINK
CASE_02717,CUST_02717,Linda Serrano,50000,ABANDONED,NONE,1,0.86,10,True,SEND_PAYMENT_LINK
CASE_02718,CUST_02718,Noah Welch,7999,FAILED,NETWORK_ERROR,3,0.93,10,False,STOP
CASE_02719,CUST_02719,Ashley Webb,4999,FAILED,CARD_DECLINED,0,0.77,10,False,SEND_PAYMENT_LINK
CASE_02720,CUST_02720,Charles May,75000,ABANDONED,NONE,0,0.98,20,True,ESCALATE_HUMAN
CASE_02721,CUST_02721,Dawn Mason,50000,FAILED,INSUFFICIENT_FUNDS,1,0.66,0,False,SEND_PAYMENT_LINK
CASE_02722,CUST_02722,Terry Valentine,2499,FAILED,TIMEOUT,1,1.0,0,False,RETRY_PAYMENT
CASE_02723,CUST_02723,Carol Walters,100000,FAILED,NETWORK_ERROR,1,0.97,10,False,ESCALATE_HUMAN
CASE_02724,CUST_02724,Sarah Morris,999,FAILED,BANK_ERROR,0,0.86,0,False,RETRY_PAYMENT
CASE_02725,CUST_02725,Lisa Smith,9999,FAILED,INSUFFICIENT_FUNDS,1,0.56,0,False,SEND_PAYMENT_LINK
CASE_02726,CUST_02726,Miranda Brock,100000,FAILED,INSUFFICIENT_FUNDS,2,0.98,20,False,ESCALATE_HUMAN
CASE_02727,CUST_02727,Patricia King,75000,FAILED,NETWORK_ERROR,1,0.89,0,False,ESCALATE_HUMAN
CASE_02728,CUST_02728,Matthew Reilly,2499,ABANDONED,NONE,2,0.35,5,True,SEND_PAYMENT_LINK
CASE_02729,CUST_02729,Christopher Thornton,15000,ABANDONED,NONE,2,0.55,10,True,SEND_PAYMENT_LINK
CASE_02730,CUST_02730,Daniel Olson,499,ABANDONED,NONE,3,0.33,0,True,STOP
CASE_02731,CUST_02731,Brenda Greene,100000,ABANDONED,NONE,2,0.36,0,True,ESCALATE_HUMAN
CASE_02732,CUST_02732,Elizabeth Thomas,4999,FAILED,INSUFFICIENT_FUNDS,2,0.34,0,False,SEND_PAYMENT_LINK
CASE_02733,CUST_02733,Henry Hall,15000,FAILED,CARD_DECLINED,3,0.48,5,False,STOP
CASE_02734,CUST_02734,Jason Smith,15000,FAILED,INSUFFICIENT_FUNDS,3,0.97,10,False,STOP
CASE_02735,CUST_02735,James Snyder,1499,ABANDONED,NONE,1,0.55,0,True,SEND_PAYMENT_LINK
CASE_02736,CUST_02736,David Davis,499,FAILED,NETWORK_ERROR,3,0.38,45,False,STOP
CASE_02737,CUST_02737,David Reynolds,25000,FAILED,TIMEOUT,2,0.78,45,False,ESCALATE_HUMAN
CASE_02738,CUST_02738,Melissa Mason,4999,FAILED,INSUFFICIENT_FUNDS,2,0.8,0,False,SEND_PAYMENT_LINK
CASE_02739,CUST_02739,Paula Peters,999,FAILED,BANK_ERROR,2,0.4,5,False,SEND_PAYMENT_LINK
CASE_02740,CUST_02740,Katie Hensley,75000,FAILED,NETWORK_ERROR,0,0.32,0,False,ESCALATE_HUMAN
CASE_02741,CUST_02741,Karen Fowler,7999,ABANDONED,NONE,2,0.2,5,True,SEND_PAYMENT_LINK
CASE_02742,CUST_02742,Ryan Williams MD,1499,FAILED,INSUFFICIENT_FUNDS,3,0.4,10,False,STOP
CASE_02743,CUST_02743,Richard Lowery,50000,FAILED,NETWORK_ERROR,2,0.28,30,False,ESCALATE_HUMAN
CASE_02744,CUST_02744,Joseph Fisher MD,50000,FAILED,BANK_ERROR,2,0.24,15,False,SEND_PAYMENT_LINK
CASE_02745,CUST_02745,David Lee,7999,ABANDONED,NONE,1,0.63,30,True,ESCALATE_HUMAN
CASE_02746,CUST_02746,Kayla Morris,2499,ABANDONED,NONE,0,0.75,0,True,SEND_PAYMENT_LINK
CASE_02747,CUST_02747,John Black,50000,FAILED,BANK_ERROR,3,0.89,5,False,STOP
CASE_02748,CUST_02748,Catherine Perez,15000,ABANDONED,NONE,0,0.28,45,True,ESCALATE_HUMAN
CASE_02749,CUST_02749,Monica Collins,15000,FAILED,BANK_ERROR,1,0.37,0,False,SEND_PAYMENT_LINK
CASE_02750,CUST_02750,Ronald Johnson,499,FAILED,TIMEOUT,3,0.3,10,False,STOP
CASE_02751,CUST_02751,Teresa Williams,75000,ABANDONED,NONE,1,0.27,5,True,ESCALATE_HUMAN
CASE_02752,CUST_02752,Adam Arnold,50000,FAILED,TIMEOUT,2,0.83,45,False,ESCALATE_HUMAN
CASE_02753,CUST_02753,Jason Rowe,100000,FAILED,TIMEOUT,3,0.75,45,False,STOP
CASE_02754,CUST_02754,Jessica Beck,1499,FAILED,NETWORK_ERROR,1,0.84,15,False,RETRY_PAYMENT
CASE_02755,CUST_02755,Vicki Crawford,999,FAILED,CARD_DECLINED,1,0.94,10,False,SEND_PAYMENT_LINK
CASE_02756,CUST_02756,Dr. James Rodriguez,499,ABANDONED,NONE,2,0.95,30,True,ESCALATE_HUMAN
CASE_02757,CUST_02757,Marcus Snyder,25000,FAILED,TIMEOUT,0,0.98,0,False,RETRY_PAYMENT
CASE_02758,CUST_02758,Megan Adams,75000,FAILED,BANK_ERROR,1,0.86,5,False,ESCALATE_HUMAN
CASE_02759,CUST_02759,Darrell Ball,100000,FAILED,BANK_ERROR,1,0.86,5,False,ESCALATE_HUMAN
CASE_02760,CUST_02760,Allison Waters,1499,FAILED,NETWORK_ERROR,0,0.73,5,False,SEND_PAYMENT_LINK
CASE_02761,CUST_02761,Jackie Diaz,499,FAILED,BANK_ERROR,2,0.7,10,False,SEND_PAYMENT_LINK
CASE_02762,CUST_02762,Michael White,9999,FAILED,TIMEOUT,1,0.58,0,False,RETRY_PAYMENT
CASE_02763,CUST_02763,Juan Rivera,499,FAILED,NETWORK_ERROR,0,0.27,0,False,SEND_PAYMENT_LINK
CASE_02764,CUST_02764,Brittany Wilkinson,2499,FAILED,BANK_ERROR,3,0.29,5,False,STOP
CASE_02765,CUST_02765,Melissa Hill,100000,FAILED,INSUFFICIENT_FUNDS,2,0.91,0,False,ESCALATE_HUMAN
CASE_02766,CUST_02766,Kerry Smith,50000,FAILED,NETWORK_ERROR,3,0.34,30,False,STOP
CASE_02767,CUST_02767,Jessica Lane,4999,FAILED,INSUFFICIENT_FUNDS,1,0.94,0,False,SEND_PAYMENT_LINK
CASE_02768,CUST_02768,Michelle Parker,2499,ABANDONED,NONE,2,0.5,45,True,ESCALATE_HUMAN
CASE_02769,CUST_02769,Anthony Pierce,15000,FAILED,CARD_DECLINED,0,0.84,0,False,SEND_PAYMENT_LINK
CASE_02770,CUST_02770,Heidi Sanchez,499,FAILED,CARD_DECLINED,0,0.65,20,False,SEND_PAYMENT_LINK
CASE_02771,CUST_02771,Anthony Diaz,75000,FAILED,TIMEOUT,1,0.63,5,False,ESCALATE_HUMAN
CASE_02772,CUST_02772,Grant Cruz,1499,FAILED,TIMEOUT,0,0.39,45,False,ESCALATE_HUMAN
CASE_02773,CUST_02773,James Castillo,999,FAILED,CARD_DECLINED,0,0.41,15,False,SEND_PAYMENT_LINK
CASE_02774,CUST_02774,Alexandria Butler,25000,FAILED,BANK_ERROR,0,0.54,5,False,RETRY_PAYMENT
CASE_02775,CUST_02775,Michael Moore,2499,FAILED,CARD_DECLINED,1,0.7,0,False,SEND_PAYMENT_LINK
CASE_02776,CUST_02776,Isaac Russell,9999,FAILED,INSUFFICIENT_FUNDS,3,0.33,10,False,STOP
CASE_02777,CUST_02777,Jamie Guzman,7999,FAILED,TIMEOUT,0,0.82,0,False,RETRY_PAYMENT
CASE_02778,CUST_02778,Jeanette Jones,100000,FAILED,TIMEOUT,2,0.33,0,False,ESCALATE_HUMAN
CASE_02779,CUST_02779,Karen Berry,999,FAILED,NETWORK_ERROR,0,0.55,45,False,ESCALATE_HUMAN
CASE_02780,CUST_02780,Terry Norris,75000,FAILED,TIMEOUT,0,0.78,15,False,ESCALATE_HUMAN
CASE_02781,CUST_02781,Amber Richard,7999,ABANDONED,NONE,0,0.84,45,True,ESCALATE_HUMAN
CASE_02782,CUST_02782,Mackenzie Reed,75000,FAILED,INSUFFICIENT_FUNDS,2,0.33,45,False,ESCALATE_HUMAN
CASE_02783,CUST_02783,Spencer Fisher,1499,ABANDONED,NONE,2,0.59,0,True,SEND_PAYMENT_LINK
CASE_02784,CUST_02784,Rebecca Taylor,1499,FAILED,INSUFFICIENT_FUNDS,0,0.45,30,False,ESCALATE_HUMAN
CASE_02785,CUST_02785,Julie Clark,499,ABANDONED,NONE,3,0.22,0,True,STOP
CASE_02786,CUST_02786,Ashley Walsh,499,FAILED,BANK_ERROR,3,0.48,15,False,STOP
CASE_02787,CUST_02787,Anna Garcia,999,FAILED,CARD_DECLINED,2,0.62,20,False,SEND_PAYMENT_LINK
CASE_02788,CUST_02788,Taylor Stephens,9999,FAILED,BANK_ERROR,3,0.32,10,False,STOP
CASE_02789,CUST_02789,Christopher Baxter,25000,FAILED,INSUFFICIENT_FUNDS,2,0.73,15,False,SEND_PAYMENT_LINK
CASE_02790,CUST_02790,Mary Bradley,4999,FAILED,CARD_DECLINED,3,0.78,45,False,STOP
CASE_02791,CUST_02791,Wendy Nunez,100000,FAILED,NETWORK_ERROR,0,0.53,5,False,ESCALATE_HUMAN
CASE_02792,CUST_02792,Crystal Jones,9999,ABANDONED,NONE,2,0.83,0,True,SEND_PAYMENT_LINK
CASE_02793,CUST_02793,Gwendolyn Fitzgerald,50000,FAILED,BANK_ERROR,0,0.25,0,False,SEND_PAYMENT_LINK
CASE_02794,CUST_02794,Hunter Brock,999,ABANDONED,NONE,2,0.87,0,True,SEND_PAYMENT_LINK
CASE_02795,CUST_02795,Caitlin Mcneil,25000,FAILED,INSUFFICIENT_FUNDS,2,0.97,0,False,SEND_PAYMENT_LINK
CASE_02796,CUST_02796,Lisa Cross,25000,ABANDONED,NONE,3,0.9,5,True,STOP
CASE_02797,CUST_02797,Carol Collins,25000,FAILED,NETWORK_ERROR,1,0.62,0,False,RETRY_PAYMENT
CASE_02798,CUST_02798,Thomas Martinez,2499,FAILED,TIMEOUT,1,0.76,10,False,RETRY_PAYMENT
CASE_02799,CUST_02799,Charles Brown,100000,FAILED,CARD_DECLINED,2,0.53,0,False,ESCALATE_HUMAN
CASE_02800,CUST_02800,Rebecca Collins,499,FAILED,NETWORK_ERROR,1,0.49,45,False,ESCALATE_HUMAN
CASE_02801,CUST_02801,Ryan Serrano,9999,FAILED,TIMEOUT,2,0.97,10,False,RETRY_PAYMENT
CASE_02802,CUST_02802,Christopher Lane,999,ABANDONED,NONE,0,0.86,10,True,SEND_PAYMENT_LINK
CASE_02803,CUST_02803,Matthew Nelson,75000,ABANDONED,NONE,1,0.48,15,True,ESCALATE_HUMAN
CASE_02804,CUST_02804,Terri Carter,4999,FAILED,BANK_ERROR,3,0.83,15,False,STOP
CASE_02805,CUST_02805,Patricia Walton,7999,FAILED,INSUFFICIENT_FUNDS,1,0.97,0,False,SEND_PAYMENT_LINK
CASE_02806,CUST_02806,Andrea Osborne,75000,FAILED,NETWORK_ERROR,3,0.45,10,False,STOP
CASE_02807,CUST_02807,Joshua Kelly,4999,FAILED,BANK_ERROR,0,0.49,45,False,ESCALATE_HUMAN
CASE_02808,CUST_02808,James Bowman,100000,FAILED,INSUFFICIENT_FUNDS,2,0.78,0,False,ESCALATE_HUMAN
CASE_02809,CUST_02809,James Boone,15000,FAILED,INSUFFICIENT_FUNDS,0,0.43,0,False,SEND_PAYMENT_LINK
CASE_02810,CUST_02810,Cody Price,4999,FAILED,BANK_ERROR,1,0.37,15,False,SEND_PAYMENT_LINK
CASE_02811,CUST_02811,Stacie Doyle,2499,FAILED,CARD_DECLINED,2,0.91,0,False,SEND_PAYMENT_LINK
CASE_02812,CUST_02812,Jennifer Strickland,9999,FAILED,BANK_ERROR,0,0.27,30,False,ESCALATE_HUMAN
CASE_02813,CUST_02813,Nicole Park,25000,ABANDONED,NONE,0,0.64,5,True,SEND_PAYMENT_LINK
CASE_02814,CUST_02814,Sandra Dunn,2499,FAILED,BANK_ERROR,3,0.37,20,False,STOP
CASE_02815,CUST_02815,Natalie Riley,75000,FAILED,BANK_ERROR,0,0.91,0,False,ESCALATE_HUMAN
CASE_02816,CUST_02816,Alexis Chavez,100000,FAILED,TIMEOUT,3,0.81,15,False,STOP
CASE_02817,CUST_02817,Daniel English,9999,FAILED,NETWORK_ERROR,3,0.82,45,False,STOP
CASE_02818,CUST_02818,Brenda Joseph,499,FAILED,BANK_ERROR,1,0.86,0,False,RETRY_PAYMENT
CASE_02819,CUST_02819,Joshua Frazier,50000,FAILED,INSUFFICIENT_FUNDS,3,0.29,0,False,STOP
CASE_02820,CUST_02820,Mr. Richard Hooper,50000,FAILED,BANK_ERROR,3,0.47,30,False,STOP
CASE_02821,CUST_02821,Samantha Hall,4999,FAILED,CARD_DECLINED,0,0.97,20,False,SEND_PAYMENT_LINK
CASE_02822,CUST_02822,Erin Pham,499,FAILED,NETWORK_ERROR,2,0.69,15,False,RETRY_PAYMENT
CASE_02823,CUST_02823,Andrea Ferguson,499,FAILED,INSUFFICIENT_FUNDS,0,0.85,45,False,ESCALATE_HUMAN
CASE_02824,CUST_02824,Robert Brown,75000,FAILED,TIMEOUT,2,0.38,20,False,ESCALATE_HUMAN
CASE_02825,CUST_02825,Aimee Lucas,25000,ABANDONED,NONE,2,0.87,0,True,SEND_PAYMENT_LINK
CASE_02826,CUST_02826,Scott Blair,9999,FAILED,BANK_ERROR,1,0.95,45,False,ESCALATE_HUMAN
CASE_02827,CUST_02827,Shannon Thompson,1499,FAILED,BANK_ERROR,3,0.42,15,False,STOP
CASE_02828,CUST_02828,Robert Ruiz,9999,FAILED,TIMEOUT,2,0.95,10,False,RETRY_PAYMENT
CASE_02829,CUST_02829,Barbara Donaldson,1499,ABANDONED,NONE,0,0.86,0,True,SEND_PAYMENT_LINK
CASE_02830,CUST_02830,Joseph Jones,7999,FAILED,NETWORK_ERROR,3,0.54,0,False,STOP
CASE_02831,CUST_02831,Heather Morgan,25000,FAILED,TIMEOUT,1,0.54,0,False,SEND_PAYMENT_LINK
CASE_02832,CUST_02832,Patricia Lee,2499,FAILED,CARD_DECLINED,1,0.49,20,False,SEND_PAYMENT_LINK
CASE_02833,CUST_02833,Kevin Davenport,50000,FAILED,TIMEOUT,3,0.32,30,False,STOP
CASE_02834,CUST_02834,Robert Black,999,FAILED,BANK_ERROR,0,0.96,5,False,RETRY_PAYMENT
CASE_02835,CUST_02835,Jennifer Stewart,4999,FAILED,INSUFFICIENT_FUNDS,0,0.85,45,False,ESCALATE_HUMAN
CASE_02836,CUST_02836,David Harris,25000,FAILED,NETWORK_ERROR,0,0.59,30,False,ESCALATE_HUMAN
CASE_02837,CUST_02837,Garrett Wilson,9999,FAILED,CARD_DECLINED,1,0.99,10,False,SEND_PAYMENT_LINK
CASE_02838,CUST_02838,John Hester,4999,FAILED,TIMEOUT,1,0.44,45,False,ESCALATE_HUMAN
CASE_02839,CUST_02839,Katherine Roberson,499,ABANDONED,NONE,1,0.47,5,True,SEND_PAYMENT_LINK
CASE_02840,CUST_02840,Anthony Smith,15000,FAILED,NETWORK_ERROR,0,0.37,15,False,SEND_PAYMENT_LINK
CASE_02841,CUST_02841,Kayla Casey,50000,FAILED,TIMEOUT,0,0.73,30,False,ESCALATE_HUMAN
CASE_02842,CUST_02842,Jose Palmer,100000,FAILED,CARD_DECLINED,0,0.61,0,False,ESCALATE_HUMAN
CASE_02843,CUST_02843,Jermaine Smith,4999,FAILED,CARD_DECLINED,1,0.95,30,False,ESCALATE_HUMAN
CASE_02844,CUST_02844,Randy Peterson,4999,FAILED,NETWORK_ERROR,3,0.81,20,False,STOP
CASE_02845,CUST_02845,Carl Flores,75000,FAILED,CARD_DECLINED,3,0.27,45,False,STOP
CASE_02846,CUST_02846,Dr. Kim Morales,4999,FAILED,CARD_DECLINED,2,0.66,5,False,SEND_PAYMENT_LINK
CASE_02847,CUST_02847,Katelyn Paul,1499,FAILED,CARD_DECLINED,0,0.44,45,False,ESCALATE_HUMAN
CASE_02848,CUST_02848,Sergio Shaffer,4999,FAILED,BANK_ERROR,1,0.29,5,False,SEND_PAYMENT_LINK
CASE_02849,CUST_02849,George Dixon,4999,FAILED,NETWORK_ERROR,3,0.65,0,False,STOP
CASE_02850,CUST_02850,Joshua Collins,9999,FAILED,CARD_DECLINED,3,0.32,0,False,STOP
CASE_02851,CUST_02851,Karen Bell,15000,ABANDONED,NONE,0,0.71,0,True,SEND_PAYMENT_LINK
CASE_02852,CUST_02852,David Schneider,100000,FAILED,INSUFFICIENT_FUNDS,1,0.62,5,False,ESCALATE_HUMAN
CASE_02853,CUST_02853,Xavier James,7999,FAILED,BANK_ERROR,1,0.73,45,False,ESCALATE_HUMAN
CASE_02854,CUST_02854,Megan Carrillo,499,FAILED,TIMEOUT,2,0.97,0,False,RETRY_PAYMENT
CASE_02855,CUST_02855,Thomas Richardson,1499,ABANDONED,NONE,2,0.22,0,True,SEND_PAYMENT_LINK
CASE_02856,CUST_02856,Taylor Thomas,9999,FAILED,CARD_DECLINED,1,0.55,10,False,SEND_PAYMENT_LINK
CASE_02857,CUST_02857,Christina Campbell,999,ABANDONED,NONE,3,0.48,0,True,STOP
CASE_02858,CUST_02858,Brian Duarte,2499,FAILED,CARD_DECLINED,3,0.85,0,False,STOP
CASE_02859,CUST_02859,Jeffrey Wilson,75000,FAILED,BANK_ERROR,2,0.66,0,False,ESCALATE_HUMAN
CASE_02860,CUST_02860,James Burke,4999,FAILED,INSUFFICIENT_FUNDS,3,0.63,5,False,STOP
CASE_02861,CUST_02861,Jessica Vance,50000,FAILED,CARD_DECLINED,2,0.7,0,False,SEND_PAYMENT_LINK
CASE_02862,CUST_02862,Jessica Rodriguez,1499,ABANDONED,NONE,1,0.2,45,True,ESCALATE_HUMAN
CASE_02863,CUST_02863,Christian Anderson,9999,ABANDONED,NONE,3,0.25,0,True,STOP
CASE_02864,CUST_02864,Jeffrey Smith,999,ABANDONED,NONE,1,0.26,5,True,SEND_PAYMENT_LINK
CASE_02865,CUST_02865,Nicole Velasquez,50000,FAILED,TIMEOUT,0,0.96,20,False,RETRY_PAYMENT
CASE_02866,CUST_02866,Tara Trujillo,25000,FAILED,CARD_DECLINED,2,0.26,0,False,SEND_PAYMENT_LINK
CASE_02867,CUST_02867,Caitlyn Valdez,100000,FAILED,TIMEOUT,3,0.53,0,False,STOP
CASE_02868,CUST_02868,Ricky Valencia,75000,FAILED,CARD_DECLINED,3,0.71,0,False,STOP
CASE_02869,CUST_02869,Cindy Willis,499,FAILED,BANK_ERROR,2,0.42,30,False,ESCALATE_HUMAN
CASE_02870,CUST_02870,Catherine Strickland,15000,ABANDONED,NONE,2,0.51,0,True,SEND_PAYMENT_LINK
CASE_02871,CUST_02871,Caroline Diaz,100000,ABANDONED,NONE,1,0.78,20,True,ESCALATE_HUMAN
CASE_02872,CUST_02872,Stephen Mitchell,75000,FAILED,CARD_DECLINED,1,0.48,45,False,ESCALATE_HUMAN
CASE_02873,CUST_02873,Anthony Wilson,999,ABANDONED,NONE,3,0.94,0,True,STOP
CASE_02874,CUST_02874,Jennifer Jones,1499,FAILED,INSUFFICIENT_FUNDS,0,0.52,45,False,ESCALATE_HUMAN
CASE_02875,CUST_02875,Tony Bray,75000,FAILED,TIMEOUT,1,0.36,30,False,ESCALATE_HUMAN
CASE_02876,CUST_02876,Charles Harris,2499,FAILED,BANK_ERROR,2,0.49,0,False,SEND_PAYMENT_LINK
CASE_02877,CUST_02877,Joel Villanueva,2499,FAILED,NETWORK_ERROR,0,0.57,0,False,RETRY_PAYMENT
CASE_02878,CUST_02878,Jeremiah Carter,2499,FAILED,TIMEOUT,0,0.68,0,False,RETRY_PAYMENT
CASE_02879,CUST_02879,Monica Smith,2499,ABANDONED,NONE,1,0.86,15,True,SEND_PAYMENT_LINK
CASE_02880,CUST_02880,Frank Martin,1499,ABANDONED,NONE,3,0.64,15,True,STOP
CASE_02881,CUST_02881,Kenneth Zhang,9999,FAILED,BANK_ERROR,1,0.56,45,False,ESCALATE_HUMAN
CASE_02882,CUST_02882,Shannon Howard,4999,FAILED,INSUFFICIENT_FUNDS,0,0.78,0,False,SEND_PAYMENT_LINK
CASE_02883,CUST_02883,Christopher Boyle,50000,FAILED,TIMEOUT,1,0.89,10,False,RETRY_PAYMENT
CASE_02884,CUST_02884,Jessica Cruz,25000,FAILED,TIMEOUT,3,0.42,0,False,STOP
CASE_02885,CUST_02885,Rachel Morgan,2499,ABANDONED,NONE,1,0.75,0,True,SEND_PAYMENT_LINK
CASE_02886,CUST_02886,Mr. Nicholas Bryant,9999,ABANDONED,NONE,0,0.94,30,True,ESCALATE_HUMAN
CASE_02887,CUST_02887,Ashley Martinez,100000,ABANDONED,NONE,1,0.93,0,True,ESCALATE_HUMAN
CASE_02888,CUST_02888,Thomas Rivera,499,FAILED,TIMEOUT,3,0.92,45,False,STOP
CASE_02889,CUST_02889,John Huber,1499,FAILED,BANK_ERROR,2,0.62,20,False,RETRY_PAYMENT
CASE_02890,CUST_02890,Christy Smith,25000,FAILED,NETWORK_ERROR,3,0.39,20,False,STOP
CASE_02891,CUST_02891,William Cooper,2499,FAILED,TIMEOUT,1,0.63,15,False,RETRY_PAYMENT
CASE_02892,CUST_02892,William May,7999,FAILED,CARD_DECLINED,3,0.97,0,False,STOP
CASE_02893,CUST_02893,Jeffrey Anderson,15000,ABANDONED,NONE,3,0.74,0,True,STOP
CASE_02894,CUST_02894,Heather Miller,15000,ABANDONED,NONE,0,0.52,30,True,ESCALATE_HUMAN
CASE_02895,CUST_02895,Shelby Campbell,2499,ABANDONED,NONE,1,0.89,0,True,SEND_PAYMENT_LINK
CASE_02896,CUST_02896,Steven Perez,7999,FAILED,NETWORK_ERROR,1,0.27,0,False,SEND_PAYMENT_LINK
CASE_02897,CUST_02897,Timothy Benitez,1499,FAILED,INSUFFICIENT_FUNDS,2,0.74,0,False,SEND_PAYMENT_LINK
CASE_02898,CUST_02898,Dr. Christopher Warner Jr.,9999,FAILED,TIMEOUT,2,0.63,30,False,ESCALATE_HUMAN
CASE_02899,CUST_02899,Stephanie Hamilton,999,FAILED,NETWORK_ERROR,1,0.79,45,False,ESCALATE_HUMAN
CASE_02900,CUST_02900,William Jensen,75000,FAILED,TIMEOUT,1,0.46,20,False,ESCALATE_HUMAN
CASE_02901,CUST_02901,Matthew Taylor,15000,FAILED,CARD_DECLINED,2,0.39,45,False,ESCALATE_HUMAN
CASE_02902,CUST_02902,Jessica Morgan,4999,FAILED,BANK_ERROR,1,0.91,0,False,RETRY_PAYMENT
CASE_02903,CUST_02903,Todd Schultz,7999,FAILED,CARD_DECLINED,1,0.73,45,False,ESCALATE_HUMAN
CASE_02904,CUST_02904,Jeffery Johnson,9999,FAILED,CARD_DECLINED,2,0.72,10,False,SEND_PAYMENT_LINK
CASE_02905,CUST_02905,Jennifer Richardson,50000,FAILED,CARD_DECLINED,0,0.72,10,False,SEND_PAYMENT_LINK
CASE_02906,CUST_02906,Jake Lambert,75000,ABANDONED,NONE,0,0.76,30,True,ESCALATE_HUMAN
CASE_02907,CUST_02907,Alexis Spencer,999,FAILED,BANK_ERROR,1,0.92,20,False,RETRY_PAYMENT
CASE_02908,CUST_02908,Jenna Mullins,15000,ABANDONED,NONE,3,0.36,0,True,STOP
CASE_02909,CUST_02909,John Lopez,499,ABANDONED,NONE,2,0.5,0,True,SEND_PAYMENT_LINK
CASE_02910,CUST_02910,Wesley Wright,50000,FAILED,NETWORK_ERROR,3,0.69,30,False,STOP
CASE_02911,CUST_02911,Stacy Brown,9999,FAILED,CARD_DECLINED,3,0.6,0,False,STOP
CASE_02912,CUST_02912,Carolyn Martinez,1499,FAILED,CARD_DECLINED,1,0.6,0,False,SEND_PAYMENT_LINK
CASE_02913,CUST_02913,Corey Ramos,75000,FAILED,CARD_DECLINED,0,0.52,0,False,ESCALATE_HUMAN
CASE_02914,CUST_02914,Robert Daniels,75000,FAILED,INSUFFICIENT_FUNDS,0,0.76,0,False,ESCALATE_HUMAN
CASE_02915,CUST_02915,Joshua Gonzales,75000,FAILED,NETWORK_ERROR,3,0.78,15,False,STOP
CASE_02916,CUST_02916,John Montoya MD,75000,ABANDONED,NONE,0,0.22,0,True,ESCALATE_HUMAN
CASE_02917,CUST_02917,Jason Harper,1499,FAILED,CARD_DECLINED,1,0.82,15,False,SEND_PAYMENT_LINK
CASE_02918,CUST_02918,Richard Long,7999,FAILED,INSUFFICIENT_FUNDS,1,0.95,20,False,SEND_PAYMENT_LINK
CASE_02919,CUST_02919,Jeffrey Valdez,15000,ABANDONED,NONE,1,0.31,10,True,SEND_PAYMENT_LINK
CASE_02920,CUST_02920,Teresa Hernandez,1499,FAILED,BANK_ERROR,2,0.83,5,False,RETRY_PAYMENT
CASE_02921,CUST_02921,Joseph Robertson,2499,FAILED,INSUFFICIENT_FUNDS,3,0.33,0,False,STOP
CASE_02922,CUST_02922,Paul Rodriguez,75000,FAILED,BANK_ERROR,2,0.78,30,False,ESCALATE_HUMAN
CASE_02923,CUST_02923,Ricky Ramos,1499,FAILED,NETWORK_ERROR,1,0.97,0,False,RETRY_PAYMENT
CASE_02924,CUST_02924,Joseph Roy,9999,FAILED,BANK_ERROR,2,0.62,15,False,RETRY_PAYMENT
CASE_02925,CUST_02925,Kathryn Zavala,25000,FAILED,CARD_DECLINED,3,0.5,0,False,STOP
CASE_02926,CUST_02926,Ronnie Bradley,75000,ABANDONED,NONE,2,0.97,45,True,ESCALATE_HUMAN
CASE_02927,CUST_02927,Jay Rodriguez,7999,FAILED,CARD_DECLINED,2,0.8,10,False,SEND_PAYMENT_LINK
CASE_02928,CUST_02928,Stephanie Romero,4999,FAILED,TIMEOUT,1,0.45,0,False,SEND_PAYMENT_LINK
CASE_02929,CUST_02929,Robert Miller,75000,FAILED,TIMEOUT,3,0.68,0,False,STOP
CASE_02930,CUST_02930,Nicole Miles,499,FAILED,CARD_DECLINED,2,0.67,10,False,SEND_PAYMENT_LINK
CASE_02931,CUST_02931,Andrew Ballard,499,FAILED,INSUFFICIENT_FUNDS,1,0.52,0,False,SEND_PAYMENT_LINK
CASE_02932,CUST_02932,Ruth Johnson,7999,FAILED,NETWORK_ERROR,0,0.46,15,False,SEND_PAYMENT_LINK
CASE_02933,CUST_02933,Jeffrey Mora DDS,2499,FAILED,BANK_ERROR,1,0.49,5,False,SEND_PAYMENT_LINK
CASE_02934,CUST_02934,Amanda Ortiz,9999,ABANDONED,NONE,0,0.39,20,True,SEND_PAYMENT_LINK
CASE_02935,CUST_02935,Ryan Taylor,15000,FAILED,TIMEOUT,0,0.97,10,False,RETRY_PAYMENT
CASE_02936,CUST_02936,Kevin Castro,1499,FAILED,INSUFFICIENT_FUNDS,0,0.23,15,False,SEND_PAYMENT_LINK
CASE_02937,CUST_02937,Amanda Ryan,1499,ABANDONED,NONE,3,0.69,0,True,STOP
CASE_02938,CUST_02938,Emily Matthews,100000,ABANDONED,NONE,0,0.68,0,True,ESCALATE_HUMAN
CASE_02939,CUST_02939,Kevin Smith Jr.,15000,FAILED,INSUFFICIENT_FUNDS,2,0.3,45,False,ESCALATE_HUMAN
CASE_02940,CUST_02940,Jamie Allen,25000,FAILED,NETWORK_ERROR,1,0.91,15,False,RETRY_PAYMENT
CASE_02941,CUST_02941,Sharon Morales,25000,ABANDONED,NONE,3,0.25,15,True,STOP
CASE_02942,CUST_02942,Sandra Stark,50000,ABANDONED,NONE,3,0.63,10,True,STOP
CASE_02943,CUST_02943,Allison Smith,4999,FAILED,BANK_ERROR,3,0.76,45,False,STOP
CASE_02944,CUST_02944,Ryan Johnson,7999,FAILED,CARD_DECLINED,2,0.79,20,False,SEND_PAYMENT_LINK
CASE_02945,CUST_02945,Dr. Michael Ramos,7999,FAILED,CARD_DECLINED,2,0.34,0,False,SEND_PAYMENT_LINK
CASE_02946,CUST_02946,John Ramos,4999,FAILED,TIMEOUT,3,0.99,0,False,STOP
CASE_02947,CUST_02947,Jackie Schultz,1499,FAILED,TIMEOUT,0,0.32,10,False,SEND_PAYMENT_LINK
CASE_02948,CUST_02948,Heather Johnson,7999,FAILED,CARD_DECLINED,1,0.26,5,False,SEND_PAYMENT_LINK
CASE_02949,CUST_02949,Jonathan Washington,1499,FAILED,INSUFFICIENT_FUNDS,2,0.26,0,False,SEND_PAYMENT_LINK
CASE_02950,CUST_02950,Paul Johnson,7999,FAILED,NETWORK_ERROR,0,0.62,20,False,RETRY_PAYMENT
CASE_02951,CUST_02951,Mary Hood,1499,FAILED,INSUFFICIENT_FUNDS,2,0.43,45,False,ESCALATE_HUMAN
CASE_02952,CUST_02952,Thomas Mcdonald,25000,ABANDONED,NONE,3,0.67,30,True,STOP
CASE_02953,CUST_02953,Brandon Barron,1499,ABANDONED,NONE,1,0.54,30,True,ESCALATE_HUMAN
CASE_02954,CUST_02954,Linda Barnett,100000,FAILED,NETWORK_ERROR,1,0.8,0,False,ESCALATE_HUMAN
CASE_02955,CUST_02955,Matthew Richardson,7999,FAILED,INSUFFICIENT_FUNDS,2,0.37,0,False,SEND_PAYMENT_LINK
CASE_02956,CUST_02956,Evan Johnson DVM,25000,FAILED,BANK_ERROR,0,0.79,5,False,RETRY_PAYMENT
CASE_02957,CUST_02957,Jennifer Conner,999,FAILED,BANK_ERROR,1,0.9,0,False,RETRY_PAYMENT
CASE_02958,CUST_02958,James Thomas,75000,FAILED,CARD_DECLINED,0,0.25,0,False,ESCALATE_HUMAN
CASE_02959,CUST_02959,Jerry Valdez,999,FAILED,NETWORK_ERROR,2,0.59,5,False,SEND_PAYMENT_LINK
CASE_02960,CUST_02960,Danielle Merritt,15000,FAILED,TIMEOUT,1,0.81,20,False,RETRY_PAYMENT
CASE_02961,CUST_02961,Rachel Johnson MD,25000,FAILED,NETWORK_ERROR,1,0.83,15,False,RETRY_PAYMENT
CASE_02962,CUST_02962,Derrick Harris,15000,ABANDONED,NONE,2,0.41,15,True,SEND_PAYMENT_LINK
CASE_02963,CUST_02963,Tiffany Warner,25000,FAILED,NETWORK_ERROR,1,0.5,0,False,RETRY_PAYMENT
CASE_02964,CUST_02964,Edward Johnson,50000,FAILED,CARD_DECLINED,3,0.51,45,False,STOP
CASE_02965,CUST_02965,Kimberly Ross,2499,FAILED,NETWORK_ERROR,0,0.64,0,False,SEND_PAYMENT_LINK
CASE_02966,CUST_02966,Kimberly Dixon,999,ABANDONED,NONE,1,0.25,5,True,SEND_PAYMENT_LINK
CASE_02967,CUST_02967,David Kidd,2499,ABANDONED,NONE,1,0.94,0,True,SEND_PAYMENT_LINK
CASE_02968,CUST_02968,Rick Robinson,499,FAILED,BANK_ERROR,1,0.32,5,False,SEND_PAYMENT_LINK
CASE_02969,CUST_02969,Cody Smith,100000,ABANDONED,NONE,1,0.96,20,True,ESCALATE_HUMAN
CASE_02970,CUST_02970,Nicole Bailey,7999,FAILED,INSUFFICIENT_FUNDS,1,0.64,0,False,SEND_PAYMENT_LINK
CASE_02971,CUST_02971,Michael Roberts,2499,FAILED,INSUFFICIENT_FUNDS,2,0.76,5,False,SEND_PAYMENT_LINK
CASE_02972,CUST_02972,Charles Turner,50000,FAILED,INSUFFICIENT_FUNDS,2,0.41,0,False,SEND_PAYMENT_LINK
CASE_02973,CUST_02973,Lori Schneider,75000,ABANDONED,NONE,3,0.38,20,True,STOP
CASE_02974,CUST_02974,Ryan Black,4999,FAILED,TIMEOUT,2,0.41,10,False,SEND_PAYMENT_LINK
CASE_02975,CUST_02975,Nancy Page,50000,ABANDONED,NONE,0,0.34,30,True,ESCALATE_HUMAN
CASE_02976,CUST_02976,Kenneth King,50000,ABANDONED,NONE,0,0.35,0,True,SEND_PAYMENT_LINK
CASE_02977,CUST_02977,Candice Hayes,15000,FAILED,BANK_ERROR,0,0.46,30,False,ESCALATE_HUMAN
CASE_02978,CUST_02978,Victoria Mcclure MD,25000,ABANDONED,NONE,0,0.37,15,True,SEND_PAYMENT_LINK
CASE_02979,CUST_02979,Debra Wilson,1499,FAILED,BANK_ERROR,1,0.22,0,False,SEND_PAYMENT_LINK
CASE_02980,CUST_02980,Linda Edwards,1499,FAILED,NETWORK_ERROR,0,0.64,0,False,RETRY_PAYMENT
CASE_02981,CUST_02981,Cassie Turner,499,FAILED,CARD_DECLINED,3,0.69,30,False,STOP
CASE_02982,CUST_02982,Kimberly White,25000,ABANDONED,NONE,2,0.75,15,True,SEND_PAYMENT_LINK
CASE_02983,CUST_02983,Beverly Maldonado,75000,FAILED,BANK_ERROR,1,0.71,20,False,ESCALATE_HUMAN
CASE_02984,CUST_02984,Debra Miller DDS,499,FAILED,BANK_ERROR,0,0.42,10,False,SEND_PAYMENT_LINK
CASE_02985,CUST_02985,Mary Taylor,2499,ABANDONED,NONE,0,0.85,15,True,SEND_PAYMENT_LINK
CASE_02986,CUST_02986,Kelly Gonzalez,999,ABANDONED,NONE,0,0.48,0,True,SEND_PAYMENT_LINK
CASE_02987,CUST_02987,James Stewart,2499,FAILED,TIMEOUT,1,0.71,0,False,SEND_PAYMENT_LINK
CASE_02988,CUST_02988,Alexander Gray,100000,FAILED,TIMEOUT,0,0.44,30,False,ESCALATE_HUMAN
CASE_02989,CUST_02989,Jasmine Anderson,4999,FAILED,TIMEOUT,1,0.93,20,False,RETRY_PAYMENT
CASE_02990,CUST_02990,Danielle Travis,15000,FAILED,BANK_ERROR,3,0.27,0,False,STOP
CASE_02991,CUST_02991,Christopher Glenn,1499,ABANDONED,NONE,0,0.71,0,True,SEND_PAYMENT_LINK
CASE_02992,CUST_02992,David Cherry,999,FAILED,BANK_ERROR,0,0.89,30,False,ESCALATE_HUMAN
CASE_02993,CUST_02993,Christopher Holloway,9999,ABANDONED,NONE,1,0.24,0,True,SEND_PAYMENT_LINK
CASE_02994,CUST_02994,Nicole Hamilton,999,FAILED,NETWORK_ERROR,3,0.28,0,False,STOP
CASE_02995,CUST_02995,William Jordan,499,FAILED,CARD_DECLINED,0,0.56,15,False,SEND_PAYMENT_LINK
CASE_02996,CUST_02996,Jessica Allen,75000,ABANDONED,NONE,1,0.36,5,True,ESCALATE_HUMAN
CASE_02997,CUST_02997,Mary Jensen,499,FAILED,CARD_DECLINED,1,0.55,15,False,SEND_PAYMENT_LINK
CASE_02998,CUST_02998,Jerome George,2499,FAILED,BANK_ERROR,3,0.72,10,False,STOP
CASE_02999,CUST_02999,Terri Clark,25000,FAILED,BANK_ERROR,2,0.34,0,False,SEND_PAYMENT_LINK
CASE_03000,CUST_03000,Jared Smith,4999,FAILED,CARD_DECLINED,3,0.7,0,False,STOP
CASE_03001,CUST_03001,Heidi Leonard,7999,FAILED,CARD_DECLINED,2,0.99,0,False,SEND_PAYMENT_LINK
CASE_03002,CUST_03002,Michael Roberts,50000,FAILED,NETWORK_ERROR,1,0.21,5,False,SEND_PAYMENT_LINK
CASE_03003,CUST_03003,Michael Elliott,100000,FAILED,INSUFFICIENT_FUNDS,3,0.87,0,False,STOP
CASE_03004,CUST_03004,Andrew Collins,100000,FAILED,BANK_ERROR,2,0.3,30,False,ESCALATE_HUMAN
CASE_03005,CUST_03005,Mindy Doyle,499,FAILED,BANK_ERROR,3,0.29,10,False,STOP
CASE_03006,CUST_03006,Michael Fuller,2499,ABANDONED,NONE,2,0.64,45,True,ESCALATE_HUMAN
CASE_03007,CUST_03007,Carl Smith,7999,ABANDONED,NONE,2,0.81,0,True,SEND_PAYMENT_LINK
CASE_03008,CUST_03008,Teresa Williams,2499,FAILED,INSUFFICIENT_FUNDS,0,0.91,0,False,SEND_PAYMENT_LINK
CASE_03009,CUST_03009,Tiffany Brown,499,FAILED,NETWORK_ERROR,0,0.54,15,False,SEND_PAYMENT_LINK
CASE_03010,CUST_03010,Kyle Moore,15000,FAILED,CARD_DECLINED,3,0.42,0,False,STOP
CASE_03011,CUST_03011,Bryan Daniel,50000,FAILED,NETWORK_ERROR,0,0.54,0,False,RETRY_PAYMENT
CASE_03012,CUST_03012,Matthew West,1499,FAILED,INSUFFICIENT_FUNDS,0,0.47,10,False,SEND_PAYMENT_LINK
CASE_03013,CUST_03013,Lisa Scott,1499,FAILED,BANK_ERROR,2,0.23,0,False,SEND_PAYMENT_LINK
CASE_03014,CUST_03014,Matthew Richardson,999,FAILED,CARD_DECLINED,2,0.93,20,False,SEND_PAYMENT_LINK
CASE_03015,CUST_03015,Jennifer Malone,15000,ABANDONED,NONE,2,0.54,10,True,SEND_PAYMENT_LINK
CASE_03016,CUST_03016,Erica Wood,50000,FAILED,INSUFFICIENT_FUNDS,3,0.67,15,False,STOP
CASE_03017,CUST_03017,Randall Christensen,7999,FAILED,NETWORK_ERROR,1,0.96,10,False,RETRY_PAYMENT
CASE_03018,CUST_03018,Brian Graham,15000,FAILED,BANK_ERROR,2,0.57,0,False,RETRY_PAYMENT
CASE_03019,CUST_03019,Ryan Long,25000,FAILED,TIMEOUT,0,0.23,0,False,SEND_PAYMENT_LINK
CASE_03020,CUST_03020,Jason Williams,100000,ABANDONED,NONE,1,0.28,20,True,ESCALATE_HUMAN
CASE_03021,CUST_03021,Sara Barrett,4999,FAILED,NETWORK_ERROR,1,0.54,0,False,RETRY_PAYMENT
CASE_03022,CUST_03022,Frank Grant,25000,FAILED,INSUFFICIENT_FUNDS,3,0.29,0,False,STOP
CASE_03023,CUST_03023,Gerald Young,100000,FAILED,INSUFFICIENT_FUNDS,0,0.57,5,False,ESCALATE_HUMAN
CASE_03024,CUST_03024,Patrick Ross,25000,FAILED,NETWORK_ERROR,3,0.28,0,False,STOP
CASE_03025,CUST_03025,Charles Jenkins,15000,FAILED,INSUFFICIENT_FUNDS,0,0.98,10,False,SEND_PAYMENT_LINK
CASE_03026,CUST_03026,Pamela Potter,7999,FAILED,NETWORK_ERROR,2,0.36,20,False,SEND_PAYMENT_LINK
CASE_03027,CUST_03027,Bryan Stewart,1499,FAILED,BANK_ERROR,0,0.21,20,False,SEND_PAYMENT_LINK
CASE_03028,CUST_03028,Timothy Glenn,1499,FAILED,CARD_DECLINED,2,0.56,20,False,SEND_PAYMENT_LINK
CASE_03029,CUST_03029,Catherine Baker,50000,FAILED,NETWORK_ERROR,0,0.36,45,False,ESCALATE_HUMAN
CASE_03030,CUST_03030,Ashley Alvarez,499,FAILED,BANK_ERROR,1,0.69,0,False,SEND_PAYMENT_LINK
CASE_03031,CUST_03031,Andrew Hayden,15000,FAILED,NETWORK_ERROR,3,0.55,0,False,STOP
CASE_03032,CUST_03032,Debra Cohen,999,FAILED,CARD_DECLINED,0,0.62,0,False,SEND_PAYMENT_LINK
CASE_03033,CUST_03033,Sarah Sims,100000,ABANDONED,NONE,0,0.23,10,True,ESCALATE_HUMAN
CASE_03034,CUST_03034,Elizabeth Rogers,9999,ABANDONED,NONE,3,0.28,15,True,STOP
CASE_03035,CUST_03035,Matthew Schultz,75000,FAILED,TIMEOUT,0,0.24,30,False,ESCALATE_HUMAN
CASE_03036,CUST_03036,Brianna Burton,75000,ABANDONED,NONE,0,0.93,0,True,ESCALATE_HUMAN
CASE_03037,CUST_03037,Angela Sanchez,499,FAILED,CARD_DECLINED,1,0.64,45,False,ESCALATE_HUMAN
CASE_03038,CUST_03038,Stacie Sims,999,FAILED,CARD_DECLINED,0,0.45,0,False,SEND_PAYMENT_LINK
CASE_03039,CUST_03039,Michelle Vaughn,7999,FAILED,TIMEOUT,2,0.69,45,False,ESCALATE_HUMAN
CASE_03040,CUST_03040,Justin Yang,499,FAILED,CARD_DECLINED,3,0.94,20,False,STOP
CASE_03041,CUST_03041,Paul Pennington,50000,ABANDONED,NONE,1,0.72,5,True,SEND_PAYMENT_LINK
CASE_03042,CUST_03042,Laura Whitaker,15000,ABANDONED,NONE,0,0.85,20,True,SEND_PAYMENT_LINK
CASE_03043,CUST_03043,Jessica Hayes,50000,FAILED,TIMEOUT,3,0.93,0,False,STOP
CASE_03044,CUST_03044,Jessica May,1499,FAILED,NETWORK_ERROR,2,0.96,30,False,ESCALATE_HUMAN
CASE_03045,CUST_03045,Lisa Martinez,15000,FAILED,BANK_ERROR,1,0.86,15,False,RETRY_PAYMENT
CASE_03046,CUST_03046,Gabriella Mcneil,9999,FAILED,BANK_ERROR,2,0.67,0,False,SEND_PAYMENT_LINK
CASE_03047,CUST_03047,Holly Moore,15000,FAILED,TIMEOUT,2,0.33,20,False,SEND_PAYMENT_LINK
CASE_03048,CUST_03048,Erica Allen,75000,FAILED,TIMEOUT,1,0.57,45,False,ESCALATE_HUMAN
CASE_03049,CUST_03049,Mr. Nathan Taylor,15000,FAILED,TIMEOUT,0,0.53,0,False,SEND_PAYMENT_LINK
CASE_03050,CUST_03050,Peter Gonzalez,75000,FAILED,INSUFFICIENT_FUNDS,0,0.88,45,False,ESCALATE_HUMAN
CASE_03051,CUST_03051,James Johnson,999,FAILED,INSUFFICIENT_FUNDS,3,0.92,0,False,STOP
CASE_03052,CUST_03052,Rebecca Woods,999,ABANDONED,NONE,0,0.78,45,True,ESCALATE_HUMAN
CASE_03053,CUST_03053,John Wallace,25000,FAILED,CARD_DECLINED,0,0.85,0,False,SEND_PAYMENT_LINK
CASE_03054,CUST_03054,Nathan Turner,25000,ABANDONED,NONE,2,0.44,0,True,SEND_PAYMENT_LINK
CASE_03055,CUST_03055,William Morgan,1499,FAILED,NETWORK_ERROR,2,0.62,5,False,RETRY_PAYMENT
CASE_03056,CUST_03056,Patrick Johnson,15000,FAILED,NETWORK_ERROR,0,0.63,0,False,SEND_PAYMENT_LINK
CASE_03057,CUST_03057,Kelly Acosta,4999,FAILED,NETWORK_ERROR,3,0.46,0,False,STOP
CASE_03058,CUST_03058,Robert Sanders,1499,FAILED,NETWORK_ERROR,0,0.44,20,False,SEND_PAYMENT_LINK
CASE_03059,CUST_03059,Vincent Rivera,999,FAILED,BANK_ERROR,3,0.74,10,False,STOP
CASE_03060,CUST_03060,Dylan Butler,1499,ABANDONED,NONE,1,0.57,20,True,SEND_PAYMENT_LINK
CASE_03061,CUST_03061,Ann Maddox,50000,ABANDONED,NONE,0,0.41,15,True,SEND_PAYMENT_LINK
CASE_03062,CUST_03062,Maureen Anderson,2499,FAILED,INSUFFICIENT_FUNDS,0,0.83,20,False,SEND_PAYMENT_LINK
CASE_03063,CUST_03063,Jeffrey Patel,999,FAILED,NETWORK_ERROR,0,0.6,45,False,ESCALATE_HUMAN
CASE_03064,CUST_03064,Penny Cowan,75000,FAILED,BANK_ERROR,3,0.43,45,False,STOP
CASE_03065,CUST_03065,Craig Webster,25000,FAILED,INSUFFICIENT_FUNDS,3,0.48,30,False,STOP
CASE_03066,CUST_03066,Bryan Richard,50000,ABANDONED,NONE,1,0.43,0,True,SEND_PAYMENT_LINK
CASE_03067,CUST_03067,Laura Stanton,50000,ABANDONED,NONE,2,0.87,20,True,SEND_PAYMENT_LINK
CASE_03068,CUST_03068,Mitchell Thornton,9999,FAILED,INSUFFICIENT_FUNDS,3,0.22,30,False,STOP
CASE_03069,CUST_03069,James Greene,25000,FAILED,BANK_ERROR,0,0.56,0,False,RETRY_PAYMENT
CASE_03070,CUST_03070,Maria Johnson,999,ABANDONED,NONE,1,0.33,15,True,SEND_PAYMENT_LINK
CASE_03071,CUST_03071,Steven Porter Jr.,50000,FAILED,NETWORK_ERROR,2,0.63,0,False,RETRY_PAYMENT
CASE_03072,CUST_03072,Annette Martin,50000,FAILED,INSUFFICIENT_FUNDS,3,0.63,45,False,STOP
CASE_03073,CUST_03073,Matthew Reid,2499,FAILED,NETWORK_ERROR,1,0.99,20,False,RETRY_PAYMENT
CASE_03074,CUST_03074,Joshua Pierce,15000,FAILED,CARD_DECLINED,3,0.68,0,False,STOP
CASE_03075,CUST_03075,John Fisher,9999,FAILED,CARD_DECLINED,0,0.27,0,False,SEND_PAYMENT_LINK
CASE_03076,CUST_03076,Philip Nguyen,2499,FAILED,CARD_DECLINED,1,0.49,0,False,SEND_PAYMENT_LINK
CASE_03077,CUST_03077,Jason Davis,2499,ABANDONED,NONE,0,0.39,30,True,ESCALATE_HUMAN
CASE_03078,CUST_03078,Mrs. Ruth West,100000,ABANDONED,NONE,0,0.47,5,True,ESCALATE_HUMAN
CASE_03079,CUST_03079,Marissa Schroeder,499,FAILED,INSUFFICIENT_FUNDS,0,0.52,0,False,SEND_PAYMENT_LINK
CASE_03080,CUST_03080,Philip Hernandez,1499,FAILED,INSUFFICIENT_FUNDS,2,0.6,10,False,SEND_PAYMENT_LINK
CASE_03081,CUST_03081,Crystal Lucas,999,FAILED,NETWORK_ERROR,2,0.72,5,False,SEND_PAYMENT_LINK
CASE_03082,CUST_03082,Curtis Gonzalez,4999,FAILED,CARD_DECLINED,3,0.52,0,False,STOP
CASE_03083,CUST_03083,Jessica Watkins,15000,ABANDONED,NONE,0,0.82,0,True,SEND_PAYMENT_LINK
CASE_03084,CUST_03084,Edward Gonzalez,100000,FAILED,CARD_DECLINED,0,0.64,0,False,ESCALATE_HUMAN
CASE_03085,CUST_03085,Daniel Hill,9999,ABANDONED,NONE,1,0.28,0,True,SEND_PAYMENT_LINK
CASE_03086,CUST_03086,Kenneth Smith,15000,FAILED,NETWORK_ERROR,0,0.83,15,False,RETRY_PAYMENT
CASE_03087,CUST_03087,Jasmine Spence,50000,FAILED,NETWORK_ERROR,3,0.96,45,False,STOP
CASE_03088,CUST_03088,John Gomez,9999,FAILED,CARD_DECLINED,3,0.76,45,False,STOP
CASE_03089,CUST_03089,Christopher Fuller,15000,FAILED,CARD_DECLINED,3,0.65,0,False,STOP
CASE_03090,CUST_03090,Ashley Santos,7999,FAILED,CARD_DECLINED,2,0.98,0,False,SEND_PAYMENT_LINK
CASE_03091,CUST_03091,Karen Thomas,999,FAILED,CARD_DECLINED,1,0.78,0,False,SEND_PAYMENT_LINK
CASE_03092,CUST_03092,Cassandra Doyle,499,ABANDONED,NONE,2,0.4,20,True,SEND_PAYMENT_LINK
CASE_03093,CUST_03093,Lawrence Everett,100000,FAILED,INSUFFICIENT_FUNDS,0,0.26,0,False,ESCALATE_HUMAN
CASE_03094,CUST_03094,Paul Wilson,9999,FAILED,BANK_ERROR,3,0.37,15,False,STOP
CASE_03095,CUST_03095,Michael Williams,2499,ABANDONED,NONE,1,0.28,10,True,SEND_PAYMENT_LINK
CASE_03096,CUST_03096,Nicole Wilson,7999,FAILED,CARD_DECLINED,0,0.5,0,False,SEND_PAYMENT_LINK
CASE_03097,CUST_03097,Nicole Robles,499,FAILED,CARD_DECLINED,2,0.85,10,False,SEND_PAYMENT_LINK
CASE_03098,CUST_03098,Mr. Anthony Villanueva,25000,FAILED,BANK_ERROR,0,0.43,20,False,SEND_PAYMENT_LINK
CASE_03099,CUST_03099,Jo Zimmerman,9999,FAILED,CARD_DECLINED,3,0.55,20,False,STOP
CASE_03100,CUST_03100,Garrett Peterson,499,FAILED,NETWORK_ERROR,2,0.33,10,False,SEND_PAYMENT_LINK
CASE_03101,CUST_03101,Megan Shaw,7999,ABANDONED,NONE,2,0.59,30,True,ESCALATE_HUMAN
CASE_03102,CUST_03102,Mrs. Jamie Wilson,7999,FAILED,CARD_DECLINED,3,0.83,10,False,STOP
CASE_03103,CUST_03103,Susan Torres,7999,FAILED,BANK_ERROR,0,0.54,5,False,SEND_PAYMENT_LINK
CASE_03104,CUST_03104,Kristin Thomas,7999,FAILED,NETWORK_ERROR,3,0.83,0,False,STOP
CASE_03105,CUST_03105,April Welch,9999,FAILED,INSUFFICIENT_FUNDS,0,0.29,15,False,SEND_PAYMENT_LINK
CASE_03106,CUST_03106,Rebekah Wood,50000,FAILED,BANK_ERROR,0,0.21,20,False,SEND_PAYMENT_LINK
CASE_03107,CUST_03107,Ms. Kayla Collins,1499,FAILED,TIMEOUT,1,0.32,0,False,SEND_PAYMENT_LINK
CASE_03108,CUST_03108,James Thompson,15000,ABANDONED,NONE,3,0.76,30,True,STOP
CASE_03109,CUST_03109,Phillip Scott,4999,ABANDONED,NONE,1,0.81,0,True,SEND_PAYMENT_LINK
CASE_03110,CUST_03110,Frank Ford,9999,FAILED,TIMEOUT,0,0.34,0,False,SEND_PAYMENT_LINK
CASE_03111,CUST_03111,Andre Curtis,999,FAILED,CARD_DECLINED,2,0.63,45,False,ESCALATE_HUMAN
CASE_03112,CUST_03112,Gail Ward,75000,ABANDONED,NONE,0,0.2,45,True,ESCALATE_HUMAN
CASE_03113,CUST_03113,Kristin Wheeler,499,FAILED,NETWORK_ERROR,3,0.58,30,False,STOP
CASE_03114,CUST_03114,Eric Stewart,25000,FAILED,BANK_ERROR,0,0.34,15,False,SEND_PAYMENT_LINK
CASE_03115,CUST_03115,Amanda Vargas,15000,FAILED,INSUFFICIENT_FUNDS,3,0.31,20,False,STOP
CASE_03116,CUST_03116,Robert Mcguire,4999,FAILED,NETWORK_ERROR,0,0.32,0,False,SEND_PAYMENT_LINK
CASE_03117,CUST_03117,David Oliver,1499,FAILED,BANK_ERROR,2,0.38,30,False,ESCALATE_HUMAN
CASE_03118,CUST_03118,Tammy Bright,7999,FAILED,NETWORK_ERROR,2,0.76,20,False,RETRY_PAYMENT
CASE_03119,CUST_03119,Nathaniel Davis,25000,FAILED,NETWORK_ERROR,2,0.98,0,False,RETRY_PAYMENT
CASE_03120,CUST_03120,Mark Schneider,7999,FAILED,CARD_DECLINED,1,0.45,0,False,SEND_PAYMENT_LINK
CASE_03121,CUST_03121,Steven Short,75000,FAILED,CARD_DECLINED,2,0.9,15,False,ESCALATE_HUMAN
CASE_03122,CUST_03122,Chad Roberts,4999,FAILED,TIMEOUT,3,0.4,15,False,STOP
CASE_03123,CUST_03123,Jodi Smith,4999,ABANDONED,NONE,2,0.79,5,True,SEND_PAYMENT_LINK
CASE_03124,CUST_03124,Brian Bean,999,FAILED,BANK_ERROR,1,0.32,30,False,ESCALATE_HUMAN
CASE_03125,CUST_03125,Heather Jimenez,4999,ABANDONED,NONE,0,0.56,20,True,SEND_PAYMENT_LINK
CASE_03126,CUST_03126,Allison Wheeler,2499,FAILED,INSUFFICIENT_FUNDS,1,0.59,0,False,SEND_PAYMENT_LINK
CASE_03127,CUST_03127,Edward Mata,2499,ABANDONED,NONE,1,0.86,30,True,ESCALATE_HUMAN
CASE_03128,CUST_03128,Ryan Salas,7999,FAILED,CARD_DECLINED,0,0.84,0,False,SEND_PAYMENT_LINK
CASE_03129,CUST_03129,Brian Erickson,50000,ABANDONED,NONE,1,0.86,10,True,SEND_PAYMENT_LINK
CASE_03130,CUST_03130,Matthew Young,7999,FAILED,TIMEOUT,3,0.69,5,False,STOP
CASE_03131,CUST_03131,Amy Randall,7999,FAILED,INSUFFICIENT_FUNDS,1,0.46,5,False,SEND_PAYMENT_LINK
CASE_03132,CUST_03132,Mr. Maxwell Mueller DDS,4999,FAILED,TIMEOUT,0,0.61,20,False,RETRY_PAYMENT
CASE_03133,CUST_03133,Heather Castro,25000,FAILED,CARD_DECLINED,0,0.87,15,False,SEND_PAYMENT_LINK
CASE_03134,CUST_03134,Brandon Randall,1499,FAILED,INSUFFICIENT_FUNDS,2,0.93,15,False,SEND_PAYMENT_LINK
CASE_03135,CUST_03135,Haley Dalton,4999,FAILED,NETWORK_ERROR,0,0.86,5,False,RETRY_PAYMENT
CASE_03136,CUST_03136,Jessica Mercado,25000,FAILED,TIMEOUT,3,0.68,5,False,STOP
CASE_03137,CUST_03137,Charles Brown,15000,FAILED,TIMEOUT,2,0.39,0,False,SEND_PAYMENT_LINK
CASE_03138,CUST_03138,Lacey Phillips,1499,ABANDONED,NONE,2,0.9,20,True,SEND_PAYMENT_LINK
CASE_03139,CUST_03139,Kyle Moore,50000,ABANDONED,NONE,1,0.91,0,True,SEND_PAYMENT_LINK
CASE_03140,CUST_03140,Samuel Johns,4999,FAILED,NETWORK_ERROR,1,0.87,0,False,RETRY_PAYMENT
CASE_03141,CUST_03141,Joseph Garcia,4999,ABANDONED,NONE,1,0.4,5,True,SEND_PAYMENT_LINK
CASE_03142,CUST_03142,Charles Nelson,499,FAILED,CARD_DECLINED,3,0.77,0,False,STOP
CASE_03143,CUST_03143,Ryan Knight,4999,FAILED,BANK_ERROR,1,0.67,0,False,RETRY_PAYMENT
CASE_03144,CUST_03144,Cynthia Smith,2499,FAILED,BANK_ERROR,0,0.99,45,False,ESCALATE_HUMAN
CASE_03145,CUST_03145,William Pierce,15000,FAILED,NETWORK_ERROR,1,0.95,5,False,RETRY_PAYMENT
CASE_03146,CUST_03146,Pamela Ramos,1499,FAILED,CARD_DECLINED,1,0.33,0,False,SEND_PAYMENT_LINK
CASE_03147,CUST_03147,Natalie Gray,499,FAILED,TIMEOUT,1,0.38,0,False,SEND_PAYMENT_LINK
CASE_03148,CUST_03148,Angela Haynes,499,FAILED,CARD_DECLINED,3,0.57,20,False,STOP
CASE_03149,CUST_03149,Kyle Lambert,999,FAILED,TIMEOUT,3,0.77,0,False,STOP
CASE_03150,CUST_03150,Jennifer Morgan,499,FAILED,INSUFFICIENT_FUNDS,1,0.5,0,False,SEND_PAYMENT_LINK
CASE_03151,CUST_03151,Maria Wells,4999,FAILED,BANK_ERROR,2,0.94,5,False,RETRY_PAYMENT
CASE_03152,CUST_03152,Jonathan Cooper,75000,FAILED,CARD_DECLINED,0,0.83,10,False,ESCALATE_HUMAN
CASE_03153,CUST_03153,Paul Vargas,9999,FAILED,BANK_ERROR,2,0.45,15,False,SEND_PAYMENT_LINK
CASE_03154,CUST_03154,Jeffrey Webb,75000,FAILED,TIMEOUT,0,0.36,0,False,ESCALATE_HUMAN
CASE_03155,CUST_03155,Peggy Chambers,15000,ABANDONED,NONE,1,0.2,10,True,SEND_PAYMENT_LINK
CASE_03156,CUST_03156,Patricia Carter,7999,ABANDONED,NONE,3,0.87,15,True,STOP
CASE_03157,CUST_03157,Mary Bowman,499,FAILED,NETWORK_ERROR,3,0.98,20,False,STOP
CASE_03158,CUST_03158,Louis Hawkins,9999,FAILED,TIMEOUT,0,0.21,20,False,SEND_PAYMENT_LINK
CASE_03159,CUST_03159,Jonathan French,7999,FAILED,TIMEOUT,0,0.76,5,False,RETRY_PAYMENT
CASE_03160,CUST_03160,Gregory Patton,4999,FAILED,NETWORK_ERROR,2,0.28,10,False,SEND_PAYMENT_LINK
CASE_03161,CUST_03161,Douglas Schultz,50000,ABANDONED,NONE,0,0.62,0,True,SEND_PAYMENT_LINK
CASE_03162,CUST_03162,Jeffrey Taylor,7999,FAILED,NETWORK_ERROR,3,0.64,10,False,STOP
CASE_03163,CUST_03163,Sharon Cherry,25000,FAILED,NETWORK_ERROR,3,0.33,30,False,STOP
CASE_03164,CUST_03164,Sarah Cooper,499,FAILED,CARD_DECLINED,3,0.65,45,False,STOP
CASE_03165,CUST_03165,Angelica Atkinson,75000,FAILED,NETWORK_ERROR,3,0.83,0,False,STOP
CASE_03166,CUST_03166,Brandon Rose,7999,FAILED,INSUFFICIENT_FUNDS,3,0.34,30,False,STOP
CASE_03167,CUST_03167,James Chase,999,ABANDONED,NONE,3,0.22,5,True,STOP
CASE_03168,CUST_03168,Kenneth Powell,1499,FAILED,TIMEOUT,1,0.55,15,False,RETRY_PAYMENT
CASE_03169,CUST_03169,Amy Clark,75000,FAILED,NETWORK_ERROR,0,0.44,0,False,ESCALATE_HUMAN
CASE_03170,CUST_03170,Nicholas Chandler,25000,FAILED,CARD_DECLINED,2,0.95,0,False,SEND_PAYMENT_LINK
CASE_03171,CUST_03171,Steven Carr,15000,FAILED,INSUFFICIENT_FUNDS,2,0.98,0,False,SEND_PAYMENT_LINK
CASE_03172,CUST_03172,Donna Rice,15000,ABANDONED,NONE,3,0.43,0,True,STOP
CASE_03173,CUST_03173,Christopher Hicks,75000,FAILED,NETWORK_ERROR,2,0.51,0,False,ESCALATE_HUMAN
CASE_03174,CUST_03174,Jodi Green,999,FAILED,CARD_DECLINED,1,0.42,20,False,SEND_PAYMENT_LINK
CASE_03175,CUST_03175,Karen Vega,1499,ABANDONED,NONE,2,0.34,0,True,SEND_PAYMENT_LINK
CASE_03176,CUST_03176,Steven Gibson,50000,ABANDONED,NONE,2,0.61,0,True,SEND_PAYMENT_LINK
CASE_03177,CUST_03177,Terry Nunez,15000,FAILED,INSUFFICIENT_FUNDS,2,0.41,0,False,SEND_PAYMENT_LINK
CASE_03178,CUST_03178,Brad Blackburn,999,FAILED,INSUFFICIENT_FUNDS,2,0.59,0,False,SEND_PAYMENT_LINK
CASE_03179,CUST_03179,Kristen Carr,7999,ABANDONED,NONE,1,0.2,0,True,SEND_PAYMENT_LINK
CASE_03180,CUST_03180,Robert Aguilar,1499,FAILED,NETWORK_ERROR,0,0.77,0,False,RETRY_PAYMENT
CASE_03181,CUST_03181,Joseph Velazquez,100000,FAILED,TIMEOUT,3,0.38,15,False,STOP
CASE_03182,CUST_03182,Nancy Ortega,9999,FAILED,TIMEOUT,3,0.34,0,False,STOP
CASE_03183,CUST_03183,Riley Hill,4999,ABANDONED,NONE,1,0.6,45,True,ESCALATE_HUMAN
CASE_03184,CUST_03184,Jessica Butler,50000,FAILED,INSUFFICIENT_FUNDS,0,0.25,30,False,ESCALATE_HUMAN
CASE_03185,CUST_03185,Christian Lee,25000,FAILED,BANK_ERROR,2,0.77,5,False,RETRY_PAYMENT
CASE_03186,CUST_03186,Nicole King,999,FAILED,NETWORK_ERROR,0,0.51,45,False,ESCALATE_HUMAN
CASE_03187,CUST_03187,Steven Andrade,7999,FAILED,NETWORK_ERROR,0,0.25,15,False,SEND_PAYMENT_LINK
CASE_03188,CUST_03188,Joseph Bird,25000,FAILED,TIMEOUT,0,0.66,0,False,SEND_PAYMENT_LINK
CASE_03189,CUST_03189,Frank Ford,15000,FAILED,TIMEOUT,2,0.35,0,False,SEND_PAYMENT_LINK
CASE_03190,CUST_03190,Gabrielle Obrien,100000,FAILED,INSUFFICIENT_FUNDS,1,0.96,30,False,ESCALATE_HUMAN
CASE_03191,CUST_03191,Karina Shepherd,499,FAILED,BANK_ERROR,0,0.23,0,False,SEND_PAYMENT_LINK
CASE_03192,CUST_03192,Daniel Harris,9999,FAILED,TIMEOUT,0,0.97,10,False,RETRY_PAYMENT
CASE_03193,CUST_03193,Ronald Willis,100000,FAILED,CARD_DECLINED,2,0.65,15,False,ESCALATE_HUMAN
CASE_03194,CUST_03194,David Foster,100000,FAILED,BANK_ERROR,1,0.84,45,False,ESCALATE_HUMAN
CASE_03195,CUST_03195,Austin Hudson,15000,ABANDONED,NONE,1,0.89,20,True,SEND_PAYMENT_LINK
CASE_03196,CUST_03196,Michelle Lyons,7999,FAILED,CARD_DECLINED,2,0.42,30,False,ESCALATE_HUMAN
CASE_03197,CUST_03197,Joshua Willis,999,ABANDONED,NONE,0,0.97,45,True,ESCALATE_HUMAN
CASE_03198,CUST_03198,Jason Phillips,1499,ABANDONED,NONE,1,0.84,45,True,ESCALATE_HUMAN
CASE_03199,CUST_03199,Alejandra Wagner,999,FAILED,TIMEOUT,0,0.41,0,False,SEND_PAYMENT_LINK
CASE_03200,CUST_03200,Connor Reid,1499,FAILED,CARD_DECLINED,3,0.38,0,False,STOP
CASE_03201,CUST_03201,Ryan Willis,999,ABANDONED,NONE,2,0.37,15,True,SEND_PAYMENT_LINK
CASE_03202,CUST_03202,Brooke Garza,15000,FAILED,CARD_DECLINED,1,0.47,0,False,SEND_PAYMENT_LINK
CASE_03203,CUST_03203,Denise Ewing,9999,FAILED,NETWORK_ERROR,2,0.98,20,False,RETRY_PAYMENT
CASE_03204,CUST_03204,Ethan Perez,499,ABANDONED,NONE,3,0.36,45,True,STOP
CASE_03205,CUST_03205,Philip Maldonado,2499,FAILED,INSUFFICIENT_FUNDS,1,0.64,0,False,SEND_PAYMENT_LINK
CASE_03206,CUST_03206,Brandon Banks,7999,FAILED,NETWORK_ERROR,2,0.52,0,False,RETRY_PAYMENT
CASE_03207,CUST_03207,Rachel Jackson,7999,FAILED,TIMEOUT,3,0.85,10,False,STOP
CASE_03208,CUST_03208,Shelley Norman,100000,FAILED,NETWORK_ERROR,2,0.56,15,False,ESCALATE_HUMAN
CASE_03209,CUST_03209,Dr. Andrew Bowen,7999,FAILED,INSUFFICIENT_FUNDS,3,0.33,0,False,STOP
CASE_03210,CUST_03210,Tonya Graham,100000,FAILED,CARD_DECLINED,0,0.63,15,False,ESCALATE_HUMAN
CASE_03211,CUST_03211,Andrea Fisher,7999,FAILED,TIMEOUT,3,0.7,10,False,STOP
CASE_03212,CUST_03212,Mr. Paul Hoffman,100000,FAILED,CARD_DECLINED,0,0.91,0,False,ESCALATE_HUMAN
CASE_03213,CUST_03213,Gary Mcdaniel,999,FAILED,NETWORK_ERROR,3,0.28,0,False,STOP
CASE_03214,CUST_03214,Katie Burch,1499,FAILED,INSUFFICIENT_FUNDS,3,0.75,0,False,STOP
CASE_03215,CUST_03215,Christopher Conley,75000,FAILED,BANK_ERROR,0,0.52,15,False,ESCALATE_HUMAN
CASE_03216,CUST_03216,Oscar Luna,2499,FAILED,INSUFFICIENT_FUNDS,0,0.75,0,False,SEND_PAYMENT_LINK
CASE_03217,CUST_03217,Melissa Shepard,999,FAILED,BANK_ERROR,3,0.92,15,False,STOP
CASE_03218,CUST_03218,Monica Carter,499,FAILED,BANK_ERROR,3,0.81,0,False,STOP
CASE_03219,CUST_03219,Joseph Jackson,999,FAILED,TIMEOUT,2,0.37,0,False,SEND_PAYMENT_LINK
CASE_03220,CUST_03220,Alan Wilson,7999,FAILED,NETWORK_ERROR,2,0.23,10,False,SEND_PAYMENT_LINK
CASE_03221,CUST_03221,Matthew Smith,499,ABANDONED,NONE,0,0.81,5,True,SEND_PAYMENT_LINK
CASE_03222,CUST_03222,Joseph Blair,1499,ABANDONED,NONE,0,0.94,15,True,SEND_PAYMENT_LINK
CASE_03223,CUST_03223,Lori Dawson DDS,75000,FAILED,BANK_ERROR,0,0.24,20,False,ESCALATE_HUMAN
CASE_03224,CUST_03224,Erica Miranda,4999,FAILED,INSUFFICIENT_FUNDS,0,0.36,0,False,SEND_PAYMENT_LINK
CASE_03225,CUST_03225,Cheryl Horne,499,FAILED,INSUFFICIENT_FUNDS,1,0.95,5,False,SEND_PAYMENT_LINK
CASE_03226,CUST_03226,Randall Cowan,9999,FAILED,CARD_DECLINED,2,0.25,45,False,ESCALATE_HUMAN
CASE_03227,CUST_03227,Veronica Hernandez,4999,FAILED,BANK_ERROR,2,0.9,0,False,RETRY_PAYMENT
CASE_03228,CUST_03228,Paul Miles,25000,FAILED,INSUFFICIENT_FUNDS,1,0.93,15,False,SEND_PAYMENT_LINK
CASE_03229,CUST_03229,Elizabeth Morgan,1499,FAILED,INSUFFICIENT_FUNDS,3,0.26,0,False,STOP
CASE_03230,CUST_03230,Brent May,9999,ABANDONED,NONE,0,0.72,20,True,SEND_PAYMENT_LINK
CASE_03231,CUST_03231,Lisa Williams,50000,ABANDONED,NONE,0,0.26,20,True,SEND_PAYMENT_LINK
CASE_03232,CUST_03232,Nathan Solis,100000,ABANDONED,NONE,3,0.41,5,True,STOP
CASE_03233,CUST_03233,Kathy Maxwell,15000,FAILED,BANK_ERROR,1,0.73,10,False,RETRY_PAYMENT
CASE_03234,CUST_03234,Robert Mcmillan,100000,FAILED,BANK_ERROR,0,0.2,30,False,ESCALATE_HUMAN
CASE_03235,CUST_03235,Alan Barnes,15000,ABANDONED,NONE,1,0.47,0,True,SEND_PAYMENT_LINK
CASE_03236,CUST_03236,Cheryl Hinton,2499,FAILED,INSUFFICIENT_FUNDS,0,0.26,5,False,SEND_PAYMENT_LINK
CASE_03237,CUST_03237,Jacob Cowan,9999,FAILED,INSUFFICIENT_FUNDS,1,0.92,0,False,SEND_PAYMENT_LINK
CASE_03238,CUST_03238,Brent Cisneros,4999,FAILED,NETWORK_ERROR,2,0.35,0,False,SEND_PAYMENT_LINK
CASE_03239,CUST_03239,Jeffrey Rivera,75000,FAILED,CARD_DECLINED,1,0.38,5,False,ESCALATE_HUMAN
CASE_03240,CUST_03240,Marcus Crawford,4999,FAILED,TIMEOUT,0,0.21,0,False,SEND_PAYMENT_LINK
CASE_03241,CUST_03241,Nicholas Allen,50000,FAILED,NETWORK_ERROR,0,0.48,0,False,SEND_PAYMENT_LINK
CASE_03242,CUST_03242,Nina Ortiz,75000,ABANDONED,NONE,2,0.39,0,True,ESCALATE_HUMAN
CASE_03243,CUST_03243,Bobby Goodwin,999,FAILED,NETWORK_ERROR,3,0.56,0,False,STOP
CASE_03244,CUST_03244,Jeff Jones,50000,FAILED,INSUFFICIENT_FUNDS,2,0.97,30,False,ESCALATE_HUMAN
CASE_03245,CUST_03245,Katrina Brennan,7999,ABANDONED,NONE,2,0.89,0,True,SEND_PAYMENT_LINK
CASE_03246,CUST_03246,Michelle Martin,999,FAILED,CARD_DECLINED,3,0.45,20,False,STOP
CASE_03247,CUST_03247,Christopher Peterson,499,FAILED,BANK_ERROR,3,0.74,0,False,STOP
CASE_03248,CUST_03248,Brenda Hall,499,FAILED,NETWORK_ERROR,2,0.48,0,False,SEND_PAYMENT_LINK
CASE_03249,CUST_03249,Katie Price,999,FAILED,NETWORK_ERROR,3,0.91,0,False,STOP
CASE_03250,CUST_03250,James Richard,499,ABANDONED,NONE,0,0.27,15,True,SEND_PAYMENT_LINK
CASE_03251,CUST_03251,Nicholas Wise,1499,FAILED,CARD_DECLINED,0,0.34,20,False,SEND_PAYMENT_LINK
CASE_03252,CUST_03252,Ian Crane,100000,FAILED,TIMEOUT,1,0.25,45,False,ESCALATE_HUMAN
CASE_03253,CUST_03253,Mary Knox MD,999,ABANDONED,NONE,0,0.75,0,True,SEND_PAYMENT_LINK
CASE_03254,CUST_03254,Anthony Silva,9999,FAILED,TIMEOUT,3,0.37,15,False,STOP
CASE_03255,CUST_03255,Stephen Rivera,7999,FAILED,CARD_DECLINED,2,0.66,30,False,ESCALATE_HUMAN
CASE_03256,CUST_03256,Susan Orozco,100000,ABANDONED,NONE,1,0.76,0,True,ESCALATE_HUMAN
CASE_03257,CUST_03257,Diana Knight,9999,FAILED,TIMEOUT,2,0.93,30,False,ESCALATE_HUMAN
CASE_03258,CUST_03258,Adam Williams,25000,FAILED,TIMEOUT,3,0.69,0,False,STOP
CASE_03259,CUST_03259,Ms. Sabrina Gonzalez,25000,ABANDONED,NONE,1,0.84,10,True,SEND_PAYMENT_LINK
CASE_03260,CUST_03260,Kenneth Cochran,7999,FAILED,TIMEOUT,0,1.0,0,False,RETRY_PAYMENT
CASE_03261,CUST_03261,Jacqueline Cooper,1499,ABANDONED,NONE,1,0.2,0,True,SEND_PAYMENT_LINK
CASE_03262,CUST_03262,Ashley Hays,25000,FAILED,CARD_DECLINED,2,0.63,5,False,SEND_PAYMENT_LINK
CASE_03263,CUST_03263,Matthew Garza,1499,FAILED,TIMEOUT,2,0.27,10,False,SEND_PAYMENT_LINK
CASE_03264,CUST_03264,John Hill,15000,FAILED,BANK_ERROR,1,0.94,45,False,ESCALATE_HUMAN
CASE_03265,CUST_03265,Jason Nelson,100000,FAILED,TIMEOUT,3,0.98,15,False,STOP
CASE_03266,CUST_03266,Gail Davis,50000,FAILED,TIMEOUT,1,0.79,0,False,RETRY_PAYMENT
CASE_03267,CUST_03267,Philip Rhodes,1499,FAILED,BANK_ERROR,0,0.42,0,False,SEND_PAYMENT_LINK
CASE_03268,CUST_03268,Dawn Rodriguez,2499,FAILED,BANK_ERROR,3,0.6,0,False,STOP
CASE_03269,CUST_03269,Linda Glenn DDS,100000,FAILED,BANK_ERROR,2,0.77,0,False,ESCALATE_HUMAN
CASE_03270,CUST_03270,Paula Mcintosh,1499,FAILED,NETWORK_ERROR,2,0.91,20,False,RETRY_PAYMENT
CASE_03271,CUST_03271,Sarah Carter,4999,ABANDONED,NONE,1,0.2,0,True,SEND_PAYMENT_LINK
CASE_03272,CUST_03272,Paul Anderson,7999,FAILED,NETWORK_ERROR,3,0.57,20,False,STOP
CASE_03273,CUST_03273,David Spencer,50000,FAILED,CARD_DECLINED,1,0.31,0,False,SEND_PAYMENT_LINK
CASE_03274,CUST_03274,Matthew Garcia,75000,FAILED,CARD_DECLINED,0,0.53,0,False,ESCALATE_HUMAN
CASE_03275,CUST_03275,Donna Ray,15000,FAILED,NETWORK_ERROR,0,0.89,0,False,RETRY_PAYMENT
CASE_03276,CUST_03276,Renee Greene,50000,FAILED,TIMEOUT,0,0.41,45,False,ESCALATE_HUMAN
CASE_03277,CUST_03277,Victor Moore,4999,FAILED,CARD_DECLINED,3,0.51,0,False,STOP
CASE_03278,CUST_03278,Daniel Bennett,50000,FAILED,BANK_ERROR,0,0.54,0,False,RETRY_PAYMENT
CASE_03279,CUST_03279,Larry Williams,7999,ABANDONED,NONE,2,0.98,20,True,SEND_PAYMENT_LINK
CASE_03280,CUST_03280,Sandra Carter,9999,ABANDONED,NONE,0,0.51,20,True,SEND_PAYMENT_LINK
CASE_03281,CUST_03281,Michael Frank,1499,FAILED,CARD_DECLINED,3,0.49,0,False,STOP
CASE_03282,CUST_03282,Jacob Hughes,4999,FAILED,INSUFFICIENT_FUNDS,2,0.72,30,False,ESCALATE_HUMAN
CASE_03283,CUST_03283,Kevin Mcknight,9999,ABANDONED,NONE,1,0.75,5,True,SEND_PAYMENT_LINK
CASE_03284,CUST_03284,Carl Jackson,100000,FAILED,CARD_DECLINED,3,0.48,10,False,STOP
CASE_03285,CUST_03285,Nicholas Yang,75000,ABANDONED,NONE,1,0.56,0,True,ESCALATE_HUMAN
CASE_03286,CUST_03286,Tiffany Cannon,1499,ABANDONED,NONE,1,0.55,0,True,SEND_PAYMENT_LINK
CASE_03287,CUST_03287,Autumn Flores,999,FAILED,BANK_ERROR,2,0.37,20,False,SEND_PAYMENT_LINK
CASE_03288,CUST_03288,Tyler Gillespie,75000,FAILED,INSUFFICIENT_FUNDS,2,0.41,0,False,ESCALATE_HUMAN
CASE_03289,CUST_03289,Jeremy Smith,999,FAILED,CARD_DECLINED,3,0.96,0,False,STOP
CASE_03290,CUST_03290,Hannah Gonzalez,100000,ABANDONED,NONE,1,0.71,10,True,ESCALATE_HUMAN
CASE_03291,CUST_03291,Alicia Moore,100000,FAILED,CARD_DECLINED,3,0.41,5,False,STOP
CASE_03292,CUST_03292,Robert Lane,25000,FAILED,BANK_ERROR,1,0.78,10,False,RETRY_PAYMENT
CASE_03293,CUST_03293,Robert Taylor,15000,FAILED,INSUFFICIENT_FUNDS,0,0.49,5,False,SEND_PAYMENT_LINK
CASE_03294,CUST_03294,Michael Walters,2499,FAILED,INSUFFICIENT_FUNDS,1,0.96,0,False,SEND_PAYMENT_LINK
CASE_03295,CUST_03295,Christine Reese,100000,FAILED,TIMEOUT,0,0.77,15,False,ESCALATE_HUMAN
CASE_03296,CUST_03296,Ana Kaiser,75000,ABANDONED,NONE,3,0.22,10,True,STOP
CASE_03297,CUST_03297,Matthew Fuentes,7999,ABANDONED,NONE,3,0.93,10,True,STOP
CASE_03298,CUST_03298,Jennifer Wells DDS,15000,FAILED,NETWORK_ERROR,3,0.67,10,False,STOP
CASE_03299,CUST_03299,Ricardo Crawford,100000,FAILED,BANK_ERROR,2,0.97,20,False,ESCALATE_HUMAN
CASE_03300,CUST_03300,Michael Flores,7999,ABANDONED,NONE,2,0.51,45,True,ESCALATE_HUMAN
CASE_03301,CUST_03301,Susan Carlson,9999,FAILED,NETWORK_ERROR,1,0.92,0,False,RETRY_PAYMENT
CASE_03302,CUST_03302,Jennifer Johnson,999,FAILED,INSUFFICIENT_FUNDS,2,0.5,45,False,ESCALATE_HUMAN
CASE_03303,CUST_03303,Mrs. Amy Hamilton,100000,FAILED,CARD_DECLINED,2,0.94,10,False,ESCALATE_HUMAN
CASE_03304,CUST_03304,Amy Morris,25000,FAILED,INSUFFICIENT_FUNDS,1,0.81,0,False,SEND_PAYMENT_LINK
CASE_03305,CUST_03305,Jeffrey Aguilar,7999,FAILED,CARD_DECLINED,3,0.52,30,False,STOP
CASE_03306,CUST_03306,Francisco Hunt,1499,FAILED,BANK_ERROR,0,0.56,10,False,RETRY_PAYMENT
CASE_03307,CUST_03307,Derrick Lopez,7999,FAILED,INSUFFICIENT_FUNDS,1,0.51,10,False,SEND_PAYMENT_LINK
CASE_03308,CUST_03308,Daniel Williams,499,FAILED,CARD_DECLINED,1,0.4,0,False,SEND_PAYMENT_LINK
CASE_03309,CUST_03309,Amanda Carter,9999,FAILED,INSUFFICIENT_FUNDS,2,0.91,5,False,SEND_PAYMENT_LINK
CASE_03310,CUST_03310,Jonathan Ross,100000,FAILED,NETWORK_ERROR,3,0.38,30,False,STOP
CASE_03311,CUST_03311,Christian White,2499,FAILED,TIMEOUT,0,0.63,0,False,RETRY_PAYMENT
CASE_03312,CUST_03312,Martha Robinson,25000,FAILED,BANK_ERROR,1,0.95,0,False,RETRY_PAYMENT
CASE_03313,CUST_03313,Dennis Hansen,7999,ABANDONED,NONE,0,0.93,45,True,ESCALATE_HUMAN
CASE_03314,CUST_03314,Joshua Maxwell,4999,FAILED,BANK_ERROR,1,0.49,10,False,SEND_PAYMENT_LINK
CASE_03315,CUST_03315,Crystal Sanders,100000,FAILED,NETWORK_ERROR,3,0.41,30,False,STOP
CASE_03316,CUST_03316,Calvin Norman,499,FAILED,NETWORK_ERROR,1,0.71,0,False,SEND_PAYMENT_LINK
CASE_03317,CUST_03317,Kimberly Knox,75000,FAILED,CARD_DECLINED,3,0.84,0,False,STOP
CASE_03318,CUST_03318,Joel Thomas,2499,ABANDONED,NONE,3,0.56,20,True,STOP
CASE_03319,CUST_03319,Ana Johnston,9999,FAILED,NETWORK_ERROR,1,0.36,0,False,SEND_PAYMENT_LINK
CASE_03320,CUST_03320,Alyssa Buchanan,999,FAILED,TIMEOUT,0,0.94,15,False,RETRY_PAYMENT
CASE_03321,CUST_03321,Sherry Snyder,1499,ABANDONED,NONE,0,0.22,15,True,SEND_PAYMENT_LINK
CASE_03322,CUST_03322,Travis Martin,7999,FAILED,TIMEOUT,0,0.94,30,False,ESCALATE_HUMAN
CASE_03323,CUST_03323,Donald Bradley,75000,FAILED,BANK_ERROR,0,0.45,15,False,ESCALATE_HUMAN
CASE_03324,CUST_03324,Nicholas Brown,15000,FAILED,TIMEOUT,3,0.22,10,False,STOP
CASE_03325,CUST_03325,Daniel Davis,2499,FAILED,BANK_ERROR,3,0.62,0,False,STOP
CASE_03326,CUST_03326,Alyssa Murillo,15000,FAILED,TIMEOUT,1,0.3,20,False,SEND_PAYMENT_LINK
CASE_03327,CUST_03327,Monica Roberts,50000,FAILED,INSUFFICIENT_FUNDS,1,0.61,20,False,ESCALATE_HUMAN
CASE_03328,CUST_03328,Kenneth Stanley,100000,FAILED,CARD_DECLINED,1,0.66,30,False,ESCALATE_HUMAN
CASE_03329,CUST_03329,Heather Stout,2499,FAILED,BANK_ERROR,2,0.97,15,False,RETRY_PAYMENT
CASE_03330,CUST_03330,Vincent Williams,75000,FAILED,BANK_ERROR,1,0.34,30,False,ESCALATE_HUMAN
CASE_03331,CUST_03331,Jason Long Jr.,2499,FAILED,CARD_DECLINED,1,0.2,15,False,SEND_PAYMENT_LINK
CASE_03332,CUST_03332,Kathryn Wallace DVM,15000,FAILED,INSUFFICIENT_FUNDS,1,0.3,20,False,SEND_PAYMENT_LINK
CASE_03333,CUST_03333,Edward Long,9999,FAILED,CARD_DECLINED,2,0.98,30,False,ESCALATE_HUMAN
CASE_03334,CUST_03334,Jennifer Fox,9999,FAILED,TIMEOUT,3,0.24,0,False,STOP
CASE_03335,CUST_03335,William Thompson,9999,ABANDONED,NONE,0,0.81,0,True,SEND_PAYMENT_LINK
CASE_03336,CUST_03336,Michael Woodward,2499,ABANDONED,NONE,0,0.28,30,True,ESCALATE_HUMAN
CASE_03337,CUST_03337,Joseph Lawson,999,FAILED,NETWORK_ERROR,0,0.48,45,False,ESCALATE_HUMAN
CASE_03338,CUST_03338,Amanda Walton,2499,FAILED,TIMEOUT,3,0.73,20,False,STOP
CASE_03339,CUST_03339,Breanna Butler,100000,FAILED,CARD_DECLINED,2,0.82,30,False,ESCALATE_HUMAN
CASE_03340,CUST_03340,Gregory Webster,2499,FAILED,NETWORK_ERROR,2,0.3,5,False,SEND_PAYMENT_LINK
CASE_03341,CUST_03341,Edward Kaiser,2499,FAILED,BANK_ERROR,1,0.94,45,False,ESCALATE_HUMAN
CASE_03342,CUST_03342,Heidi Green,499,FAILED,CARD_DECLINED,2,0.4,0,False,SEND_PAYMENT_LINK
CASE_03343,CUST_03343,Rodney Thompson,7999,FAILED,BANK_ERROR,1,0.79,15,False,RETRY_PAYMENT
CASE_03344,CUST_03344,Bruce Washington,9999,FAILED,NETWORK_ERROR,1,0.86,15,False,RETRY_PAYMENT
CASE_03345,CUST_03345,Kimberly Kelly,2499,FAILED,TIMEOUT,3,0.39,30,False,STOP
CASE_03346,CUST_03346,Scott Brewer,2499,FAILED,TIMEOUT,0,0.42,30,False,ESCALATE_HUMAN
CASE_03347,CUST_03347,Matthew Hughes,4999,FAILED,BANK_ERROR,0,0.59,15,False,RETRY_PAYMENT
CASE_03348,CUST_03348,Daniel Page,25000,FAILED,TIMEOUT,2,0.32,0,False,SEND_PAYMENT_LINK
CASE_03349,CUST_03349,Crystal Salinas,2499,ABANDONED,NONE,1,0.52,0,True,SEND_PAYMENT_LINK
CASE_03350,CUST_03350,James Ruiz,25000,FAILED,NETWORK_ERROR,1,0.66,30,False,ESCALATE_HUMAN
CASE_03351,CUST_03351,Jerry Brown,75000,FAILED,NETWORK_ERROR,0,0.45,10,False,ESCALATE_HUMAN
CASE_03352,CUST_03352,Mary Martinez,15000,FAILED,INSUFFICIENT_FUNDS,2,0.4,0,False,SEND_PAYMENT_LINK
CASE_03353,CUST_03353,Jose Reed,1499,FAILED,INSUFFICIENT_FUNDS,0,0.54,10,False,SEND_PAYMENT_LINK
CASE_03354,CUST_03354,Charlene Martin,999,FAILED,CARD_DECLINED,2,0.46,10,False,SEND_PAYMENT_LINK
CASE_03355,CUST_03355,Rachel Chen,499,FAILED,CARD_DECLINED,3,0.67,5,False,STOP
CASE_03356,CUST_03356,Tina Gomez,50000,FAILED,NETWORK_ERROR,3,0.49,0,False,STOP
CASE_03357,CUST_03357,Brandon English,499,ABANDONED,NONE,0,0.85,0,True,SEND_PAYMENT_LINK
CASE_03358,CUST_03358,Chase Schultz,4999,FAILED,NETWORK_ERROR,1,0.73,0,False,SEND_PAYMENT_LINK
CASE_03359,CUST_03359,Jennifer Church,75000,ABANDONED,NONE,0,0.31,0,True,ESCALATE_HUMAN
CASE_03360,CUST_03360,Jennifer Brown,1499,FAILED,TIMEOUT,1,0.66,20,False,SEND_PAYMENT_LINK
CASE_03361,CUST_03361,Ronald Petty,50000,ABANDONED,NONE,3,0.63,30,True,STOP
CASE_03362,CUST_03362,Destiny Stephens,9999,FAILED,CARD_DECLINED,3,0.37,0,False,STOP
CASE_03363,CUST_03363,Sergio Harris,9999,ABANDONED,NONE,3,0.39,0,True,STOP
CASE_03364,CUST_03364,Jody Davis,1499,ABANDONED,NONE,3,0.74,0,True,STOP
CASE_03365,CUST_03365,Mark Nelson,15000,FAILED,CARD_DECLINED,3,0.72,20,False,STOP
CASE_03366,CUST_03366,Michael Benton,7999,FAILED,BANK_ERROR,2,0.36,0,False,SEND_PAYMENT_LINK
CASE_03367,CUST_03367,Jessica Lawrence,75000,ABANDONED,NONE,2,0.45,0,True,ESCALATE_HUMAN
CASE_03368,CUST_03368,Billy Sullivan,25000,FAILED,BANK_ERROR,1,0.3,0,False,SEND_PAYMENT_LINK
CASE_03369,CUST_03369,Deborah Espinoza,1499,FAILED,CARD_DECLINED,0,0.48,0,False,SEND_PAYMENT_LINK
CASE_03370,CUST_03370,Susan Young,7999,ABANDONED,NONE,3,0.42,10,True,STOP
CASE_03371,CUST_03371,Jay Haley,50000,ABANDONED,NONE,2,0.58,0,True,SEND_PAYMENT_LINK
CASE_03372,CUST_03372,Benjamin Mitchell,499,FAILED,NETWORK_ERROR,3,0.52,10,False,STOP
CASE_03373,CUST_03373,Alexandra Baker,25000,ABANDONED,NONE,3,0.52,30,True,STOP
CASE_03374,CUST_03374,Aaron Chase,50000,ABANDONED,NONE,2,0.91,0,True,SEND_PAYMENT_LINK
CASE_03375,CUST_03375,Kathryn Meyer,9999,FAILED,NETWORK_ERROR,2,0.54,0,False,RETRY_PAYMENT
CASE_03376,CUST_03376,Amber Reynolds,7999,FAILED,TIMEOUT,3,0.4,15,False,STOP
CASE_03377,CUST_03377,Kristina Garcia,100000,FAILED,NETWORK_ERROR,1,0.23,20,False,ESCALATE_HUMAN
CASE_03378,CUST_03378,Michael Swanson,4999,ABANDONED,NONE,1,0.97,30,True,ESCALATE_HUMAN
CASE_03379,CUST_03379,Anthony Young,999,FAILED,CARD_DECLINED,2,0.31,20,False,SEND_PAYMENT_LINK
CASE_03380,CUST_03380,Jimmy Holmes,2499,FAILED,BANK_ERROR,0,0.76,30,False,ESCALATE_HUMAN
CASE_03381,CUST_03381,Logan Wilcox,100000,FAILED,BANK_ERROR,2,0.48,0,False,ESCALATE_HUMAN
CASE_03382,CUST_03382,Pamela Avila,25000,FAILED,NETWORK_ERROR,3,0.74,20,False,STOP
CASE_03383,CUST_03383,Adam Henderson,4999,FAILED,TIMEOUT,2,0.69,45,False,ESCALATE_HUMAN
CASE_03384,CUST_03384,Kyle Steele,50000,FAILED,CARD_DECLINED,3,0.48,10,False,STOP
CASE_03385,CUST_03385,Christina Jenkins,9999,ABANDONED,NONE,1,0.44,15,True,SEND_PAYMENT_LINK
CASE_03386,CUST_03386,Julie Gutierrez,4999,FAILED,BANK_ERROR,2,0.77,0,False,RETRY_PAYMENT
CASE_03387,CUST_03387,Christopher May,4999,FAILED,NETWORK_ERROR,1,0.8,5,False,RETRY_PAYMENT
CASE_03388,CUST_03388,Heather Gutierrez,100000,FAILED,INSUFFICIENT_FUNDS,3,0.43,10,False,STOP
CASE_03389,CUST_03389,Ryan Wright,9999,FAILED,TIMEOUT,1,0.32,0,False,SEND_PAYMENT_LINK
CASE_03390,CUST_03390,Dalton Brady,50000,FAILED,CARD_DECLINED,3,0.3,30,False,STOP
CASE_03391,CUST_03391,Samuel Cherry,100000,FAILED,CARD_DECLINED,2,0.28,0,False,ESCALATE_HUMAN
CASE_03392,CUST_03392,Christian Hunt,999,FAILED,CARD_DECLINED,3,0.3,0,False,STOP
CASE_03393,CUST_03393,Sarah Brown,999,ABANDONED,NONE,0,0.58,10,True,SEND_PAYMENT_LINK
CASE_03394,CUST_03394,Michael Mccoy,25000,FAILED,BANK_ERROR,2,0.7,20,False,RETRY_PAYMENT
CASE_03395,CUST_03395,Charles Young,15000,FAILED,BANK_ERROR,0,0.4,0,False,SEND_PAYMENT_LINK
CASE_03396,CUST_03396,Stephanie Brown,4999,FAILED,CARD_DECLINED,3,0.88,20,False,STOP
CASE_03397,CUST_03397,Brittany Kelly,999,FAILED,CARD_DECLINED,1,0.65,0,False,SEND_PAYMENT_LINK
CASE_03398,CUST_03398,Amy Miranda,1499,FAILED,TIMEOUT,1,0.82,5,False,RETRY_PAYMENT
CASE_03399,CUST_03399,Phyllis Frye,100000,ABANDONED,NONE,2,0.89,15,True,ESCALATE_HUMAN
CASE_03400,CUST_03400,Cynthia Cortez,25000,ABANDONED,NONE,1,0.46,15,True,SEND_PAYMENT_LINK
CASE_03401,CUST_03401,Ryan Shelton,75000,ABANDONED,NONE,0,0.64,20,True,ESCALATE_HUMAN
CASE_03402,CUST_03402,William Ross,999,FAILED,TIMEOUT,2,0.76,45,False,ESCALATE_HUMAN
CASE_03403,CUST_03403,Nathan Espinoza,4999,FAILED,INSUFFICIENT_FUNDS,2,0.52,5,False,SEND_PAYMENT_LINK
CASE_03404,CUST_03404,David Hughes,999,FAILED,BANK_ERROR,2,0.24,5,False,SEND_PAYMENT_LINK
CASE_03405,CUST_03405,Adrienne Becker,4999,FAILED,BANK_ERROR,3,0.33,0,False,STOP
CASE_03406,CUST_03406,Bobby Peterson,499,FAILED,BANK_ERROR,2,0.57,0,False,RETRY_PAYMENT
CASE_03407,CUST_03407,Jennifer Wilcox,2499,FAILED,TIMEOUT,2,0.39,30,False,ESCALATE_HUMAN
CASE_03408,CUST_03408,Ellen Miller,100000,ABANDONED,NONE,3,0.83,45,True,STOP
CASE_03409,CUST_03409,Sean Martinez,499,FAILED,CARD_DECLINED,2,0.77,0,False,SEND_PAYMENT_LINK
CASE_03410,CUST_03410,Joshua Holmes,50000,FAILED,NETWORK_ERROR,0,0.32,0,False,SEND_PAYMENT_LINK
CASE_03411,CUST_03411,Raymond George,75000,ABANDONED,NONE,3,0.91,0,True,STOP
CASE_03412,CUST_03412,Tammy Brown,15000,FAILED,BANK_ERROR,0,0.44,15,False,SEND_PAYMENT_LINK
CASE_03413,CUST_03413,Tina Erickson,499,FAILED,BANK_ERROR,2,0.96,0,False,RETRY_PAYMENT
CASE_03414,CUST_03414,Shane Small,1499,FAILED,NETWORK_ERROR,3,0.47,30,False,STOP
CASE_03415,CUST_03415,Michael Rice,7999,FAILED,BANK_ERROR,1,0.31,0,False,SEND_PAYMENT_LINK
CASE_03416,CUST_03416,Jill Parker,50000,FAILED,TIMEOUT,1,0.21,15,False,SEND_PAYMENT_LINK
CASE_03417,CUST_03417,Tina Wilson,9999,FAILED,BANK_ERROR,1,0.9,5,False,RETRY_PAYMENT
CASE_03418,CUST_03418,Angela Fitzgerald,499,FAILED,BANK_ERROR,2,0.53,30,False,ESCALATE_HUMAN
CASE_03419,CUST_03419,David Galvan,999,FAILED,NETWORK_ERROR,3,0.49,0,False,STOP
CASE_03420,CUST_03420,Theresa Hopkins,15000,ABANDONED,NONE,1,0.82,15,True,SEND_PAYMENT_LINK
CASE_03421,CUST_03421,Heidi Myers,7999,FAILED,TIMEOUT,1,0.42,15,False,SEND_PAYMENT_LINK
CASE_03422,CUST_03422,Crystal Marsh,2499,FAILED,TIMEOUT,1,0.93,45,False,ESCALATE_HUMAN
CASE_03423,CUST_03423,Jose Mathis,4999,ABANDONED,NONE,1,0.39,5,True,SEND_PAYMENT_LINK
CASE_03424,CUST_03424,Michael Valenzuela,4999,FAILED,TIMEOUT,1,0.63,30,False,ESCALATE_HUMAN
CASE_03425,CUST_03425,Frank Walter,999,FAILED,TIMEOUT,3,0.77,0,False,STOP
CASE_03426,CUST_03426,Eric Patel,75000,FAILED,INSUFFICIENT_FUNDS,0,0.9,0,False,ESCALATE_HUMAN
CASE_03427,CUST_03427,Jennifer Todd,15000,ABANDONED,NONE,2,0.73,45,True,ESCALATE_HUMAN
CASE_03428,CUST_03428,Adam Quinn,15000,FAILED,NETWORK_ERROR,3,0.46,10,False,STOP
CASE_03429,CUST_03429,James Smith,9999,FAILED,CARD_DECLINED,1,0.94,0,False,SEND_PAYMENT_LINK
CASE_03430,CUST_03430,Laura Jimenez,9999,FAILED,CARD_DECLINED,1,0.63,30,False,ESCALATE_HUMAN
CASE_03431,CUST_03431,Crystal Long,1499,ABANDONED,NONE,1,0.47,0,True,SEND_PAYMENT_LINK
CASE_03432,CUST_03432,Samantha Mcdonald,1499,FAILED,INSUFFICIENT_FUNDS,0,0.84,15,False,SEND_PAYMENT_LINK
CASE_03433,CUST_03433,Nicole Mcdonald,9999,ABANDONED,NONE,2,0.77,45,True,ESCALATE_HUMAN
CASE_03434,CUST_03434,Robert Sheppard,100000,FAILED,BANK_ERROR,3,0.4,5,False,STOP
CASE_03435,CUST_03435,Ian Ferrell,15000,FAILED,BANK_ERROR,0,0.3,0,False,SEND_PAYMENT_LINK
CASE_03436,CUST_03436,Melissa Smith,499,FAILED,CARD_DECLINED,3,0.97,0,False,STOP
CASE_03437,CUST_03437,Katherine Nelson,2499,FAILED,CARD_DECLINED,3,0.85,0,False,STOP
CASE_03438,CUST_03438,Carol Brooks,75000,FAILED,NETWORK_ERROR,0,0.89,30,False,ESCALATE_HUMAN
CASE_03439,CUST_03439,Barbara Young,4999,FAILED,BANK_ERROR,1,0.48,10,False,SEND_PAYMENT_LINK
CASE_03440,CUST_03440,Alexander Blair,100000,FAILED,BANK_ERROR,2,0.79,0,False,ESCALATE_HUMAN
CASE_03441,CUST_03441,Eric Spencer,15000,FAILED,BANK_ERROR,1,0.31,30,False,ESCALATE_HUMAN
CASE_03442,CUST_03442,Virginia Rodriguez,9999,FAILED,BANK_ERROR,1,0.65,0,False,RETRY_PAYMENT
CASE_03443,CUST_03443,Rachel Williams,7999,FAILED,BANK_ERROR,1,0.29,0,False,SEND_PAYMENT_LINK
CASE_03444,CUST_03444,David Keith,9999,FAILED,INSUFFICIENT_FUNDS,3,0.88,5,False,STOP
CASE_03445,CUST_03445,Jonathan Salinas,2499,FAILED,CARD_DECLINED,1,0.36,10,False,SEND_PAYMENT_LINK
CASE_03446,CUST_03446,James Johnson,4999,FAILED,NETWORK_ERROR,0,0.44,45,False,ESCALATE_HUMAN
CASE_03447,CUST_03447,Roy Daniels,15000,FAILED,TIMEOUT,2,0.57,0,False,RETRY_PAYMENT
CASE_03448,CUST_03448,Jeffrey Mccoy,7999,ABANDONED,NONE,2,0.26,15,True,SEND_PAYMENT_LINK
CASE_03449,CUST_03449,Steve Cruz,2499,ABANDONED,NONE,3,0.41,0,True,STOP
CASE_03450,CUST_03450,Anthony Lawson,9999,ABANDONED,NONE,1,0.33,15,True,SEND_PAYMENT_LINK
CASE_03451,CUST_03451,Rhonda Davis,9999,FAILED,INSUFFICIENT_FUNDS,1,0.56,30,False,ESCALATE_HUMAN
CASE_03452,CUST_03452,Kenneth Allen,15000,FAILED,BANK_ERROR,1,0.93,0,False,RETRY_PAYMENT
CASE_03453,CUST_03453,Robert Harris,499,ABANDONED,NONE,0,0.91,15,True,SEND_PAYMENT_LINK
CASE_03454,CUST_03454,Mitchell Ruiz,25000,FAILED,BANK_ERROR,1,0.22,15,False,SEND_PAYMENT_LINK
CASE_03455,CUST_03455,Max Mcdonald Jr.,50000,FAILED,BANK_ERROR,2,0.29,15,False,SEND_PAYMENT_LINK
CASE_03456,CUST_03456,Nicole Klein DDS,9999,FAILED,TIMEOUT,1,0.67,15,False,SEND_PAYMENT_LINK
CASE_03457,CUST_03457,Kimberly Davila,100000,ABANDONED,NONE,1,0.55,30,True,ESCALATE_HUMAN
CASE_03458,CUST_03458,James Dickson,75000,FAILED,NETWORK_ERROR,1,0.86,10,False,ESCALATE_HUMAN
CASE_03459,CUST_03459,Katherine Summers,75000,FAILED,TIMEOUT,3,0.5,15,False,STOP
CASE_03460,CUST_03460,Hunter Norton,75000,FAILED,CARD_DECLINED,0,0.72,45,False,ESCALATE_HUMAN
CASE_03461,CUST_03461,John Brown,7999,FAILED,BANK_ERROR,1,0.78,5,False,RETRY_PAYMENT
CASE_03462,CUST_03462,David Jackson,75000,FAILED,TIMEOUT,2,0.66,5,False,ESCALATE_HUMAN
CASE_03463,CUST_03463,Keith Duffy,100000,FAILED,TIMEOUT,0,0.34,0,False,ESCALATE_HUMAN
CASE_03464,CUST_03464,William Barrett,999,FAILED,TIMEOUT,2,0.8,45,False,ESCALATE_HUMAN
CASE_03465,CUST_03465,Lauren Scott,75000,FAILED,INSUFFICIENT_FUNDS,1,0.9,45,False,ESCALATE_HUMAN
CASE_03466,CUST_03466,Ryan Anderson,9999,ABANDONED,NONE,3,0.44,0,True,STOP
CASE_03467,CUST_03467,David Trujillo,999,FAILED,CARD_DECLINED,2,0.41,45,False,ESCALATE_HUMAN
CASE_03468,CUST_03468,Mr. Victor Wright DDS,499,ABANDONED,NONE,2,0.99,0,True,SEND_PAYMENT_LINK
CASE_03469,CUST_03469,Denise Herrera,75000,FAILED,TIMEOUT,3,0.34,45,False,STOP
CASE_03470,CUST_03470,Scott Smith,15000,ABANDONED,NONE,3,0.4,15,True,STOP
CASE_03471,CUST_03471,Pamela Wilson,25000,FAILED,NETWORK_ERROR,3,0.43,20,False,STOP
CASE_03472,CUST_03472,Timothy Norris,100000,FAILED,TIMEOUT,3,0.78,5,False,STOP
CASE_03473,CUST_03473,Mitchell Mccormick,4999,FAILED,TIMEOUT,1,0.77,20,False,RETRY_PAYMENT
CASE_03474,CUST_03474,Lisa Fitzpatrick,1499,FAILED,TIMEOUT,1,0.35,10,False,SEND_PAYMENT_LINK
CASE_03475,CUST_03475,Kevin Johnson,100000,FAILED,TIMEOUT,2,0.33,10,False,ESCALATE_HUMAN
CASE_03476,CUST_03476,Eric Torres,25000,FAILED,TIMEOUT,2,0.79,45,False,ESCALATE_HUMAN
CASE_03477,CUST_03477,Tammy Allen,50000,FAILED,TIMEOUT,3,0.89,30,False,STOP
CASE_03478,CUST_03478,Ian Carter,1499,ABANDONED,NONE,2,0.66,45,True,ESCALATE_HUMAN
CASE_03479,CUST_03479,Mrs. Brittany Mccann DVM,999,FAILED,CARD_DECLINED,1,0.29,45,False,ESCALATE_HUMAN
CASE_03480,CUST_03480,Christopher Roth,499,FAILED,BANK_ERROR,3,0.54,0,False,STOP
CASE_03481,CUST_03481,Stacy Davis,100000,FAILED,TIMEOUT,0,0.2,5,False,ESCALATE_HUMAN
CASE_03482,CUST_03482,Ricky Schultz,100000,FAILED,CARD_DECLINED,2,0.35,20,False,ESCALATE_HUMAN
CASE_03483,CUST_03483,Kerry Skinner,2499,FAILED,TIMEOUT,2,0.71,15,False,SEND_PAYMENT_LINK
CASE_03484,CUST_03484,Susan Combs,4999,FAILED,CARD_DECLINED,1,0.64,0,False,SEND_PAYMENT_LINK
CASE_03485,CUST_03485,Kevin Lewis,7999,FAILED,NETWORK_ERROR,1,0.73,0,False,RETRY_PAYMENT
CASE_03486,CUST_03486,Tom Martinez,9999,ABANDONED,NONE,1,0.86,20,True,SEND_PAYMENT_LINK
CASE_03487,CUST_03487,Stephanie Knox,2499,FAILED,BANK_ERROR,1,0.91,45,False,ESCALATE_HUMAN
CASE_03488,CUST_03488,Jessica Frey DVM,50000,ABANDONED,NONE,1,0.37,30,True,ESCALATE_HUMAN
CASE_03489,CUST_03489,Henry Schultz,9999,FAILED,CARD_DECLINED,2,0.71,45,False,ESCALATE_HUMAN
CASE_03490,CUST_03490,Cody Collins,9999,FAILED,NETWORK_ERROR,3,0.28,20,False,STOP
CASE_03491,CUST_03491,David Oneill,25000,FAILED,TIMEOUT,0,0.98,5,False,RETRY_PAYMENT
CASE_03492,CUST_03492,Joseph Daniel,1499,FAILED,BANK_ERROR,1,0.77,0,False,RETRY_PAYMENT
CASE_03493,CUST_03493,Randy Hayes Jr.,999,FAILED,INSUFFICIENT_FUNDS,1,0.57,0,False,SEND_PAYMENT_LINK
CASE_03494,CUST_03494,Ashley Harper,25000,ABANDONED,NONE,2,0.77,0,True,SEND_PAYMENT_LINK
CASE_03495,CUST_03495,Nicole Herman,9999,ABANDONED,NONE,3,0.51,0,True,STOP
CASE_03496,CUST_03496,Thomas Harmon,9999,FAILED,CARD_DECLINED,1,0.21,45,False,ESCALATE_HUMAN
CASE_03497,CUST_03497,Alicia Dalton,25000,FAILED,INSUFFICIENT_FUNDS,1,0.82,0,False,SEND_PAYMENT_LINK
CASE_03498,CUST_03498,Adrian Conner,15000,ABANDONED,NONE,3,0.29,45,True,STOP
CASE_03499,CUST_03499,Donna Johnson,100000,FAILED,INSUFFICIENT_FUNDS,3,0.66,45,False,STOP
CASE_03500,CUST_03500,Michael Hamilton,75000,FAILED,CARD_DECLINED,2,0.48,30,False,ESCALATE_HUMAN
CASE_03501,CUST_03501,Deborah Williams,1499,FAILED,BANK_ERROR,3,0.5,20,False,STOP
CASE_03502,CUST_03502,Isaac Cox,25000,ABANDONED,NONE,1,0.69,15,True,SEND_PAYMENT_LINK
CASE_03503,CUST_03503,Robert Young,50000,FAILED,BANK_ERROR,2,0.56,10,False,SEND_PAYMENT_LINK
CASE_03504,CUST_03504,Kim Bender,50000,FAILED,INSUFFICIENT_FUNDS,2,0.38,10,False,SEND_PAYMENT_LINK
CASE_03505,CUST_03505,Chelsea Miller,75000,FAILED,NETWORK_ERROR,2,0.91,0,False,ESCALATE_HUMAN
CASE_03506,CUST_03506,Kelsey Hernandez,15000,FAILED,NETWORK_ERROR,1,0.81,20,False,RETRY_PAYMENT
CASE_03507,CUST_03507,Andrea Taylor,9999,FAILED,TIMEOUT,3,0.66,20,False,STOP
CASE_03508,CUST_03508,Tammy Hawkins,15000,FAILED,CARD_DECLINED,0,0.64,30,False,ESCALATE_HUMAN
CASE_03509,CUST_03509,Stephanie Page,4999,ABANDONED,NONE,2,0.65,10,True,SEND_PAYMENT_LINK
CASE_03510,CUST_03510,Debra Navarro,9999,FAILED,TIMEOUT,1,0.84,45,False,ESCALATE_HUMAN
CASE_03511,CUST_03511,Kevin Patrick,4999,FAILED,NETWORK_ERROR,3,0.39,30,False,STOP
CASE_03512,CUST_03512,Amanda Gardner,25000,FAILED,BANK_ERROR,3,0.79,45,False,STOP
CASE_03513,CUST_03513,Kristin Kerr,25000,FAILED,NETWORK_ERROR,2,0.82,45,False,ESCALATE_HUMAN
CASE_03514,CUST_03514,Michelle Juarez,499,FAILED,INSUFFICIENT_FUNDS,2,0.21,0,False,SEND_PAYMENT_LINK
CASE_03515,CUST_03515,Laurie Bright,75000,ABANDONED,NONE,0,0.46,0,True,ESCALATE_HUMAN
CASE_03516,CUST_03516,Jennifer Huff,999,FAILED,BANK_ERROR,3,0.31,30,False,STOP
CASE_03517,CUST_03517,Michael Mckay,499,ABANDONED,NONE,3,0.43,0,True,STOP
CASE_03518,CUST_03518,Sarah Woods,499,FAILED,INSUFFICIENT_FUNDS,2,0.49,0,False,SEND_PAYMENT_LINK
CASE_03519,CUST_03519,Hannah Chavez,2499,FAILED,CARD_DECLINED,1,0.9,0,False,SEND_PAYMENT_LINK
CASE_03520,CUST_03520,Christine Bowen,7999,ABANDONED,NONE,2,0.73,45,True,ESCALATE_HUMAN
CASE_03521,CUST_03521,Shawn Knox,25000,FAILED,CARD_DECLINED,3,0.41,0,False,STOP
CASE_03522,CUST_03522,Justin Day,25000,FAILED,NETWORK_ERROR,1,0.21,30,False,ESCALATE_HUMAN
CASE_03523,CUST_03523,Zachary Lopez,7999,FAILED,TIMEOUT,0,0.37,15,False,SEND_PAYMENT_LINK
CASE_03524,CUST_03524,William Smith,100000,ABANDONED,NONE,3,0.28,15,True,STOP
CASE_03525,CUST_03525,Donald Hernandez,75000,FAILED,TIMEOUT,2,0.51,0,False,ESCALATE_HUMAN
CASE_03526,CUST_03526,Thomas Ford,25000,FAILED,CARD_DECLINED,1,0.86,45,False,ESCALATE_HUMAN
CASE_03527,CUST_03527,Julia Hill,75000,FAILED,NETWORK_ERROR,3,0.66,45,False,STOP
CASE_03528,CUST_03528,Madison Harper,15000,FAILED,TIMEOUT,3,0.33,0,False,STOP
CASE_03529,CUST_03529,Anna Lowery,499,FAILED,BANK_ERROR,3,0.5,0,False,STOP
CASE_03530,CUST_03530,Karl Lozano,499,FAILED,INSUFFICIENT_FUNDS,2,0.44,10,False,SEND_PAYMENT_LINK
CASE_03531,CUST_03531,Patricia Taylor,1499,FAILED,NETWORK_ERROR,3,0.42,15,False,STOP
CASE_03532,CUST_03532,Philip Flores,9999,ABANDONED,NONE,2,0.33,0,True,SEND_PAYMENT_LINK
CASE_03533,CUST_03533,William Nelson,9999,FAILED,BANK_ERROR,0,0.46,15,False,SEND_PAYMENT_LINK
CASE_03534,CUST_03534,Brittany Carney,50000,ABANDONED,NONE,3,0.31,20,True,STOP
CASE_03535,CUST_03535,Maria Ramirez,1499,FAILED,BANK_ERROR,0,0.69,15,False,RETRY_PAYMENT
CASE_03536,CUST_03536,Wendy Juarez,75000,FAILED,NETWORK_ERROR,0,0.41,10,False,ESCALATE_HUMAN
CASE_03537,CUST_03537,Victoria Gonzales,15000,ABANDONED,NONE,2,0.63,15,True,SEND_PAYMENT_LINK
CASE_03538,CUST_03538,Karen Stewart,7999,FAILED,CARD_DECLINED,3,0.46,0,False,STOP
CASE_03539,CUST_03539,Mark Campbell,2499,FAILED,INSUFFICIENT_FUNDS,0,0.59,0,False,SEND_PAYMENT_LINK
CASE_03540,CUST_03540,David Hernandez,1499,FAILED,INSUFFICIENT_FUNDS,2,0.37,0,False,SEND_PAYMENT_LINK
CASE_03541,CUST_03541,Alison Evans,100000,FAILED,TIMEOUT,1,0.52,0,False,ESCALATE_HUMAN
CASE_03542,CUST_03542,Anthony Marshall,999,FAILED,NETWORK_ERROR,1,0.94,0,False,RETRY_PAYMENT
CASE_03543,CUST_03543,Angela Rojas,75000,ABANDONED,NONE,3,0.33,10,True,STOP
CASE_03544,CUST_03544,Andrew Caldwell,25000,FAILED,CARD_DECLINED,2,0.64,15,False,SEND_PAYMENT_LINK
CASE_03545,CUST_03545,Andrew Washington,25000,FAILED,BANK_ERROR,1,0.67,10,False,RETRY_PAYMENT
CASE_03546,CUST_03546,Thomas Smith,7999,FAILED,INSUFFICIENT_FUNDS,0,0.52,45,False,ESCALATE_HUMAN
CASE_03547,CUST_03547,David Peters,7999,ABANDONED,NONE,2,0.69,30,True,ESCALATE_HUMAN
CASE_03548,CUST_03548,Tamara Herrera,999,FAILED,INSUFFICIENT_FUNDS,0,0.62,0,False,SEND_PAYMENT_LINK
CASE_03549,CUST_03549,Joshua Moore,7999,FAILED,CARD_DECLINED,0,0.41,30,False,ESCALATE_HUMAN
CASE_03550,CUST_03550,Ryan Warner,4999,FAILED,NETWORK_ERROR,1,0.81,5,False,RETRY_PAYMENT
CASE_03551,CUST_03551,Kelly Peterson,7999,FAILED,INSUFFICIENT_FUNDS,3,0.9,10,False,STOP
CASE_03552,CUST_03552,Jennifer Morris DDS,999,ABANDONED,NONE,0,0.49,10,True,SEND_PAYMENT_LINK
CASE_03553,CUST_03553,Jaclyn Castro,100000,ABANDONED,NONE,1,0.41,5,True,ESCALATE_HUMAN
CASE_03554,CUST_03554,Patrick Shields,499,FAILED,BANK_ERROR,3,0.61,0,False,STOP
CASE_03555,CUST_03555,Kimberly Carr,2499,FAILED,TIMEOUT,1,0.54,0,False,SEND_PAYMENT_LINK
CASE_03556,CUST_03556,Jacob Hernandez,2499,FAILED,NETWORK_ERROR,0,0.61,45,False,ESCALATE_HUMAN
CASE_03557,CUST_03557,Kristina Ortega,25000,FAILED,CARD_DECLINED,0,0.48,0,False,SEND_PAYMENT_LINK
CASE_03558,CUST_03558,Kenneth Davenport,15000,ABANDONED,NONE,1,0.21,45,True,ESCALATE_HUMAN
CASE_03559,CUST_03559,Charles Duran,9999,FAILED,INSUFFICIENT_FUNDS,0,0.45,0,False,SEND_PAYMENT_LINK
CASE_03560,CUST_03560,Madison Roberts,15000,FAILED,NETWORK_ERROR,2,0.87,5,False,RETRY_PAYMENT
CASE_03561,CUST_03561,Andre Spencer,7999,FAILED,NETWORK_ERROR,0,0.28,0,False,SEND_PAYMENT_LINK
CASE_03562,CUST_03562,Dorothy White DVM,7999,ABANDONED,NONE,3,0.35,10,True,STOP
CASE_03563,CUST_03563,Eric Harris,9999,ABANDONED,NONE,0,0.79,30,True,ESCALATE_HUMAN
CASE_03564,CUST_03564,Brittany Chang,100000,ABANDONED,NONE,1,0.67,20,True,ESCALATE_HUMAN
CASE_03565,CUST_03565,David Medina,50000,FAILED,INSUFFICIENT_FUNDS,1,0.37,20,False,ESCALATE_HUMAN
CASE_03566,CUST_03566,Thomas Fox,50000,FAILED,NETWORK_ERROR,3,0.41,15,False,STOP
CASE_03567,CUST_03567,Regina Morris,499,FAILED,TIMEOUT,0,0.24,45,False,ESCALATE_HUMAN
CASE_03568,CUST_03568,John Dunlap,7999,ABANDONED,NONE,1,0.66,45,True,ESCALATE_HUMAN
CASE_03569,CUST_03569,Rachel Rocha,2499,FAILED,BANK_ERROR,0,0.76,45,False,ESCALATE_HUMAN
CASE_03570,CUST_03570,Thomas Garza,50000,ABANDONED,NONE,2,0.92,0,True,SEND_PAYMENT_LINK
CASE_03571,CUST_03571,Rodney Brewer,75000,FAILED,NETWORK_ERROR,2,0.79,45,False,ESCALATE_HUMAN
CASE_03572,CUST_03572,Ricardo Wood,25000,FAILED,CARD_DECLINED,3,0.67,30,False,STOP
CASE_03573,CUST_03573,Stacy Payne,1499,FAILED,NETWORK_ERROR,2,0.71,15,False,SEND_PAYMENT_LINK
CASE_03574,CUST_03574,Daniel Navarro,1499,FAILED,CARD_DECLINED,0,0.34,0,False,SEND_PAYMENT_LINK
CASE_03575,CUST_03575,Jason Powell,15000,ABANDONED,NONE,0,0.86,10,True,SEND_PAYMENT_LINK
CASE_03576,CUST_03576,Shaun Reyes,25000,FAILED,CARD_DECLINED,3,0.92,30,False,STOP
CASE_03577,CUST_03577,Lacey Parker,499,FAILED,CARD_DECLINED,2,0.93,10,False,SEND_PAYMENT_LINK
CASE_03578,CUST_03578,William Rivera,7999,FAILED,INSUFFICIENT_FUNDS,1,0.54,0,False,SEND_PAYMENT_LINK
CASE_03579,CUST_03579,Michelle Rice,25000,ABANDONED,NONE,0,0.27,5,True,SEND_PAYMENT_LINK
CASE_03580,CUST_03580,Kathryn Ramos,75000,FAILED,BANK_ERROR,2,0.8,45,False,ESCALATE_HUMAN
CASE_03581,CUST_03581,Terry Powell II,999,FAILED,CARD_DECLINED,1,0.69,30,False,ESCALATE_HUMAN
CASE_03582,CUST_03582,Donald Hinton,25000,FAILED,INSUFFICIENT_FUNDS,2,0.66,0,False,SEND_PAYMENT_LINK
CASE_03583,CUST_03583,Julia Miller,100000,FAILED,TIMEOUT,3,0.57,0,False,STOP
CASE_03584,CUST_03584,Wyatt Williams,7999,FAILED,BANK_ERROR,3,0.94,5,False,STOP
CASE_03585,CUST_03585,Michelle Flores,2499,FAILED,TIMEOUT,2,0.8,45,False,ESCALATE_HUMAN
CASE_03586,CUST_03586,Felicia Cohen,499,ABANDONED,NONE,0,0.82,15,True,SEND_PAYMENT_LINK
CASE_03587,CUST_03587,Jasmine Anderson,2499,FAILED,NETWORK_ERROR,0,0.8,0,False,RETRY_PAYMENT
CASE_03588,CUST_03588,Angela Newman,999,FAILED,CARD_DECLINED,0,0.21,45,False,ESCALATE_HUMAN
CASE_03589,CUST_03589,Chris Kennedy,1499,ABANDONED,NONE,2,0.31,15,True,SEND_PAYMENT_LINK
CASE_03590,CUST_03590,Patricia Vasquez,7999,FAILED,BANK_ERROR,3,0.23,0,False,STOP
CASE_03591,CUST_03591,Savannah Ross,100000,FAILED,CARD_DECLINED,0,0.88,0,False,ESCALATE_HUMAN
CASE_03592,CUST_03592,Kevin Moore,499,FAILED,INSUFFICIENT_FUNDS,0,0.9,10,False,SEND_PAYMENT_LINK
CASE_03593,CUST_03593,Laura Gonzalez,2499,ABANDONED,NONE,1,0.52,15,True,SEND_PAYMENT_LINK
CASE_03594,CUST_03594,Alice Barnett,100000,ABANDONED,NONE,1,0.5,20,True,ESCALATE_HUMAN
CASE_03595,CUST_03595,Michelle Phillips,1499,ABANDONED,NONE,0,0.37,15,True,SEND_PAYMENT_LINK
CASE_03596,CUST_03596,Christopher Bowman,25000,ABANDONED,NONE,1,0.37,5,True,SEND_PAYMENT_LINK
CASE_03597,CUST_03597,Crystal Brown,50000,FAILED,TIMEOUT,2,0.64,20,False,RETRY_PAYMENT
CASE_03598,CUST_03598,Robert Conner,75000,FAILED,NETWORK_ERROR,1,0.27,15,False,ESCALATE_HUMAN
CASE_03599,CUST_03599,Brittany Rodriguez,9999,ABANDONED,NONE,1,0.67,0,True,SEND_PAYMENT_LINK
CASE_03600,CUST_03600,Timothy Myers,7999,FAILED,TIMEOUT,0,0.5,5,False,RETRY_PAYMENT
CASE_03601,CUST_03601,Andrea Nichols,75000,FAILED,BANK_ERROR,1,0.58,0,False,ESCALATE_HUMAN
CASE_03602,CUST_03602,Kristin Salinas,15000,FAILED,BANK_ERROR,3,1.0,20,False,STOP
CASE_03603,CUST_03603,Paul Barnett,9999,FAILED,INSUFFICIENT_FUNDS,1,0.44,45,False,ESCALATE_HUMAN
CASE_03604,CUST_03604,Kristina Garrett,999,ABANDONED,NONE,2,0.41,20,True,SEND_PAYMENT_LINK
CASE_03605,CUST_03605,Debra Williams,999,FAILED,TIMEOUT,3,0.97,15,False,STOP
CASE_03606,CUST_03606,Aimee Snyder,75000,FAILED,INSUFFICIENT_FUNDS,2,0.53,10,False,ESCALATE_HUMAN
CASE_03607,CUST_03607,Nicole Friedman,499,FAILED,TIMEOUT,0,0.35,45,False,ESCALATE_HUMAN
CASE_03608,CUST_03608,Harry Sullivan,25000,FAILED,BANK_ERROR,3,0.98,0,False,STOP
CASE_03609,CUST_03609,Michelle Nixon,4999,FAILED,NETWORK_ERROR,3,0.37,0,False,STOP
CASE_03610,CUST_03610,Amy Singleton,25000,FAILED,INSUFFICIENT_FUNDS,2,0.74,30,False,ESCALATE_HUMAN
CASE_03611,CUST_03611,Eric Pollard,999,FAILED,CARD_DECLINED,2,0.84,0,False,SEND_PAYMENT_LINK
CASE_03612,CUST_03612,Patricia Sosa,50000,ABANDONED,NONE,0,0.53,20,True,SEND_PAYMENT_LINK
CASE_03613,CUST_03613,Brad Ayala,4999,FAILED,CARD_DECLINED,1,0.34,45,False,ESCALATE_HUMAN
CASE_03614,CUST_03614,Alexandra Rogers,4999,ABANDONED,NONE,2,0.9,15,True,SEND_PAYMENT_LINK
CASE_03615,CUST_03615,Daniel Smith,999,FAILED,INSUFFICIENT_FUNDS,3,0.31,30,False,STOP
CASE_03616,CUST_03616,Ralph Hendrix,999,ABANDONED,NONE,2,0.91,0,True,SEND_PAYMENT_LINK
CASE_03617,CUST_03617,Brian Moreno,75000,ABANDONED,NONE,0,0.83,20,True,ESCALATE_HUMAN
CASE_03618,CUST_03618,Nicholas Bird,4999,FAILED,BANK_ERROR,2,0.96,45,False,ESCALATE_HUMAN
CASE_03619,CUST_03619,Bryan Clark,25000,FAILED,CARD_DECLINED,3,0.36,30,False,STOP
CASE_03620,CUST_03620,Christopher Goodman,15000,FAILED,CARD_DECLINED,1,0.79,5,False,SEND_PAYMENT_LINK
CASE_03621,CUST_03621,Joshua Moody,9999,FAILED,NETWORK_ERROR,3,0.21,10,False,STOP
CASE_03622,CUST_03622,Billy Jackson MD,999,FAILED,TIMEOUT,0,0.7,0,False,SEND_PAYMENT_LINK
CASE_03623,CUST_03623,Connie Thornton,7999,FAILED,CARD_DECLINED,3,0.98,0,False,STOP
CASE_03624,CUST_03624,Jason Johnston,25000,FAILED,NETWORK_ERROR,1,0.48,0,False,SEND_PAYMENT_LINK
CASE_03625,CUST_03625,Brenda Thomas,499,FAILED,TIMEOUT,1,0.89,5,False,RETRY_PAYMENT
CASE_03626,CUST_03626,Ruben Aguilar,999,FAILED,INSUFFICIENT_FUNDS,3,0.57,0,False,STOP
CASE_03627,CUST_03627,Nicholas Andrews,4999,FAILED,TIMEOUT,0,0.25,30,False,ESCALATE_HUMAN
CASE_03628,CUST_03628,Teresa Hurley,100000,FAILED,TIMEOUT,1,0.33,15,False,ESCALATE_HUMAN
CASE_03629,CUST_03629,Teresa Williams,2499,FAILED,TIMEOUT,3,0.77,10,False,STOP
CASE_03630,CUST_03630,Carolyn Levine,999,FAILED,BANK_ERROR,2,0.64,30,False,ESCALATE_HUMAN
CASE_03631,CUST_03631,Mrs. Jennifer Valdez,499,ABANDONED,NONE,1,0.8,10,True,SEND_PAYMENT_LINK
CASE_03632,CUST_03632,Jeffrey Tucker,50000,ABANDONED,NONE,1,0.35,15,True,SEND_PAYMENT_LINK
CASE_03633,CUST_03633,John Perez,999,ABANDONED,NONE,2,0.83,0,True,SEND_PAYMENT_LINK
CASE_03634,CUST_03634,Kenneth Martin,4999,FAILED,INSUFFICIENT_FUNDS,1,0.34,0,False,SEND_PAYMENT_LINK
CASE_03635,CUST_03635,Gary Clayton,999,FAILED,TIMEOUT,1,0.44,45,False,ESCALATE_HUMAN
CASE_03636,CUST_03636,Kelly Jones,9999,FAILED,NETWORK_ERROR,1,0.24,0,False,SEND_PAYMENT_LINK
CASE_03637,CUST_03637,Sara Smith,1499,ABANDONED,NONE,3,0.76,0,True,STOP
CASE_03638,CUST_03638,Melissa Smith,499,FAILED,TIMEOUT,0,0.68,5,False,RETRY_PAYMENT
CASE_03639,CUST_03639,Caitlin Jackson,9999,FAILED,TIMEOUT,2,0.36,45,False,ESCALATE_HUMAN
CASE_03640,CUST_03640,Kathleen Williamson,50000,FAILED,TIMEOUT,2,0.57,15,False,RETRY_PAYMENT
CASE_03641,CUST_03641,Theresa Foster,999,ABANDONED,NONE,1,0.31,0,True,SEND_PAYMENT_LINK
CASE_03642,CUST_03642,Deborah Burton,499,ABANDONED,NONE,1,0.69,0,True,SEND_PAYMENT_LINK
CASE_03643,CUST_03643,Mark Graves,2499,FAILED,NETWORK_ERROR,1,0.33,0,False,SEND_PAYMENT_LINK
CASE_03644,CUST_03644,Rodney Adams,2499,ABANDONED,NONE,0,0.79,30,True,ESCALATE_HUMAN
CASE_03645,CUST_03645,Erika Aguilar,999,ABANDONED,NONE,3,0.31,0,True,STOP
CASE_03646,CUST_03646,Brian Lloyd,499,FAILED,INSUFFICIENT_FUNDS,2,0.79,0,False,SEND_PAYMENT_LINK
CASE_03647,CUST_03647,Nicholas Anderson,15000,FAILED,CARD_DECLINED,1,0.64,0,False,SEND_PAYMENT_LINK
CASE_03648,CUST_03648,April Preston,15000,FAILED,NETWORK_ERROR,2,0.45,20,False,SEND_PAYMENT_LINK
CASE_03649,CUST_03649,Jonathan Henderson,499,FAILED,BANK_ERROR,2,0.43,0,False,SEND_PAYMENT_LINK
CASE_03650,CUST_03650,Brandon Turner,1499,FAILED,BANK_ERROR,0,0.72,0,False,RETRY_PAYMENT
CASE_03651,CUST_03651,Dr. Tyler Jackson MD,1499,FAILED,CARD_DECLINED,2,0.8,0,False,SEND_PAYMENT_LINK
CASE_03652,CUST_03652,Margaret Mendez,100000,FAILED,CARD_DECLINED,2,0.44,30,False,ESCALATE_HUMAN
CASE_03653,CUST_03653,Hannah Mack,15000,FAILED,NETWORK_ERROR,0,0.37,0,False,SEND_PAYMENT_LINK
CASE_03654,CUST_03654,Sarah Garner,9999,FAILED,INSUFFICIENT_FUNDS,0,0.38,0,False,SEND_PAYMENT_LINK
CASE_03655,CUST_03655,Elizabeth Griffin,15000,ABANDONED,NONE,0,0.72,10,True,SEND_PAYMENT_LINK
CASE_03656,CUST_03656,Taylor Rice,100000,FAILED,BANK_ERROR,2,0.96,15,False,ESCALATE_HUMAN
CASE_03657,CUST_03657,Johnathan Gilbert,50000,FAILED,TIMEOUT,3,0.23,0,False,STOP
CASE_03658,CUST_03658,Jennifer Hill,999,FAILED,INSUFFICIENT_FUNDS,0,0.34,20,False,SEND_PAYMENT_LINK
CASE_03659,CUST_03659,Alexander Vazquez,25000,ABANDONED,NONE,2,0.79,45,True,ESCALATE_HUMAN
CASE_03660,CUST_03660,Erika Bailey,9999,FAILED,NETWORK_ERROR,3,0.83,45,False,STOP
CASE_03661,CUST_03661,Daniel Powell,75000,ABANDONED,NONE,1,0.37,20,True,ESCALATE_HUMAN
CASE_03662,CUST_03662,Amy Nelson,499,FAILED,CARD_DECLINED,2,0.45,10,False,SEND_PAYMENT_LINK
CASE_03663,CUST_03663,Michael Neal,499,FAILED,NETWORK_ERROR,0,0.98,0,False,RETRY_PAYMENT
CASE_03664,CUST_03664,Brooke Berry,50000,FAILED,NETWORK_ERROR,2,0.7,0,False,RETRY_PAYMENT
CASE_03665,CUST_03665,Meagan Wallace,4999,FAILED,TIMEOUT,3,0.66,45,False,STOP
CASE_03666,CUST_03666,Kimberly Buchanan,2499,ABANDONED,NONE,1,0.87,15,True,SEND_PAYMENT_LINK
CASE_03667,CUST_03667,Jennifer French,2499,FAILED,CARD_DECLINED,2,0.61,10,False,SEND_PAYMENT_LINK
CASE_03668,CUST_03668,Troy Roth,15000,FAILED,CARD_DECLINED,1,0.29,45,False,ESCALATE_HUMAN
CASE_03669,CUST_03669,Tracy Garcia,9999,FAILED,INSUFFICIENT_FUNDS,3,0.35,0,False,STOP
CASE_03670,CUST_03670,Jeremiah Smith,1499,FAILED,BANK_ERROR,1,0.79,30,False,ESCALATE_HUMAN
CASE_03671,CUST_03671,Cody Miller,75000,FAILED,TIMEOUT,2,0.92,0,False,ESCALATE_HUMAN
CASE_03672,CUST_03672,John Gordon,2499,FAILED,TIMEOUT,0,0.22,45,False,ESCALATE_HUMAN
CASE_03673,CUST_03673,Katie Lewis,25000,ABANDONED,NONE,1,0.83,20,True,SEND_PAYMENT_LINK
CASE_03674,CUST_03674,Deanna Salas,15000,FAILED,CARD_DECLINED,0,0.69,0,False,SEND_PAYMENT_LINK
CASE_03675,CUST_03675,Lori Ward DVM,25000,FAILED,TIMEOUT,2,0.3,0,False,SEND_PAYMENT_LINK
CASE_03676,CUST_03676,Jane Franklin,499,FAILED,NETWORK_ERROR,1,0.86,0,False,RETRY_PAYMENT
CASE_03677,CUST_03677,Todd Sharp,75000,ABANDONED,NONE,1,0.95,45,True,ESCALATE_HUMAN
CASE_03678,CUST_03678,Tammy Dennis,50000,ABANDONED,NONE,0,0.51,45,True,ESCALATE_HUMAN
CASE_03679,CUST_03679,Paul Miles,100000,FAILED,INSUFFICIENT_FUNDS,0,0.95,45,False,ESCALATE_HUMAN
CASE_03680,CUST_03680,Aaron Smith,9999,ABANDONED,NONE,2,0.51,0,True,SEND_PAYMENT_LINK
CASE_03681,CUST_03681,Arthur Ferrell,499,FAILED,CARD_DECLINED,2,0.75,5,False,SEND_PAYMENT_LINK
CASE_03682,CUST_03682,Joyce Freeman,9999,FAILED,TIMEOUT,1,0.96,0,False,RETRY_PAYMENT
CASE_03683,CUST_03683,Albert Schneider,999,FAILED,INSUFFICIENT_FUNDS,0,0.73,45,False,ESCALATE_HUMAN
CASE_03684,CUST_03684,Mary Chen,75000,FAILED,INSUFFICIENT_FUNDS,2,0.6,10,False,ESCALATE_HUMAN
CASE_03685,CUST_03685,Yolanda Sanchez,1499,FAILED,BANK_ERROR,2,0.84,0,False,RETRY_PAYMENT
CASE_03686,CUST_03686,Scott Miranda,999,FAILED,BANK_ERROR,2,0.81,10,False,RETRY_PAYMENT
CASE_03687,CUST_03687,Raven Davis,9999,ABANDONED,NONE,0,0.56,20,True,SEND_PAYMENT_LINK
CASE_03688,CUST_03688,Jose Fisher,50000,FAILED,INSUFFICIENT_FUNDS,2,0.89,20,False,SEND_PAYMENT_LINK
CASE_03689,CUST_03689,Cameron Maynard,100000,FAILED,TIMEOUT,0,0.64,10,False,ESCALATE_HUMAN
CASE_03690,CUST_03690,William Schneider,75000,FAILED,BANK_ERROR,0,0.75,0,False,ESCALATE_HUMAN
CASE_03691,CUST_03691,Samantha Sharp,1499,FAILED,CARD_DECLINED,3,0.68,10,False,STOP
CASE_03692,CUST_03692,Michael Dixon,499,FAILED,NETWORK_ERROR,1,0.23,15,False,SEND_PAYMENT_LINK
CASE_03693,CUST_03693,Heidi Hughes,25000,FAILED,NETWORK_ERROR,2,0.75,0,False,RETRY_PAYMENT
CASE_03694,CUST_03694,Susan Browning,15000,FAILED,INSUFFICIENT_FUNDS,1,0.53,0,False,SEND_PAYMENT_LINK
CASE_03695,CUST_03695,Juan Montes,2499,FAILED,NETWORK_ERROR,0,0.21,0,False,SEND_PAYMENT_LINK
CASE_03696,CUST_03696,Christy Martin,1499,FAILED,CARD_DECLINED,1,0.64,15,False,SEND_PAYMENT_LINK
CASE_03697,CUST_03697,Gary Johnson,999,FAILED,NETWORK_ERROR,0,0.7,15,False,RETRY_PAYMENT
CASE_03698,CUST_03698,Denise Ortiz,499,FAILED,NETWORK_ERROR,0,0.91,0,False,RETRY_PAYMENT
CASE_03699,CUST_03699,Patrick Roberts,15000,FAILED,BANK_ERROR,0,0.41,20,False,SEND_PAYMENT_LINK
CASE_03700,CUST_03700,Marilyn Adams,499,FAILED,TIMEOUT,1,0.65,45,False,ESCALATE_HUMAN
CASE_03701,CUST_03701,Christopher Coleman,1499,ABANDONED,NONE,0,0.22,0,True,SEND_PAYMENT_LINK
CASE_03702,CUST_03702,Elizabeth Wilson,2499,FAILED,CARD_DECLINED,3,0.25,0,False,STOP
CASE_03703,CUST_03703,Jesse Haynes,1499,FAILED,INSUFFICIENT_FUNDS,2,0.21,20,False,SEND_PAYMENT_LINK
CASE_03704,CUST_03704,Jack Bryant,9999,FAILED,BANK_ERROR,2,0.45,0,False,SEND_PAYMENT_LINK
CASE_03705,CUST_03705,Glen Carroll,4999,FAILED,BANK_ERROR,3,0.54,5,False,STOP
CASE_03706,CUST_03706,Cheryl May,75000,FAILED,NETWORK_ERROR,0,0.29,0,False,ESCALATE_HUMAN
CASE_03707,CUST_03707,April Jackson,7999,FAILED,TIMEOUT,2,0.6,5,False,SEND_PAYMENT_LINK
CASE_03708,CUST_03708,Mr. Rodney Strong,4999,ABANDONED,NONE,1,0.41,15,True,SEND_PAYMENT_LINK
CASE_03709,CUST_03709,Thomas Flores,25000,ABANDONED,NONE,0,0.59,20,True,SEND_PAYMENT_LINK
CASE_03710,CUST_03710,Gabriel Anderson,25000,FAILED,BANK_ERROR,2,0.81,0,False,RETRY_PAYMENT
CASE_03711,CUST_03711,Crystal Coleman,15000,FAILED,NETWORK_ERROR,3,0.99,45,False,STOP
CASE_03712,CUST_03712,Michael Horn,9999,ABANDONED,NONE,3,0.95,20,True,STOP
CASE_03713,CUST_03713,Gilbert Phillips,1499,FAILED,INSUFFICIENT_FUNDS,0,0.97,30,False,ESCALATE_HUMAN
CASE_03714,CUST_03714,Jill Rocha,9999,ABANDONED,NONE,2,0.83,10,True,SEND_PAYMENT_LINK
CASE_03715,CUST_03715,Kristopher Mason,15000,ABANDONED,NONE,0,0.73,0,True,SEND_PAYMENT_LINK
CASE_03716,CUST_03716,Jim Martin,75000,FAILED,INSUFFICIENT_FUNDS,0,0.23,0,False,ESCALATE_HUMAN
CASE_03717,CUST_03717,Kari Davis,25000,FAILED,CARD_DECLINED,3,0.99,0,False,STOP
CASE_03718,CUST_03718,Ronald Alvarez,1499,FAILED,INSUFFICIENT_FUNDS,2,0.85,10,False,SEND_PAYMENT_LINK
CASE_03719,CUST_03719,Peter Anderson,499,FAILED,NETWORK_ERROR,3,0.64,0,False,STOP
CASE_03720,CUST_03720,Thomas Haynes,1499,FAILED,INSUFFICIENT_FUNDS,3,0.87,15,False,STOP
CASE_03721,CUST_03721,Courtney Lyons,1499,FAILED,INSUFFICIENT_FUNDS,1,0.21,20,False,SEND_PAYMENT_LINK
CASE_03722,CUST_03722,Harold Nelson,75000,FAILED,INSUFFICIENT_FUNDS,0,0.81,0,False,ESCALATE_HUMAN
CASE_03723,CUST_03723,Amy Powell,75000,ABANDONED,NONE,1,0.64,0,True,ESCALATE_HUMAN
CASE_03724,CUST_03724,Joseph Mcfarland,25000,FAILED,NETWORK_ERROR,1,0.2,20,False,SEND_PAYMENT_LINK
CASE_03725,CUST_03725,Jason Calhoun,2499,FAILED,BANK_ERROR,2,0.74,10,False,RETRY_PAYMENT
CASE_03726,CUST_03726,Michael Combs Jr.,25000,FAILED,TIMEOUT,2,0.67,20,False,RETRY_PAYMENT
CASE_03727,CUST_03727,Brenda Hudson,9999,ABANDONED,NONE,2,0.89,0,True,SEND_PAYMENT_LINK
CASE_03728,CUST_03728,Tracy Mills,7999,FAILED,TIMEOUT,0,0.35,0,False,SEND_PAYMENT_LINK
CASE_03729,CUST_03729,Vickie Thompson,7999,FAILED,BANK_ERROR,2,0.27,0,False,SEND_PAYMENT_LINK
CASE_03730,CUST_03730,Leslie Castillo,2499,FAILED,TIMEOUT,3,0.24,45,False,STOP
CASE_03731,CUST_03731,Sherri Wolfe,9999,FAILED,BANK_ERROR,3,0.31,45,False,STOP
CASE_03732,CUST_03732,Angela Ingram,9999,FAILED,TIMEOUT,1,0.33,5,False,SEND_PAYMENT_LINK
CASE_03733,CUST_03733,Amy Welch,999,ABANDONED,NONE,0,0.26,10,True,SEND_PAYMENT_LINK
CASE_03734,CUST_03734,Joshua Daniel PhD,499,FAILED,BANK_ERROR,2,0.94,30,False,ESCALATE_HUMAN
CASE_03735,CUST_03735,Tracy Nguyen,999,FAILED,TIMEOUT,3,0.8,30,False,STOP
CASE_03736,CUST_03736,Gary Price,75000,ABANDONED,NONE,0,0.82,0,True,ESCALATE_HUMAN
CASE_03737,CUST_03737,Darlene Lara,75000,ABANDONED,NONE,1,0.81,15,True,ESCALATE_HUMAN
CASE_03738,CUST_03738,Mark Franklin,75000,FAILED,CARD_DECLINED,2,0.28,10,False,ESCALATE_HUMAN
CASE_03739,CUST_03739,Nicole Meadows,75000,ABANDONED,NONE,2,0.89,0,True,ESCALATE_HUMAN
CASE_03740,CUST_03740,Daniel Valentine,75000,FAILED,TIMEOUT,1,0.97,15,False,ESCALATE_HUMAN
CASE_03741,CUST_03741,Joseph Evans,2499,FAILED,CARD_DECLINED,1,0.76,0,False,SEND_PAYMENT_LINK
CASE_03742,CUST_03742,Bryan Booth,15000,FAILED,CARD_DECLINED,3,0.62,0,False,STOP
CASE_03743,CUST_03743,Glenn Daugherty,15000,FAILED,NETWORK_ERROR,0,0.77,30,False,ESCALATE_HUMAN
CASE_03744,CUST_03744,Stephanie Best,999,ABANDONED,NONE,0,0.54,45,True,ESCALATE_HUMAN
CASE_03745,CUST_03745,Ryan Bruce,100000,FAILED,CARD_DECLINED,3,0.98,0,False,STOP
CASE_03746,CUST_03746,Kelly Schmitt,1499,FAILED,CARD_DECLINED,3,0.4,30,False,STOP
CASE_03747,CUST_03747,Curtis Herrera,999,FAILED,NETWORK_ERROR,2,0.87,0,False,RETRY_PAYMENT
CASE_03748,CUST_03748,Harry Richmond,15000,ABANDONED,NONE,0,0.92,0,True,SEND_PAYMENT_LINK
CASE_03749,CUST_03749,Kim Ellis,1499,FAILED,CARD_DECLINED,0,0.74,45,False,ESCALATE_HUMAN
CASE_03750,CUST_03750,Robert Arnold,7999,FAILED,NETWORK_ERROR,0,0.21,10,False,SEND_PAYMENT_LINK
CASE_03751,CUST_03751,Craig Barnett,75000,FAILED,BANK_ERROR,1,0.37,20,False,ESCALATE_HUMAN
CASE_03752,CUST_03752,Cole Thomas,1499,FAILED,TIMEOUT,3,0.67,20,False,STOP
CASE_03753,CUST_03753,Dustin Robinson,50000,ABANDONED,NONE,2,0.88,10,True,SEND_PAYMENT_LINK
CASE_03754,CUST_03754,Eric Thomas,9999,ABANDONED,NONE,0,0.51,30,True,ESCALATE_HUMAN
CASE_03755,CUST_03755,Kenneth Hunter,75000,FAILED,TIMEOUT,3,0.7,0,False,STOP
CASE_03756,CUST_03756,Patrick Stewart,2499,FAILED,BANK_ERROR,0,0.46,0,False,SEND_PAYMENT_LINK
CASE_03757,CUST_03757,Benjamin Morales,9999,FAILED,BANK_ERROR,3,0.26,30,False,STOP
CASE_03758,CUST_03758,Robert Schneider,499,FAILED,BANK_ERROR,2,0.24,45,False,ESCALATE_HUMAN
CASE_03759,CUST_03759,Gary Kim,4999,FAILED,INSUFFICIENT_FUNDS,1,0.76,0,False,SEND_PAYMENT_LINK
CASE_03760,CUST_03760,Tracy Pierce,50000,FAILED,CARD_DECLINED,1,0.43,10,False,SEND_PAYMENT_LINK
CASE_03761,CUST_03761,Nicholas Mendoza,2499,FAILED,TIMEOUT,2,0.93,20,False,RETRY_PAYMENT
CASE_03762,CUST_03762,Zachary Christian,50000,FAILED,TIMEOUT,2,0.89,0,False,RETRY_PAYMENT
CASE_03763,CUST_03763,Mr. Brian Compton,1499,FAILED,INSUFFICIENT_FUNDS,0,0.5,15,False,SEND_PAYMENT_LINK
CASE_03764,CUST_03764,Toni Guerrero,100000,ABANDONED,NONE,2,0.52,5,True,ESCALATE_HUMAN
CASE_03765,CUST_03765,James Watkins,2499,FAILED,BANK_ERROR,2,0.64,0,False,RETRY_PAYMENT
CASE_03766,CUST_03766,Mark Buck,499,FAILED,INSUFFICIENT_FUNDS,3,0.54,0,False,STOP
CASE_03767,CUST_03767,Alex Robinson,15000,ABANDONED,NONE,0,0.46,5,True,SEND_PAYMENT_LINK
CASE_03768,CUST_03768,Taylor Duran,25000,FAILED,INSUFFICIENT_FUNDS,0,0.31,0,False,SEND_PAYMENT_LINK
CASE_03769,CUST_03769,Kimberly Richardson,15000,ABANDONED,NONE,2,0.85,0,True,SEND_PAYMENT_LINK
CASE_03770,CUST_03770,Melanie Page,2499,FAILED,CARD_DECLINED,3,0.61,15,False,STOP
CASE_03771,CUST_03771,Stephanie Davies,7999,FAILED,BANK_ERROR,3,0.88,0,False,STOP
CASE_03772,CUST_03772,Sierra Daniels,75000,ABANDONED,NONE,1,0.38,20,True,ESCALATE_HUMAN
CASE_03773,CUST_03773,Diane Nelson,499,FAILED,INSUFFICIENT_FUNDS,2,0.55,15,False,SEND_PAYMENT_LINK
CASE_03774,CUST_03774,Rebecca Lynch,4999,ABANDONED,NONE,3,0.57,0,True,STOP
CASE_03775,CUST_03775,Joseph Dudley,7999,FAILED,NETWORK_ERROR,0,0.22,5,False,SEND_PAYMENT_LINK
CASE_03776,CUST_03776,Robert Christensen,499,ABANDONED,NONE,0,0.49,10,True,SEND_PAYMENT_LINK
CASE_03777,CUST_03777,Michael Scott,75000,ABANDONED,NONE,1,0.58,0,True,ESCALATE_HUMAN
CASE_03778,CUST_03778,Charles Ayala,2499,FAILED,NETWORK_ERROR,2,0.45,5,False,SEND_PAYMENT_LINK
CASE_03779,CUST_03779,Larry Bradshaw,25000,FAILED,BANK_ERROR,3,0.44,0,False,STOP
CASE_03780,CUST_03780,Jonathan Cox,4999,FAILED,NETWORK_ERROR,1,0.51,0,False,RETRY_PAYMENT
CASE_03781,CUST_03781,Debbie Smith,7999,FAILED,NETWORK_ERROR,3,0.99,30,False,STOP
CASE_03782,CUST_03782,Angela Klein,1499,FAILED,TIMEOUT,3,0.53,10,False,STOP
CASE_03783,CUST_03783,Tammie Pearson,1499,FAILED,NETWORK_ERROR,3,0.75,0,False,STOP
CASE_03784,CUST_03784,Cathy Morgan,15000,FAILED,BANK_ERROR,2,0.37,45,False,ESCALATE_HUMAN
CASE_03785,CUST_03785,Katrina Smith,9999,ABANDONED,NONE,3,0.75,15,True,STOP
CASE_03786,CUST_03786,Lynn Wall,50000,FAILED,BANK_ERROR,3,0.78,30,False,STOP
CASE_03787,CUST_03787,Francisco Robbins,50000,FAILED,NETWORK_ERROR,0,0.84,45,False,ESCALATE_HUMAN
CASE_03788,CUST_03788,Anna Summers,25000,ABANDONED,NONE,1,0.34,15,True,SEND_PAYMENT_LINK
CASE_03789,CUST_03789,Michael Wade,7999,FAILED,INSUFFICIENT_FUNDS,0,0.48,0,False,SEND_PAYMENT_LINK
CASE_03790,CUST_03790,Sheila Gray,75000,FAILED,NETWORK_ERROR,1,0.66,0,False,ESCALATE_HUMAN
CASE_03791,CUST_03791,Jody Wright,7999,ABANDONED,NONE,3,0.96,0,True,STOP
CASE_03792,CUST_03792,Cassandra Byrd,7999,FAILED,INSUFFICIENT_FUNDS,3,0.56,30,False,STOP
CASE_03793,CUST_03793,Raymond Garrett,25000,ABANDONED,NONE,3,0.77,15,True,STOP
CASE_03794,CUST_03794,Jason Mitchell,4999,FAILED,NETWORK_ERROR,0,0.67,0,False,RETRY_PAYMENT
CASE_03795,CUST_03795,Sarah Boone,25000,FAILED,BANK_ERROR,1,0.58,20,False,SEND_PAYMENT_LINK
CASE_03796,CUST_03796,Krystal Woodard,1499,ABANDONED,NONE,1,0.34,0,True,SEND_PAYMENT_LINK
CASE_03797,CUST_03797,Alexis Williams,1499,FAILED,NETWORK_ERROR,0,0.29,0,False,SEND_PAYMENT_LINK
CASE_03798,CUST_03798,Emma Wilson,15000,FAILED,NETWORK_ERROR,3,0.69,30,False,STOP
CASE_03799,CUST_03799,Thomas Harrison,999,ABANDONED,NONE,1,0.25,10,True,SEND_PAYMENT_LINK
CASE_03800,CUST_03800,Sean Garza,1499,FAILED,TIMEOUT,2,0.41,45,False,ESCALATE_HUMAN
CASE_03801,CUST_03801,Donald Peterson,9999,FAILED,TIMEOUT,2,0.34,0,False,SEND_PAYMENT_LINK
CASE_03802,CUST_03802,Christopher Hubbard,9999,FAILED,BANK_ERROR,1,0.35,0,False,SEND_PAYMENT_LINK
CASE_03803,CUST_03803,Jorge Blackwell,100000,ABANDONED,NONE,0,0.28,10,True,ESCALATE_HUMAN
CASE_03804,CUST_03804,Erika Perkins,1499,ABANDONED,NONE,2,0.6,0,True,SEND_PAYMENT_LINK
CASE_03805,CUST_03805,Brittany Watkins,499,ABANDONED,NONE,0,0.89,30,True,ESCALATE_HUMAN
CASE_03806,CUST_03806,Sharon Turner,15000,FAILED,BANK_ERROR,0,0.52,5,False,RETRY_PAYMENT
CASE_03807,CUST_03807,Betty Morgan,499,FAILED,TIMEOUT,0,0.43,5,False,SEND_PAYMENT_LINK
CASE_03808,CUST_03808,Ashley Moore,2499,FAILED,NETWORK_ERROR,3,0.35,10,False,STOP
CASE_03809,CUST_03809,Justin Barr,9999,FAILED,TIMEOUT,3,0.33,10,False,STOP
CASE_03810,CUST_03810,Renee Ryan,15000,ABANDONED,NONE,1,0.93,0,True,SEND_PAYMENT_LINK
CASE_03811,CUST_03811,Daniel Brown,25000,FAILED,CARD_DECLINED,0,0.79,15,False,SEND_PAYMENT_LINK
CASE_03812,CUST_03812,Scott Hughes,4999,FAILED,BANK_ERROR,2,0.69,45,False,ESCALATE_HUMAN
CASE_03813,CUST_03813,Sandra Miller,7999,FAILED,CARD_DECLINED,1,0.79,5,False,SEND_PAYMENT_LINK
CASE_03814,CUST_03814,Sharon Campbell,1499,ABANDONED,NONE,1,0.99,30,True,ESCALATE_HUMAN
CASE_03815,CUST_03815,Stephen Richmond,1499,FAILED,BANK_ERROR,0,0.86,5,False,RETRY_PAYMENT
CASE_03816,CUST_03816,Peter Ballard,7999,FAILED,INSUFFICIENT_FUNDS,3,0.25,20,False,STOP
CASE_03817,CUST_03817,Kathleen Cortez,100000,ABANDONED,NONE,3,0.52,15,True,STOP
CASE_03818,CUST_03818,Joseph Brown,1499,ABANDONED,NONE,1,0.64,10,True,SEND_PAYMENT_LINK
CASE_03819,CUST_03819,Mrs. Beth Wagner PhD,7999,FAILED,CARD_DECLINED,3,0.41,15,False,STOP
CASE_03820,CUST_03820,Sharon Torres,499,ABANDONED,NONE,0,0.6,45,True,ESCALATE_HUMAN
CASE_03821,CUST_03821,Thomas Sutton,9999,FAILED,TIMEOUT,3,0.8,15,False,STOP
CASE_03822,CUST_03822,Cindy Jackson,9999,FAILED,BANK_ERROR,0,0.64,0,False,RETRY_PAYMENT
CASE_03823,CUST_03823,Jonathan Guzman,1499,FAILED,BANK_ERROR,1,0.82,15,False,RETRY_PAYMENT
CASE_03824,CUST_03824,Chloe Harding,4999,FAILED,CARD_DECLINED,0,0.42,45,False,ESCALATE_HUMAN
CASE_03825,CUST_03825,Jacob Thomas,50000,FAILED,CARD_DECLINED,1,0.34,0,False,SEND_PAYMENT_LINK
CASE_03826,CUST_03826,Daniel Williams,2499,FAILED,BANK_ERROR,1,0.21,0,False,SEND_PAYMENT_LINK
CASE_03827,CUST_03827,Timothy Singh,2499,FAILED,TIMEOUT,0,0.32,15,False,SEND_PAYMENT_LINK
CASE_03828,CUST_03828,Elizabeth Durham,75000,FAILED,INSUFFICIENT_FUNDS,0,0.29,5,False,ESCALATE_HUMAN
CASE_03829,CUST_03829,James Glover,7999,FAILED,INSUFFICIENT_FUNDS,0,0.38,20,False,SEND_PAYMENT_LINK
CASE_03830,CUST_03830,Vicki Russell,50000,FAILED,BANK_ERROR,1,0.8,5,False,RETRY_PAYMENT
CASE_03831,CUST_03831,Erica Campbell,2499,FAILED,INSUFFICIENT_FUNDS,1,0.52,0,False,SEND_PAYMENT_LINK
CASE_03832,CUST_03832,Cynthia Dougherty,50000,ABANDONED,NONE,1,0.21,45,True,ESCALATE_HUMAN
CASE_03833,CUST_03833,Michelle Moon,499,FAILED,CARD_DECLINED,1,0.3,10,False,SEND_PAYMENT_LINK
CASE_03834,CUST_03834,Kaitlyn Diaz,4999,FAILED,BANK_ERROR,0,0.56,15,False,SEND_PAYMENT_LINK
CASE_03835,CUST_03835,Samantha Hill,9999,FAILED,CARD_DECLINED,1,0.96,0,False,SEND_PAYMENT_LINK
CASE_03836,CUST_03836,Ellen Knox,1499,FAILED,NETWORK_ERROR,3,0.36,30,False,STOP
CASE_03837,CUST_03837,Allison Welch,15000,FAILED,CARD_DECLINED,2,0.42,0,False,SEND_PAYMENT_LINK
CASE_03838,CUST_03838,Stephen Hardy,499,ABANDONED,NONE,1,0.68,10,True,SEND_PAYMENT_LINK
CASE_03839,CUST_03839,Daniel Edwards,75000,FAILED,CARD_DECLINED,1,0.92,15,False,ESCALATE_HUMAN
CASE_03840,CUST_03840,Allison Jones,50000,FAILED,CARD_DECLINED,1,0.34,30,False,ESCALATE_HUMAN
CASE_03841,CUST_03841,Melanie Holmes,999,FAILED,TIMEOUT,3,0.5,20,False,STOP
CASE_03842,CUST_03842,Eugene Marshall,1499,ABANDONED,NONE,2,0.58,0,True,SEND_PAYMENT_LINK
CASE_03843,CUST_03843,Jeffrey Jones,75000,ABANDONED,NONE,2,0.51,0,True,ESCALATE_HUMAN
CASE_03844,CUST_03844,Maria Stephens,100000,FAILED,CARD_DECLINED,3,0.3,5,False,STOP
CASE_03845,CUST_03845,Kevin Cobb,499,FAILED,CARD_DECLINED,1,0.73,45,False,ESCALATE_HUMAN
CASE_03846,CUST_03846,Patrick Davila,4999,FAILED,BANK_ERROR,2,0.25,0,False,SEND_PAYMENT_LINK
CASE_03847,CUST_03847,Dr. Sarah Ramirez,100000,FAILED,TIMEOUT,2,0.75,15,False,ESCALATE_HUMAN
CASE_03848,CUST_03848,Robert Rodriguez,7999,FAILED,INSUFFICIENT_FUNDS,0,0.42,0,False,SEND_PAYMENT_LINK
CASE_03849,CUST_03849,Andrea Mitchell,999,FAILED,INSUFFICIENT_FUNDS,1,0.73,0,False,SEND_PAYMENT_LINK
CASE_03850,CUST_03850,Jeffrey Stone,25000,ABANDONED,NONE,3,0.93,30,True,STOP
CASE_03851,CUST_03851,Heather Rivas,75000,FAILED,INSUFFICIENT_FUNDS,3,0.68,0,False,STOP
CASE_03852,CUST_03852,Jamie Aguilar,7999,FAILED,BANK_ERROR,1,0.98,45,False,ESCALATE_HUMAN
CASE_03853,CUST_03853,Jimmy Morales,25000,FAILED,INSUFFICIENT_FUNDS,2,0.76,45,False,ESCALATE_HUMAN
CASE_03854,CUST_03854,Brian Bautista,999,FAILED,TIMEOUT,2,0.82,30,False,ESCALATE_HUMAN
CASE_03855,CUST_03855,Manuel Sanchez IV,15000,FAILED,NETWORK_ERROR,3,0.71,5,False,STOP
CASE_03856,CUST_03856,Gerald Wright,2499,FAILED,BANK_ERROR,3,0.48,15,False,STOP
CASE_03857,CUST_03857,Katherine Johnson,50000,FAILED,BANK_ERROR,2,0.57,45,False,ESCALATE_HUMAN
CASE_03858,CUST_03858,Jennifer Gordon,75000,FAILED,NETWORK_ERROR,2,0.25,45,False,ESCALATE_HUMAN
CASE_03859,CUST_03859,Rhonda Thomas,7999,FAILED,CARD_DECLINED,1,0.86,45,False,ESCALATE_HUMAN
CASE_03860,CUST_03860,Allen Wright,1499,FAILED,NETWORK_ERROR,3,0.31,0,False,STOP
CASE_03861,CUST_03861,Miguel Graham,499,FAILED,NETWORK_ERROR,3,0.3,0,False,STOP
CASE_03862,CUST_03862,Ashley Klein,7999,FAILED,BANK_ERROR,2,0.79,0,False,RETRY_PAYMENT
CASE_03863,CUST_03863,James Cole,50000,ABANDONED,NONE,1,0.64,0,True,SEND_PAYMENT_LINK
CASE_03864,CUST_03864,Jonathan Sanchez,1499,FAILED,TIMEOUT,0,0.63,15,False,SEND_PAYMENT_LINK
CASE_03865,CUST_03865,Patrick Crawford,75000,ABANDONED,NONE,1,0.81,10,True,ESCALATE_HUMAN
CASE_03866,CUST_03866,William Frye,15000,FAILED,CARD_DECLINED,3,0.35,10,False,STOP
CASE_03867,CUST_03867,Sara Riddle,1499,FAILED,TIMEOUT,1,0.83,5,False,RETRY_PAYMENT
CASE_03868,CUST_03868,Ms. Laurie Torres,4999,FAILED,INSUFFICIENT_FUNDS,1,0.68,0,False,SEND_PAYMENT_LINK
CASE_03869,CUST_03869,Jeffrey Silva,50000,ABANDONED,NONE,3,0.34,30,True,STOP
CASE_03870,CUST_03870,Gregory Pena,499,FAILED,NETWORK_ERROR,3,0.2,15,False,STOP
CASE_03871,CUST_03871,Kyle Shepherd,499,FAILED,NETWORK_ERROR,1,0.35,30,False,ESCALATE_HUMAN
CASE_03872,CUST_03872,Bobby Patterson,4999,FAILED,TIMEOUT,1,0.69,0,False,SEND_PAYMENT_LINK
CASE_03873,CUST_03873,Aaron Thompson,999,FAILED,BANK_ERROR,2,0.81,45,False,ESCALATE_HUMAN
CASE_03874,CUST_03874,Tony Mcdowell,50000,FAILED,BANK_ERROR,1,0.44,30,False,ESCALATE_HUMAN
CASE_03875,CUST_03875,Douglas Simmons,999,FAILED,CARD_DECLINED,1,0.51,0,False,SEND_PAYMENT_LINK
CASE_03876,CUST_03876,Bradley Dixon,100000,FAILED,NETWORK_ERROR,0,0.95,0,False,ESCALATE_HUMAN
CASE_03877,CUST_03877,Ryan Carpenter,15000,ABANDONED,NONE,0,0.46,10,True,SEND_PAYMENT_LINK
CASE_03878,CUST_03878,Jonathan Welch,9999,FAILED,NETWORK_ERROR,0,0.58,20,False,SEND_PAYMENT_LINK
CASE_03879,CUST_03879,Claudia Vasquez,9999,FAILED,BANK_ERROR,2,0.21,15,False,SEND_PAYMENT_LINK
CASE_03880,CUST_03880,Joshua Collins,2499,ABANDONED,NONE,1,0.36,20,True,SEND_PAYMENT_LINK
CASE_03881,CUST_03881,Andrea Vance,999,ABANDONED,NONE,3,0.73,5,True,STOP
CASE_03882,CUST_03882,Michael Mckinney,75000,FAILED,BANK_ERROR,1,0.83,0,False,ESCALATE_HUMAN
CASE_03883,CUST_03883,Miguel Gamble,499,FAILED,INSUFFICIENT_FUNDS,0,0.97,10,False,SEND_PAYMENT_LINK
CASE_03884,CUST_03884,Valerie Castro,1499,FAILED,TIMEOUT,3,0.48,10,False,STOP
CASE_03885,CUST_03885,Cynthia Jimenez,999,FAILED,NETWORK_ERROR,1,0.57,20,False,RETRY_PAYMENT
CASE_03886,CUST_03886,William Green,15000,ABANDONED,NONE,0,0.54,5,True,SEND_PAYMENT_LINK
CASE_03887,CUST_03887,William Castaneda,4999,FAILED,BANK_ERROR,0,0.86,20,False,RETRY_PAYMENT
CASE_03888,CUST_03888,Raven Rodriguez,999,ABANDONED,NONE,2,0.89,0,True,SEND_PAYMENT_LINK
CASE_03889,CUST_03889,Stephanie Colon,25000,ABANDONED,NONE,0,1.0,30,True,ESCALATE_HUMAN
CASE_03890,CUST_03890,Michelle Dyer,50000,FAILED,BANK_ERROR,2,0.76,0,False,RETRY_PAYMENT
CASE_03891,CUST_03891,Clifford Mckenzie,1499,FAILED,CARD_DECLINED,1,0.56,10,False,SEND_PAYMENT_LINK
CASE_03892,CUST_03892,Edwin Bryant,4999,FAILED,NETWORK_ERROR,1,0.38,15,False,SEND_PAYMENT_LINK
CASE_03893,CUST_03893,Maria Greer,9999,FAILED,BANK_ERROR,3,0.66,30,False,STOP
CASE_03894,CUST_03894,Christopher Herrera,50000,FAILED,BANK_ERROR,2,0.9,45,False,ESCALATE_HUMAN
CASE_03895,CUST_03895,Oscar Stone,7999,FAILED,NETWORK_ERROR,1,0.53,0,False,RETRY_PAYMENT
CASE_03896,CUST_03896,Cynthia Moreno,15000,FAILED,BANK_ERROR,3,0.79,10,False,STOP
CASE_03897,CUST_03897,Martha Sheppard,999,FAILED,TIMEOUT,2,0.38,15,False,SEND_PAYMENT_LINK
CASE_03898,CUST_03898,Crystal Roy,75000,FAILED,NETWORK_ERROR,2,0.34,20,False,ESCALATE_HUMAN
CASE_03899,CUST_03899,Matthew Lopez,100000,FAILED,BANK_ERROR,2,0.82,0,False,ESCALATE_HUMAN
CASE_03900,CUST_03900,Nicholas Patel,499,FAILED,NETWORK_ERROR,0,0.41,20,False,SEND_PAYMENT_LINK
CASE_03901,CUST_03901,David Lopez,499,FAILED,NETWORK_ERROR,3,0.79,10,False,STOP
CASE_03902,CUST_03902,Carrie Harris,2499,ABANDONED,NONE,2,0.42,30,True,ESCALATE_HUMAN
CASE_03903,CUST_03903,Lisa Johnson,499,ABANDONED,NONE,3,0.27,30,True,STOP
CASE_03904,CUST_03904,Amanda Moore,75000,FAILED,NETWORK_ERROR,2,0.92,30,False,ESCALATE_HUMAN
CASE_03905,CUST_03905,Sarah Taylor,1499,ABANDONED,NONE,1,0.52,0,True,SEND_PAYMENT_LINK
CASE_03906,CUST_03906,Brittany Collins,7999,FAILED,TIMEOUT,2,0.85,0,False,RETRY_PAYMENT
CASE_03907,CUST_03907,Jennifer Hunt,499,FAILED,NETWORK_ERROR,3,0.94,0,False,STOP
CASE_03908,CUST_03908,Jennifer Sawyer,50000,FAILED,TIMEOUT,2,0.47,30,False,ESCALATE_HUMAN
CASE_03909,CUST_03909,Kimberly Rodriguez,75000,ABANDONED,NONE,0,0.43,5,True,ESCALATE_HUMAN
CASE_03910,CUST_03910,John Smith,7999,ABANDONED,NONE,3,0.23,0,True,STOP
CASE_03911,CUST_03911,Daniel Castro,2499,FAILED,NETWORK_ERROR,2,0.93,45,False,ESCALATE_HUMAN
CASE_03912,CUST_03912,David Hunt,2499,FAILED,TIMEOUT,3,0.59,30,False,STOP
CASE_03913,CUST_03913,William Smith,75000,FAILED,TIMEOUT,3,0.58,0,False,STOP
CASE_03914,CUST_03914,Hailey Sullivan,25000,FAILED,BANK_ERROR,1,0.54,30,False,ESCALATE_HUMAN
CASE_03915,CUST_03915,Taylor Davis,50000,FAILED,TIMEOUT,0,0.82,30,False,ESCALATE_HUMAN
CASE_03916,CUST_03916,Shane Phillips,25000,ABANDONED,NONE,2,0.37,15,True,SEND_PAYMENT_LINK
CASE_03917,CUST_03917,Bradley Medina,75000,FAILED,NETWORK_ERROR,3,0.8,20,False,STOP
CASE_03918,CUST_03918,Justin Brown,2499,FAILED,BANK_ERROR,3,0.99,0,False,STOP
CASE_03919,CUST_03919,Holly Robinson,100000,FAILED,INSUFFICIENT_FUNDS,0,0.88,10,False,ESCALATE_HUMAN
CASE_03920,CUST_03920,Charles Harding,50000,FAILED,BANK_ERROR,0,0.76,0,False,RETRY_PAYMENT
CASE_03921,CUST_03921,Robert Fisher,4999,ABANDONED,NONE,0,0.64,20,True,SEND_PAYMENT_LINK
CASE_03922,CUST_03922,Jason Pennington DVM,75000,ABANDONED,NONE,0,0.53,5,True,ESCALATE_HUMAN
CASE_03923,CUST_03923,Adam Simon,1499,FAILED,TIMEOUT,3,0.81,0,False,STOP
CASE_03924,CUST_03924,Kelly Baldwin,15000,FAILED,CARD_DECLINED,1,0.81,45,False,ESCALATE_HUMAN
CASE_03925,CUST_03925,Drew Parker,50000,FAILED,CARD_DECLINED,1,0.59,45,False,ESCALATE_HUMAN
CASE_03926,CUST_03926,Brian Smith,1499,ABANDONED,NONE,2,0.97,5,True,SEND_PAYMENT_LINK
CASE_03927,CUST_03927,Carly Bowen,2499,ABANDONED,NONE,0,0.57,0,True,SEND_PAYMENT_LINK
CASE_03928,CUST_03928,Jaime Swanson,25000,ABANDONED,NONE,2,0.69,0,True,SEND_PAYMENT_LINK
CASE_03929,CUST_03929,Elizabeth Smith,9999,FAILED,BANK_ERROR,0,0.36,45,False,ESCALATE_HUMAN
CASE_03930,CUST_03930,Jose Mcdonald,75000,FAILED,TIMEOUT,1,0.97,10,False,ESCALATE_HUMAN
CASE_03931,CUST_03931,Michael Newman,75000,FAILED,TIMEOUT,2,0.49,20,False,ESCALATE_HUMAN
CASE_03932,CUST_03932,Michelle Brown,15000,FAILED,NETWORK_ERROR,1,0.25,15,False,SEND_PAYMENT_LINK
CASE_03933,CUST_03933,Tracy Anderson,25000,ABANDONED,NONE,1,0.2,10,True,SEND_PAYMENT_LINK
CASE_03934,CUST_03934,Lindsey Richardson,50000,FAILED,INSUFFICIENT_FUNDS,1,0.65,45,False,ESCALATE_HUMAN
CASE_03935,CUST_03935,Sharon Kennedy,100000,FAILED,BANK_ERROR,0,0.76,0,False,ESCALATE_HUMAN
CASE_03936,CUST_03936,Joshua Anderson,15000,FAILED,NETWORK_ERROR,3,0.6,0,False,STOP
CASE_03937,CUST_03937,Kristen Taylor,9999,ABANDONED,NONE,2,0.73,0,True,SEND_PAYMENT_LINK
CASE_03938,CUST_03938,Susan Lopez,7999,FAILED,TIMEOUT,3,0.72,10,False,STOP
CASE_03939,CUST_03939,Jennifer Lindsey,50000,FAILED,CARD_DECLINED,0,0.46,5,False,SEND_PAYMENT_LINK
CASE_03940,CUST_03940,Christine Avery,499,FAILED,NETWORK_ERROR,0,0.95,0,False,RETRY_PAYMENT
CASE_03941,CUST_03941,Kimberly Blankenship,9999,FAILED,TIMEOUT,3,0.9,5,False,STOP
CASE_03942,CUST_03942,Thomas Nolan,499,FAILED,CARD_DECLINED,0,0.56,20,False,SEND_PAYMENT_LINK
CASE_03943,CUST_03943,Lisa Jackson,1499,FAILED,CARD_DECLINED,3,0.64,10,False,STOP
CASE_03944,CUST_03944,Chad Dudley,4999,FAILED,TIMEOUT,0,0.57,45,False,ESCALATE_HUMAN
CASE_03945,CUST_03945,Richard Lambert,25000,FAILED,CARD_DECLINED,1,0.71,30,False,ESCALATE_HUMAN
CASE_03946,CUST_03946,Jessica Sullivan,75000,FAILED,TIMEOUT,0,0.54,0,False,ESCALATE_HUMAN
CASE_03947,CUST_03947,Curtis Smith,9999,FAILED,CARD_DECLINED,3,0.89,0,False,STOP
CASE_03948,CUST_03948,Kathleen Brown,15000,ABANDONED,NONE,3,0.31,45,True,STOP
CASE_03949,CUST_03949,Teresa Thompson,499,FAILED,TIMEOUT,1,0.7,30,False,ESCALATE_HUMAN
CASE_03950,CUST_03950,Jill Mcdonald,499,FAILED,NETWORK_ERROR,1,0.74,10,False,RETRY_PAYMENT
CASE_03951,CUST_03951,William Frederick,2499,FAILED,CARD_DECLINED,3,0.7,0,False,STOP
CASE_03952,CUST_03952,Kayla Willis,75000,FAILED,INSUFFICIENT_FUNDS,3,0.92,0,False,STOP
CASE_03953,CUST_03953,Beth Miller,1499,FAILED,INSUFFICIENT_FUNDS,1,0.44,15,False,SEND_PAYMENT_LINK
CASE_03954,CUST_03954,Amanda Gonzalez,2499,ABANDONED,NONE,0,0.67,0,True,SEND_PAYMENT_LINK
CASE_03955,CUST_03955,Paula Dickerson,2499,ABANDONED,NONE,2,0.4,0,True,SEND_PAYMENT_LINK
CASE_03956,CUST_03956,Alicia Matthews,25000,FAILED,CARD_DECLINED,3,0.52,0,False,STOP
CASE_03957,CUST_03957,Brenda Santiago,2499,ABANDONED,NONE,3,0.2,10,True,STOP
CASE_03958,CUST_03958,Samantha Stone,2499,ABANDONED,NONE,2,0.31,10,True,SEND_PAYMENT_LINK
CASE_03959,CUST_03959,Latoya Allen,499,FAILED,INSUFFICIENT_FUNDS,1,0.76,20,False,SEND_PAYMENT_LINK
CASE_03960,CUST_03960,Jeremiah Flowers,4999,FAILED,CARD_DECLINED,3,0.83,10,False,STOP
CASE_03961,CUST_03961,Amy Bradley,75000,FAILED,BANK_ERROR,3,0.86,10,False,STOP
CASE_03962,CUST_03962,Tamara Martinez,25000,FAILED,TIMEOUT,2,0.9,30,False,ESCALATE_HUMAN
CASE_03963,CUST_03963,Anna Moore,15000,FAILED,CARD_DECLINED,2,0.42,20,False,SEND_PAYMENT_LINK
CASE_03964,CUST_03964,Jodi Hess,9999,FAILED,BANK_ERROR,1,0.38,0,False,SEND_PAYMENT_LINK
CASE_03965,CUST_03965,Kristopher Simpson,9999,ABANDONED,NONE,3,0.68,45,True,STOP
CASE_03966,CUST_03966,Amanda Griffith,9999,FAILED,CARD_DECLINED,0,0.3,10,False,SEND_PAYMENT_LINK
CASE_03967,CUST_03967,Carlos Williams,50000,ABANDONED,NONE,1,0.31,0,True,SEND_PAYMENT_LINK
CASE_03968,CUST_03968,David Fry,4999,FAILED,CARD_DECLINED,3,0.35,20,False,STOP
CASE_03969,CUST_03969,Clinton Garcia,50000,FAILED,TIMEOUT,3,0.53,0,False,STOP
CASE_03970,CUST_03970,Amy Ballard,15000,ABANDONED,NONE,1,0.35,15,True,SEND_PAYMENT_LINK
CASE_03971,CUST_03971,Allison Dudley,9999,FAILED,CARD_DECLINED,1,0.37,45,False,ESCALATE_HUMAN
CASE_03972,CUST_03972,Carla Harrell,100000,ABANDONED,NONE,3,0.64,30,True,STOP
CASE_03973,CUST_03973,Jesus Leon,100000,ABANDONED,NONE,3,0.69,15,True,STOP
CASE_03974,CUST_03974,Kyle Sanders,9999,FAILED,INSUFFICIENT_FUNDS,0,0.4,45,False,ESCALATE_HUMAN
CASE_03975,CUST_03975,Timothy Chavez,1499,FAILED,CARD_DECLINED,2,0.92,5,False,SEND_PAYMENT_LINK
CASE_03976,CUST_03976,Taylor Hall,999,FAILED,BANK_ERROR,1,0.98,0,False,RETRY_PAYMENT
CASE_03977,CUST_03977,Audrey Scott,1499,FAILED,NETWORK_ERROR,0,0.22,0,False,SEND_PAYMENT_LINK
CASE_03978,CUST_03978,Janet Brooks,4999,FAILED,TIMEOUT,3,0.94,0,False,STOP
CASE_03979,CUST_03979,Belinda Moore,50000,FAILED,INSUFFICIENT_FUNDS,1,0.88,10,False,SEND_PAYMENT_LINK
CASE_03980,CUST_03980,Carrie Keller,50000,FAILED,BANK_ERROR,2,0.29,5,False,SEND_PAYMENT_LINK
CASE_03981,CUST_03981,Jessica Gutierrez,25000,ABANDONED,NONE,2,0.32,45,True,ESCALATE_HUMAN
CASE_03982,CUST_03982,Dr. Katie Soto,15000,FAILED,TIMEOUT,3,0.72,20,False,STOP
CASE_03983,CUST_03983,Allison Berg,4999,FAILED,BANK_ERROR,2,0.93,15,False,RETRY_PAYMENT
CASE_03984,CUST_03984,Chelsea Aguilar,50000,FAILED,TIMEOUT,1,0.39,5,False,SEND_PAYMENT_LINK
CASE_03985,CUST_03985,Stacy Martinez,499,ABANDONED,NONE,3,0.54,0,True,STOP
CASE_03986,CUST_03986,Robert Schaefer,50000,FAILED,CARD_DECLINED,3,0.3,45,False,STOP
CASE_03987,CUST_03987,Pamela Mueller,499,FAILED,NETWORK_ERROR,1,0.9,0,False,RETRY_PAYMENT
CASE_03988,CUST_03988,Scott Johnson,15000,FAILED,BANK_ERROR,0,0.56,20,False,RETRY_PAYMENT
CASE_03989,CUST_03989,Michelle Robinson,25000,ABANDONED,NONE,2,0.98,0,True,SEND_PAYMENT_LINK
CASE_03990,CUST_03990,John Lewis,75000,FAILED,TIMEOUT,2,0.4,10,False,ESCALATE_HUMAN
CASE_03991,CUST_03991,Russell Chase,15000,FAILED,TIMEOUT,1,0.45,0,False,SEND_PAYMENT_LINK
CASE_03992,CUST_03992,Larry Miller,75000,FAILED,NETWORK_ERROR,2,0.88,0,False,ESCALATE_HUMAN
CASE_03993,CUST_03993,Frank Pruitt,499,FAILED,NETWORK_ERROR,3,0.6,0,False,STOP
CASE_03994,CUST_03994,Crystal Wood,999,ABANDONED,NONE,2,0.25,20,True,SEND_PAYMENT_LINK
CASE_03995,CUST_03995,Joy Donovan,999,FAILED,TIMEOUT,1,0.76,0,False,RETRY_PAYMENT
CASE_03996,CUST_03996,David Ward,50000,FAILED,CARD_DECLINED,3,0.35,30,False,STOP
CASE_03997,CUST_03997,Lydia Smith,499,FAILED,INSUFFICIENT_FUNDS,1,0.85,10,False,SEND_PAYMENT_LINK
CASE_03998,CUST_03998,Dennis Hawkins,4999,ABANDONED,NONE,2,0.64,0,True,SEND_PAYMENT_LINK
CASE_03999,CUST_03999,Heather Boyer,4999,ABANDONED,NONE,3,0.22,45,True,STOP
CASE_04000,CUST_04000,Brandy Matthews,9999,FAILED,BANK_ERROR,2,0.99,0,False,RETRY_PAYMENT
CASE_04001,CUST_04001,Haley Carter,100000,ABANDONED,NONE,3,0.46,0,True,STOP
CASE_04002,CUST_04002,Sean Richmond,15000,FAILED,CARD_DECLINED,2,0.27,5,False,SEND_PAYMENT_LINK
CASE_04003,CUST_04003,Cheryl Jimenez,75000,FAILED,CARD_DECLINED,2,0.26,15,False,ESCALATE_HUMAN
CASE_04004,CUST_04004,Anna Carroll,9999,FAILED,INSUFFICIENT_FUNDS,0,0.68,0,False,SEND_PAYMENT_LINK
CASE_04005,CUST_04005,Frances Graham,25000,FAILED,CARD_DECLINED,0,0.48,45,False,ESCALATE_HUMAN
CASE_04006,CUST_04006,Rachel Davenport,100000,FAILED,TIMEOUT,2,0.92,30,False,ESCALATE_HUMAN
CASE_04007,CUST_04007,Patricia Wright,4999,FAILED,CARD_DECLINED,3,0.74,5,False,STOP
CASE_04008,CUST_04008,Kenneth Keith,50000,FAILED,NETWORK_ERROR,0,0.72,30,False,ESCALATE_HUMAN
CASE_04009,CUST_04009,Jonathan Jenkins,499,FAILED,INSUFFICIENT_FUNDS,0,0.67,0,False,SEND_PAYMENT_LINK
CASE_04010,CUST_04010,Manuel West,100000,FAILED,INSUFFICIENT_FUNDS,2,0.29,10,False,ESCALATE_HUMAN
CASE_04011,CUST_04011,Mr. Charles Green,499,FAILED,CARD_DECLINED,1,0.34,45,False,ESCALATE_HUMAN
CASE_04012,CUST_04012,Regina Jackson,499,FAILED,CARD_DECLINED,3,0.51,0,False,STOP
CASE_04013,CUST_04013,Michael Bautista,100000,FAILED,BANK_ERROR,2,0.93,45,False,ESCALATE_HUMAN
CASE_04014,CUST_04014,Cindy Cole,25000,ABANDONED,NONE,2,0.7,0,True,SEND_PAYMENT_LINK
CASE_04015,CUST_04015,Rebecca Archer,75000,ABANDONED,NONE,0,0.32,15,True,ESCALATE_HUMAN
CASE_04016,CUST_04016,Steven Gonzales,1499,FAILED,TIMEOUT,3,0.43,20,False,STOP
CASE_04017,CUST_04017,Kristen Ward,100000,FAILED,BANK_ERROR,1,0.47,20,False,ESCALATE_HUMAN
CASE_04018,CUST_04018,Amanda Patterson,1499,FAILED,TIMEOUT,1,0.68,30,False,ESCALATE_HUMAN
CASE_04019,CUST_04019,Chad Gray,4999,FAILED,TIMEOUT,0,0.81,20,False,RETRY_PAYMENT
CASE_04020,CUST_04020,Gabriela Medina,15000,FAILED,CARD_DECLINED,3,0.99,0,False,STOP
CASE_04021,CUST_04021,Lorraine Parks,50000,FAILED,TIMEOUT,0,0.68,0,False,RETRY_PAYMENT
CASE_04022,CUST_04022,Joan Bond,100000,FAILED,BANK_ERROR,0,0.27,0,False,ESCALATE_HUMAN
CASE_04023,CUST_04023,Karen Johnson,9999,ABANDONED,NONE,0,0.28,45,True,ESCALATE_HUMAN
CASE_04024,CUST_04024,Donna Austin,4999,FAILED,CARD_DECLINED,0,0.47,20,False,SEND_PAYMENT_LINK
CASE_04025,CUST_04025,Brittany Murray,2499,FAILED,TIMEOUT,0,0.68,20,False,RETRY_PAYMENT
CASE_04026,CUST_04026,Laura Sanchez,15000,FAILED,BANK_ERROR,0,0.45,30,False,ESCALATE_HUMAN
CASE_04027,CUST_04027,John Brady,75000,FAILED,NETWORK_ERROR,3,0.96,15,False,STOP
CASE_04028,CUST_04028,Patricia Hansen,100000,FAILED,INSUFFICIENT_FUNDS,3,0.78,0,False,STOP
CASE_04029,CUST_04029,Chelsea Russell,25000,FAILED,BANK_ERROR,0,0.56,0,False,RETRY_PAYMENT
CASE_04030,CUST_04030,Amy Burke,100000,FAILED,CARD_DECLINED,2,0.78,10,False,ESCALATE_HUMAN
CASE_04031,CUST_04031,Heather Porter,9999,ABANDONED,NONE,3,1.0,0,True,STOP
CASE_04032,CUST_04032,Stephen Boyd,9999,FAILED,BANK_ERROR,2,0.76,20,False,RETRY_PAYMENT
CASE_04033,CUST_04033,Brett Petersen,499,FAILED,BANK_ERROR,0,0.31,20,False,SEND_PAYMENT_LINK
CASE_04034,CUST_04034,Kathryn Gonzales,999,FAILED,TIMEOUT,1,0.5,45,False,ESCALATE_HUMAN
CASE_04035,CUST_04035,Craig Adkins,15000,FAILED,BANK_ERROR,3,0.61,0,False,STOP
CASE_04036,CUST_04036,Donna Mitchell,7999,FAILED,NETWORK_ERROR,1,0.23,20,False,SEND_PAYMENT_LINK
CASE_04037,CUST_04037,Adam Morrison,2499,ABANDONED,NONE,0,0.5,0,True,SEND_PAYMENT_LINK
CASE_04038,CUST_04038,Austin Hall,100000,FAILED,NETWORK_ERROR,2,0.87,45,False,ESCALATE_HUMAN
CASE_04039,CUST_04039,Margaret Kim,50000,FAILED,TIMEOUT,1,0.67,0,False,SEND_PAYMENT_LINK
CASE_04040,CUST_04040,Kimberly Cruz,499,FAILED,TIMEOUT,1,0.49,0,False,SEND_PAYMENT_LINK
CASE_04041,CUST_04041,Jonathon Atkinson,50000,FAILED,INSUFFICIENT_FUNDS,1,0.75,30,False,ESCALATE_HUMAN
CASE_04042,CUST_04042,David Gomez,7999,ABANDONED,NONE,2,0.39,0,True,SEND_PAYMENT_LINK
CASE_04043,CUST_04043,Maria Chambers,50000,FAILED,NETWORK_ERROR,0,0.24,45,False,ESCALATE_HUMAN
CASE_04044,CUST_04044,Miranda Simmons,9999,FAILED,BANK_ERROR,3,0.48,30,False,STOP
CASE_04045,CUST_04045,Johnny Swanson,4999,FAILED,INSUFFICIENT_FUNDS,2,0.99,0,False,SEND_PAYMENT_LINK
CASE_04046,CUST_04046,William Wells,499,FAILED,INSUFFICIENT_FUNDS,2,0.75,15,False,SEND_PAYMENT_LINK
CASE_04047,CUST_04047,Pamela Baker,2499,FAILED,TIMEOUT,0,0.7,0,False,SEND_PAYMENT_LINK
CASE_04048,CUST_04048,Hannah Price,50000,ABANDONED,NONE,2,0.7,45,True,ESCALATE_HUMAN
CASE_04049,CUST_04049,James Terry,2499,FAILED,INSUFFICIENT_FUNDS,2,0.52,20,False,SEND_PAYMENT_LINK
CASE_04050,CUST_04050,Katherine Gillespie,1499,FAILED,CARD_DECLINED,2,0.32,30,False,ESCALATE_HUMAN
CASE_04051,CUST_04051,Lisa Arnold,50000,ABANDONED,NONE,0,0.45,20,True,SEND_PAYMENT_LINK
CASE_04052,CUST_04052,Evan Ayala,9999,FAILED,BANK_ERROR,3,0.28,20,False,STOP
CASE_04053,CUST_04053,Mrs. Denise Lopez,1499,FAILED,CARD_DECLINED,3,0.22,0,False,STOP
CASE_04054,CUST_04054,Gary Rodriguez,4999,ABANDONED,NONE,1,0.81,20,True,SEND_PAYMENT_LINK
CASE_04055,CUST_04055,Victor Arnold,499,FAILED,BANK_ERROR,2,0.84,0,False,RETRY_PAYMENT
CASE_04056,CUST_04056,Richard Lane,7999,FAILED,TIMEOUT,0,0.5,5,False,SEND_PAYMENT_LINK
CASE_04057,CUST_04057,Megan Johnson,999,ABANDONED,NONE,1,0.74,0,True,SEND_PAYMENT_LINK
CASE_04058,CUST_04058,Tiffany Jones,9999,ABANDONED,NONE,0,0.45,0,True,SEND_PAYMENT_LINK
CASE_04059,CUST_04059,Mary Henderson,7999,ABANDONED,NONE,0,0.5,0,True,SEND_PAYMENT_LINK
CASE_04060,CUST_04060,Benjamin Lewis,4999,FAILED,TIMEOUT,1,0.4,15,False,SEND_PAYMENT_LINK
CASE_04061,CUST_04061,Diane Reeves,4999,ABANDONED,NONE,2,0.25,20,True,SEND_PAYMENT_LINK
CASE_04062,CUST_04062,Hannah Gray,4999,FAILED,BANK_ERROR,0,0.74,15,False,SEND_PAYMENT_LINK
CASE_04063,CUST_04063,Timothy Manning,15000,FAILED,INSUFFICIENT_FUNDS,3,0.3,0,False,STOP
CASE_04064,CUST_04064,Aaron Brown,75000,ABANDONED,NONE,3,0.97,10,True,STOP
CASE_04065,CUST_04065,Diana Randolph,100000,ABANDONED,NONE,1,0.54,20,True,ESCALATE_HUMAN
CASE_04066,CUST_04066,Marie Carlson,999,FAILED,BANK_ERROR,2,0.77,30,False,ESCALATE_HUMAN
CASE_04067,CUST_04067,Angela Johnson,4999,ABANDONED,NONE,3,0.64,0,True,STOP
CASE_04068,CUST_04068,Jessica Sawyer,7999,ABANDONED,NONE,0,0.82,5,True,SEND_PAYMENT_LINK
CASE_04069,CUST_04069,Charles Moore,100000,ABANDONED,NONE,3,0.84,0,True,STOP
CASE_04070,CUST_04070,Nancy Silva,25000,FAILED,BANK_ERROR,0,0.84,0,False,RETRY_PAYMENT
CASE_04071,CUST_04071,Alexandra Mahoney,50000,FAILED,BANK_ERROR,0,0.68,20,False,RETRY_PAYMENT
CASE_04072,CUST_04072,Marie Mcdowell,2499,FAILED,BANK_ERROR,3,0.37,0,False,STOP
CASE_04073,CUST_04073,Andrew Meyer,2499,ABANDONED,NONE,2,0.41,0,True,SEND_PAYMENT_LINK
CASE_04074,CUST_04074,Shelly Salazar,25000,FAILED,INSUFFICIENT_FUNDS,1,0.81,20,False,SEND_PAYMENT_LINK
CASE_04075,CUST_04075,Luis Wright,15000,ABANDONED,NONE,1,0.41,30,True,ESCALATE_HUMAN
CASE_04076,CUST_04076,Dawn Ryan,15000,FAILED,CARD_DECLINED,1,0.38,45,False,ESCALATE_HUMAN
CASE_04077,CUST_04077,Michael Smith,7999,FAILED,TIMEOUT,1,0.39,0,False,SEND_PAYMENT_LINK
CASE_04078,CUST_04078,Kathleen Ellis,499,FAILED,INSUFFICIENT_FUNDS,0,0.25,5,False,SEND_PAYMENT_LINK
CASE_04079,CUST_04079,Ashley Wolfe,2499,FAILED,CARD_DECLINED,2,0.43,5,False,SEND_PAYMENT_LINK
CASE_04080,CUST_04080,Matthew Wright MD,4999,ABANDONED,NONE,0,0.68,45,True,ESCALATE_HUMAN
CASE_04081,CUST_04081,Andrea Campbell,1499,FAILED,NETWORK_ERROR,2,0.86,0,False,RETRY_PAYMENT
CASE_04082,CUST_04082,Michael Burns,7999,FAILED,INSUFFICIENT_FUNDS,1,0.92,0,False,SEND_PAYMENT_LINK
CASE_04083,CUST_04083,Gregory Taylor,15000,FAILED,NETWORK_ERROR,0,0.36,5,False,SEND_PAYMENT_LINK
CASE_04084,CUST_04084,David Price,999,FAILED,TIMEOUT,3,0.83,5,False,STOP
CASE_04085,CUST_04085,Hailey Clayton,2499,FAILED,BANK_ERROR,3,0.99,0,False,STOP
CASE_04086,CUST_04086,Raymond Andrade,1499,ABANDONED,NONE,3,0.57,5,True,STOP
CASE_04087,CUST_04087,Phillip Graham,2499,FAILED,NETWORK_ERROR,0,0.96,20,False,RETRY_PAYMENT
CASE_04088,CUST_04088,Angela Lewis,4999,ABANDONED,NONE,0,0.94,30,True,ESCALATE_HUMAN
CASE_04089,CUST_04089,Eric Perez,499,FAILED,CARD_DECLINED,2,0.24,20,False,SEND_PAYMENT_LINK
CASE_04090,CUST_04090,Caleb Medina,499,FAILED,CARD_DECLINED,2,0.34,45,False,ESCALATE_HUMAN
CASE_04091,CUST_04091,Krista Jackson,4999,FAILED,INSUFFICIENT_FUNDS,0,0.78,0,False,SEND_PAYMENT_LINK
CASE_04092,CUST_04092,Samantha Brown,75000,ABANDONED,NONE,2,0.78,0,True,ESCALATE_HUMAN
CASE_04093,CUST_04093,Vicki Mitchell,15000,FAILED,TIMEOUT,3,0.58,15,False,STOP
CASE_04094,CUST_04094,Connor Mora,25000,FAILED,NETWORK_ERROR,3,0.54,15,False,STOP
CASE_04095,CUST_04095,Jennifer Roth,50000,FAILED,NETWORK_ERROR,1,0.21,0,False,SEND_PAYMENT_LINK
CASE_04096,CUST_04096,David Johnson,2499,ABANDONED,NONE,1,0.84,15,True,SEND_PAYMENT_LINK
CASE_04097,CUST_04097,Joseph House,75000,ABANDONED,NONE,2,0.96,0,True,ESCALATE_HUMAN
CASE_04098,CUST_04098,Garrett Estrada,4999,ABANDONED,NONE,2,0.45,30,True,ESCALATE_HUMAN
CASE_04099,CUST_04099,Elizabeth Barnett,75000,FAILED,TIMEOUT,1,0.98,30,False,ESCALATE_HUMAN
CASE_04100,CUST_04100,Rebecca Smith,100000,FAILED,CARD_DECLINED,0,0.41,45,False,ESCALATE_HUMAN
CASE_04101,CUST_04101,Sharon Travis,9999,FAILED,CARD_DECLINED,2,0.85,0,False,SEND_PAYMENT_LINK
CASE_04102,CUST_04102,Thomas Paul,4999,FAILED,BANK_ERROR,3,0.82,20,False,STOP
CASE_04103,CUST_04103,Kelsey Taylor,4999,FAILED,BANK_ERROR,1,0.8,10,False,RETRY_PAYMENT
CASE_04104,CUST_04104,Robert Strickland,9999,FAILED,BANK_ERROR,0,0.33,45,False,ESCALATE_HUMAN
CASE_04105,CUST_04105,Sean Carrillo,50000,FAILED,TIMEOUT,2,0.69,45,False,ESCALATE_HUMAN
CASE_04106,CUST_04106,Adam Turner,7999,FAILED,INSUFFICIENT_FUNDS,0,0.2,0,False,SEND_PAYMENT_LINK
CASE_04107,CUST_04107,Jason Cook,1499,ABANDONED,NONE,3,0.79,0,True,STOP
CASE_04108,CUST_04108,Sarah Carter,1499,FAILED,CARD_DECLINED,2,0.95,10,False,SEND_PAYMENT_LINK
CASE_04109,CUST_04109,Stephanie Sullivan MD,1499,FAILED,INSUFFICIENT_FUNDS,3,0.77,45,False,STOP
CASE_04110,CUST_04110,Michael Duncan,100000,ABANDONED,NONE,0,0.88,45,True,ESCALATE_HUMAN
CASE_04111,CUST_04111,Ebony Williams,25000,FAILED,BANK_ERROR,1,0.56,45,False,ESCALATE_HUMAN
CASE_04112,CUST_04112,Yvonne Love,75000,ABANDONED,NONE,0,0.46,45,True,ESCALATE_HUMAN
CASE_04113,CUST_04113,Thomas Garner,4999,FAILED,NETWORK_ERROR,0,0.51,0,False,SEND_PAYMENT_LINK
CASE_04114,CUST_04114,Jennifer Hartman,2499,FAILED,CARD_DECLINED,2,0.52,30,False,ESCALATE_HUMAN
CASE_04115,CUST_04115,Ryan Novak,100000,FAILED,NETWORK_ERROR,0,0.8,15,False,ESCALATE_HUMAN
CASE_04116,CUST_04116,Eric Love,25000,ABANDONED,NONE,3,0.7,20,True,STOP
CASE_04117,CUST_04117,John Fleming,2499,FAILED,TIMEOUT,3,0.32,20,False,STOP
CASE_04118,CUST_04118,David Humphrey,999,FAILED,CARD_DECLINED,0,0.66,0,False,SEND_PAYMENT_LINK
CASE_04119,CUST_04119,Antonio Foster,9999,FAILED,NETWORK_ERROR,3,0.31,0,False,STOP
CASE_04120,CUST_04120,Rachael Collins,9999,FAILED,INSUFFICIENT_FUNDS,2,0.79,45,False,ESCALATE_HUMAN
CASE_04121,CUST_04121,Mr. Nathan Ortiz,9999,FAILED,INSUFFICIENT_FUNDS,3,0.73,45,False,STOP
CASE_04122,CUST_04122,Curtis Hess,9999,FAILED,INSUFFICIENT_FUNDS,2,0.91,15,False,SEND_PAYMENT_LINK
CASE_04123,CUST_04123,Michael Farrell,999,FAILED,INSUFFICIENT_FUNDS,3,0.54,0,False,STOP
CASE_04124,CUST_04124,Christopher Best,499,FAILED,NETWORK_ERROR,3,0.47,20,False,STOP
CASE_04125,CUST_04125,Michael Pitts,25000,FAILED,INSUFFICIENT_FUNDS,0,0.49,20,False,SEND_PAYMENT_LINK
CASE_04126,CUST_04126,Anne Mcclure,9999,FAILED,INSUFFICIENT_FUNDS,2,0.29,0,False,SEND_PAYMENT_LINK
CASE_04127,CUST_04127,David Cooper,4999,FAILED,INSUFFICIENT_FUNDS,0,0.82,30,False,ESCALATE_HUMAN
CASE_04128,CUST_04128,Carmen Perez,4999,FAILED,BANK_ERROR,1,0.36,20,False,SEND_PAYMENT_LINK
CASE_04129,CUST_04129,Jennifer Neal,25000,ABANDONED,NONE,0,0.61,5,True,SEND_PAYMENT_LINK
CASE_04130,CUST_04130,Pamela Key,7999,ABANDONED,NONE,0,0.78,30,True,ESCALATE_HUMAN
CASE_04131,CUST_04131,Jeffrey Small,499,FAILED,NETWORK_ERROR,1,0.24,10,False,SEND_PAYMENT_LINK
CASE_04132,CUST_04132,Roy Quinn,4999,FAILED,BANK_ERROR,3,0.25,0,False,STOP
CASE_04133,CUST_04133,Christopher Stone,100000,FAILED,TIMEOUT,1,0.22,10,False,ESCALATE_HUMAN
CASE_04134,CUST_04134,Jamie Miller,100000,FAILED,BANK_ERROR,2,0.73,0,False,ESCALATE_HUMAN
CASE_04135,CUST_04135,Cory Roman,50000,ABANDONED,NONE,0,0.86,30,True,ESCALATE_HUMAN
CASE_04136,CUST_04136,Jennifer Walker,50000,ABANDONED,NONE,3,0.31,10,True,STOP
CASE_04137,CUST_04137,Michele Valdez,7999,FAILED,CARD_DECLINED,2,0.29,15,False,SEND_PAYMENT_LINK
CASE_04138,CUST_04138,Jose Burch,9999,FAILED,CARD_DECLINED,0,0.44,0,False,SEND_PAYMENT_LINK
CASE_04139,CUST_04139,Joyce Hunt,15000,FAILED,INSUFFICIENT_FUNDS,3,0.8,30,False,STOP
CASE_04140,CUST_04140,Brady Conner,4999,FAILED,CARD_DECLINED,2,0.6,5,False,SEND_PAYMENT_LINK
CASE_04141,CUST_04141,Rebecca King,50000,FAILED,TIMEOUT,2,0.67,45,False,ESCALATE_HUMAN
CASE_04142,CUST_04142,Amber Johnson,499,FAILED,NETWORK_ERROR,0,0.33,10,False,SEND_PAYMENT_LINK
CASE_04143,CUST_04143,Richard Hale,4999,FAILED,TIMEOUT,1,0.98,15,False,RETRY_PAYMENT
CASE_04144,CUST_04144,Daniel Silva,25000,FAILED,INSUFFICIENT_FUNDS,2,0.69,0,False,SEND_PAYMENT_LINK
CASE_04145,CUST_04145,Joseph Benson,15000,FAILED,INSUFFICIENT_FUNDS,1,0.23,0,False,SEND_PAYMENT_LINK
CASE_04146,CUST_04146,Colleen Reeves,50000,ABANDONED,NONE,3,0.58,45,True,STOP
CASE_04147,CUST_04147,Samantha Vasquez,9999,ABANDONED,NONE,2,0.69,0,True,SEND_PAYMENT_LINK
CASE_04148,CUST_04148,Jamie Pearson,75000,FAILED,TIMEOUT,3,0.79,45,False,STOP
CASE_04149,CUST_04149,Emily Nelson,100000,FAILED,BANK_ERROR,0,0.6,0,False,ESCALATE_HUMAN
CASE_04150,CUST_04150,Michael Brooks,50000,FAILED,CARD_DECLINED,3,0.76,10,False,STOP
CASE_04151,CUST_04151,Deborah Lee,999,ABANDONED,NONE,1,0.4,5,True,SEND_PAYMENT_LINK
CASE_04152,CUST_04152,Jimmy Hernandez,1499,ABANDONED,NONE,0,0.79,15,True,SEND_PAYMENT_LINK
CASE_04153,CUST_04153,Brooke Garcia,100000,ABANDONED,NONE,2,0.33,20,True,ESCALATE_HUMAN
CASE_04154,CUST_04154,Anthony Brown,15000,FAILED,CARD_DECLINED,1,0.28,30,False,ESCALATE_HUMAN
CASE_04155,CUST_04155,Mark Phillips,2499,FAILED,NETWORK_ERROR,3,0.35,5,False,STOP
CASE_04156,CUST_04156,Elizabeth Blackwell,75000,FAILED,INSUFFICIENT_FUNDS,0,0.99,45,False,ESCALATE_HUMAN
CASE_04157,CUST_04157,Marc Clark,999,ABANDONED,NONE,1,0.44,0,True,SEND_PAYMENT_LINK
CASE_04158,CUST_04158,Michael Solis,9999,FAILED,INSUFFICIENT_FUNDS,2,0.53,45,False,ESCALATE_HUMAN
CASE_04159,CUST_04159,Melissa Sandoval,50000,FAILED,NETWORK_ERROR,1,0.39,30,False,ESCALATE_HUMAN
CASE_04160,CUST_04160,Dr. Brian Gay,100000,FAILED,BANK_ERROR,3,0.3,45,False,STOP
CASE_04161,CUST_04161,Thomas Murphy,50000,FAILED,BANK_ERROR,1,0.38,0,False,SEND_PAYMENT_LINK
CASE_04162,CUST_04162,Robert Salinas,499,ABANDONED,NONE,2,0.86,45,True,ESCALATE_HUMAN
CASE_04163,CUST_04163,Stacey Morrison,75000,ABANDONED,NONE,0,0.74,45,True,ESCALATE_HUMAN
CASE_04164,CUST_04164,Kelsey Robinson,4999,ABANDONED,NONE,3,0.66,10,True,STOP
CASE_04165,CUST_04165,Drew Gamble,999,ABANDONED,NONE,3,0.6,15,True,STOP
CASE_04166,CUST_04166,Christopher Maxwell,2499,FAILED,CARD_DECLINED,0,0.87,5,False,SEND_PAYMENT_LINK
CASE_04167,CUST_04167,Donald Wilson,15000,FAILED,INSUFFICIENT_FUNDS,0,0.46,0,False,SEND_PAYMENT_LINK
CASE_04168,CUST_04168,Randy Pace,25000,FAILED,INSUFFICIENT_FUNDS,3,0.33,45,False,STOP
CASE_04169,CUST_04169,Sydney Garcia DDS,2499,FAILED,CARD_DECLINED,3,0.53,45,False,STOP
CASE_04170,CUST_04170,Andrew Black,499,FAILED,TIMEOUT,3,0.52,0,False,STOP
CASE_04171,CUST_04171,Carmen Green,2499,ABANDONED,NONE,0,0.34,0,True,SEND_PAYMENT_LINK
CASE_04172,CUST_04172,Stacey Gutierrez,75000,FAILED,TIMEOUT,0,0.32,45,False,ESCALATE_HUMAN
CASE_04173,CUST_04173,Thomas Rhodes,25000,ABANDONED,NONE,0,0.61,0,True,SEND_PAYMENT_LINK
CASE_04174,CUST_04174,Kristen Richards,499,ABANDONED,NONE,0,0.93,20,True,SEND_PAYMENT_LINK
CASE_04175,CUST_04175,Christopher Lopez,100000,FAILED,TIMEOUT,0,0.56,0,False,ESCALATE_HUMAN
CASE_04176,CUST_04176,Robert Johnson,2499,ABANDONED,NONE,1,0.67,0,True,SEND_PAYMENT_LINK
CASE_04177,CUST_04177,Rhonda Perez,9999,FAILED,BANK_ERROR,2,0.92,45,False,ESCALATE_HUMAN
CASE_04178,CUST_04178,Corey Welch,75000,ABANDONED,NONE,2,0.69,30,True,ESCALATE_HUMAN
CASE_04179,CUST_04179,Richard May,499,FAILED,INSUFFICIENT_FUNDS,0,0.54,15,False,SEND_PAYMENT_LINK
CASE_04180,CUST_04180,Madeline Anderson,15000,ABANDONED,NONE,1,1.0,5,True,SEND_PAYMENT_LINK
CASE_04181,CUST_04181,Michael Conner,7999,FAILED,NETWORK_ERROR,0,0.84,30,False,ESCALATE_HUMAN
CASE_04182,CUST_04182,Sharon Garcia,2499,FAILED,BANK_ERROR,1,0.28,15,False,SEND_PAYMENT_LINK
CASE_04183,CUST_04183,Melanie Miller,7999,FAILED,INSUFFICIENT_FUNDS,3,0.74,0,False,STOP
CASE_04184,CUST_04184,Ryan Gray,7999,FAILED,TIMEOUT,3,0.69,5,False,STOP
CASE_04185,CUST_04185,Billy Moreno,25000,FAILED,INSUFFICIENT_FUNDS,2,0.24,15,False,SEND_PAYMENT_LINK
CASE_04186,CUST_04186,Emily Gomez,25000,FAILED,TIMEOUT,0,0.45,10,False,SEND_PAYMENT_LINK
CASE_04187,CUST_04187,Darryl White,15000,FAILED,TIMEOUT,1,0.95,15,False,RETRY_PAYMENT
CASE_04188,CUST_04188,Matthew Pope,499,FAILED,NETWORK_ERROR,3,0.29,20,False,STOP
CASE_04189,CUST_04189,Dale Russo,25000,FAILED,TIMEOUT,3,0.9,30,False,STOP
CASE_04190,CUST_04190,Philip Campbell,50000,ABANDONED,NONE,0,0.9,0,True,SEND_PAYMENT_LINK
CASE_04191,CUST_04191,Samantha Harper,2499,FAILED,INSUFFICIENT_FUNDS,2,0.54,10,False,SEND_PAYMENT_LINK
CASE_04192,CUST_04192,Angela Thomas,4999,ABANDONED,NONE,3,0.66,10,True,STOP
CASE_04193,CUST_04193,Todd Potts,499,FAILED,NETWORK_ERROR,3,0.96,0,False,STOP
CASE_04194,CUST_04194,Patrick Brown,999,ABANDONED,NONE,1,0.95,15,True,SEND_PAYMENT_LINK
CASE_04195,CUST_04195,Joshua Harmon,15000,FAILED,NETWORK_ERROR,1,0.89,15,False,RETRY_PAYMENT
CASE_04196,CUST_04196,Fred Anthony,50000,ABANDONED,NONE,2,0.56,0,True,SEND_PAYMENT_LINK
CASE_04197,CUST_04197,Kelly Jones,50000,FAILED,NETWORK_ERROR,1,0.28,20,False,SEND_PAYMENT_LINK
CASE_04198,CUST_04198,Krystal Hart,25000,FAILED,TIMEOUT,1,0.65,0,False,RETRY_PAYMENT
CASE_04199,CUST_04199,Christine Young,7999,FAILED,BANK_ERROR,1,0.38,10,False,SEND_PAYMENT_LINK
CASE_04200,CUST_04200,Jacob Raymond,999,ABANDONED,NONE,2,0.26,15,True,SEND_PAYMENT_LINK
CASE_04201,CUST_04201,Philip Cook,75000,FAILED,CARD_DECLINED,1,0.67,20,False,ESCALATE_HUMAN
CASE_04202,CUST_04202,Colton Fernandez,499,ABANDONED,NONE,1,0.44,20,True,SEND_PAYMENT_LINK
CASE_04203,CUST_04203,Tara Ramirez,15000,FAILED,NETWORK_ERROR,1,0.78,15,False,RETRY_PAYMENT
CASE_04204,CUST_04204,Amy Adkins,100000,FAILED,CARD_DECLINED,2,0.72,30,False,ESCALATE_HUMAN
CASE_04205,CUST_04205,Taylor Wilson,4999,FAILED,NETWORK_ERROR,0,0.55,15,False,RETRY_PAYMENT
CASE_04206,CUST_04206,Jason Weaver,1499,FAILED,TIMEOUT,0,0.52,45,False,ESCALATE_HUMAN
CASE_04207,CUST_04207,James Key,999,FAILED,TIMEOUT,1,0.83,10,False,RETRY_PAYMENT
CASE_04208,CUST_04208,Amy Mcintosh,4999,ABANDONED,NONE,3,0.76,0,True,STOP
CASE_04209,CUST_04209,Brian Rodriguez,100000,FAILED,CARD_DECLINED,1,0.76,30,False,ESCALATE_HUMAN
CASE_04210,CUST_04210,Kristen Curry,4999,FAILED,BANK_ERROR,1,0.63,10,False,SEND_PAYMENT_LINK
CASE_04211,CUST_04211,Kara Oconnor,2499,FAILED,TIMEOUT,1,0.54,15,False,SEND_PAYMENT_LINK
CASE_04212,CUST_04212,Gary Sanders,100000,FAILED,CARD_DECLINED,3,0.77,0,False,STOP
CASE_04213,CUST_04213,Larry Mendez,999,FAILED,NETWORK_ERROR,3,0.56,0,False,STOP
CASE_04214,CUST_04214,Jacqueline Johnston,50000,ABANDONED,NONE,3,0.53,0,True,STOP
CASE_04215,CUST_04215,Kathy Anderson,499,FAILED,INSUFFICIENT_FUNDS,3,0.93,10,False,STOP
CASE_04216,CUST_04216,Ethan Walker,1499,FAILED,BANK_ERROR,1,0.31,5,False,SEND_PAYMENT_LINK
CASE_04217,CUST_04217,Jake Galloway,4999,FAILED,TIMEOUT,1,0.78,20,False,RETRY_PAYMENT
CASE_04218,CUST_04218,Barbara Henderson,25000,FAILED,NETWORK_ERROR,3,0.49,0,False,STOP
CASE_04219,CUST_04219,Kyle Fields,999,ABANDONED,NONE,3,0.69,15,True,STOP
CASE_04220,CUST_04220,Logan Porter,1499,FAILED,INSUFFICIENT_FUNDS,3,0.3,10,False,STOP
CASE_04221,CUST_04221,Judy Oconnor,499,FAILED,BANK_ERROR,1,0.82,15,False,RETRY_PAYMENT
CASE_04222,CUST_04222,Alexander Bush,999,ABANDONED,NONE,2,0.88,15,True,SEND_PAYMENT_LINK
CASE_04223,CUST_04223,Amanda Foster,9999,FAILED,BANK_ERROR,3,0.85,0,False,STOP
CASE_04224,CUST_04224,Nicholas Harris,25000,ABANDONED,NONE,1,0.59,0,True,SEND_PAYMENT_LINK
CASE_04225,CUST_04225,Stanley Kane,9999,FAILED,TIMEOUT,2,0.79,20,False,RETRY_PAYMENT
CASE_04226,CUST_04226,Nicholas Jones,50000,FAILED,INSUFFICIENT_FUNDS,1,0.71,30,False,ESCALATE_HUMAN
CASE_04227,CUST_04227,Andrew Nguyen,75000,ABANDONED,NONE,3,0.88,10,True,STOP
CASE_04228,CUST_04228,Amy Decker,999,FAILED,CARD_DECLINED,0,0.22,45,False,ESCALATE_HUMAN
CASE_04229,CUST_04229,Alexander Montoya,7999,FAILED,BANK_ERROR,2,0.47,5,False,SEND_PAYMENT_LINK
CASE_04230,CUST_04230,Alejandro Martinez,4999,FAILED,INSUFFICIENT_FUNDS,3,0.58,0,False,STOP
CASE_04231,CUST_04231,Ryan Edwards,25000,FAILED,CARD_DECLINED,0,0.44,5,False,SEND_PAYMENT_LINK
CASE_04232,CUST_04232,Deborah Obrien,2499,FAILED,INSUFFICIENT_FUNDS,2,0.42,0,False,SEND_PAYMENT_LINK
CASE_04233,CUST_04233,Ryan Gonzalez,7999,ABANDONED,NONE,2,0.66,5,True,SEND_PAYMENT_LINK
CASE_04234,CUST_04234,Michael Walker,1499,FAILED,TIMEOUT,0,0.41,30,False,ESCALATE_HUMAN
CASE_04235,CUST_04235,Sharon Humphrey,25000,ABANDONED,NONE,2,0.37,0,True,SEND_PAYMENT_LINK
CASE_04236,CUST_04236,Robert Gregory,100000,FAILED,INSUFFICIENT_FUNDS,0,0.67,10,False,ESCALATE_HUMAN
CASE_04237,CUST_04237,Nicholas Marsh,2499,ABANDONED,NONE,3,0.72,20,True,STOP
CASE_04238,CUST_04238,Hannah Rowe,999,FAILED,TIMEOUT,2,0.6,0,False,RETRY_PAYMENT
CASE_04239,CUST_04239,Ronald Rodriguez,100000,ABANDONED,NONE,1,0.27,5,True,ESCALATE_HUMAN
CASE_04240,CUST_04240,Julie Mccarthy,50000,FAILED,INSUFFICIENT_FUNDS,0,0.95,10,False,ESCALATE_HUMAN
CASE_04241,CUST_04241,Carla Thomas,15000,ABANDONED,NONE,1,0.71,0,True,SEND_PAYMENT_LINK
CASE_04242,CUST_04242,Russell Hernandez,15000,FAILED,CARD_DECLINED,3,0.28,20,False,STOP
CASE_04243,CUST_04243,Jessica Mcdonald,75000,FAILED,NETWORK_ERROR,2,0.3,30,False,ESCALATE_HUMAN
CASE_04244,CUST_04244,Ashley Carpenter,499,ABANDONED,NONE,0,0.31,20,True,SEND_PAYMENT_LINK
CASE_04245,CUST_04245,Amanda Henderson,50000,FAILED,BANK_ERROR,0,0.5,10,False,RETRY_PAYMENT
CASE_04246,CUST_04246,Susan Patel,100000,FAILED,TIMEOUT,3,0.23,0,False,STOP
CASE_04247,CUST_04247,Aaron Rivera,2499,FAILED,BANK_ERROR,3,0.9,15,False,STOP
CASE_04248,CUST_04248,Mr. Matthew Hendricks DDS,100000,FAILED,INSUFFICIENT_FUNDS,1,0.33,0,False,ESCALATE_HUMAN
CASE_04249,CUST_04249,Kristen Goodwin,999,FAILED,BANK_ERROR,0,0.52,30,False,ESCALATE_HUMAN
CASE_04250,CUST_04250,Alicia Nichols,499,FAILED,INSUFFICIENT_FUNDS,0,0.4,0,False,SEND_PAYMENT_LINK
CASE_04251,CUST_04251,Lisa Webster,499,FAILED,NETWORK_ERROR,3,0.91,5,False,STOP
CASE_04252,CUST_04252,Jessica Giles,100000,FAILED,BANK_ERROR,1,0.88,10,False,ESCALATE_HUMAN
CASE_04253,CUST_04253,Michelle Powers,499,FAILED,INSUFFICIENT_FUNDS,1,0.9,0,False,SEND_PAYMENT_LINK
CASE_04254,CUST_04254,Mark Gomez,1499,FAILED,TIMEOUT,2,0.5,0,False,RETRY_PAYMENT
CASE_04255,CUST_04255,James White,75000,FAILED,TIMEOUT,0,0.81,10,False,ESCALATE_HUMAN
CASE_04256,CUST_04256,James Garcia,25000,FAILED,BANK_ERROR,1,0.66,5,False,RETRY_PAYMENT
CASE_04257,CUST_04257,Ryan Fischer,1499,FAILED,BANK_ERROR,3,0.96,0,False,STOP
CASE_04258,CUST_04258,Caleb Mercer,2499,FAILED,BANK_ERROR,2,0.47,20,False,SEND_PAYMENT_LINK
CASE_04259,CUST_04259,Holly Sellers,75000,FAILED,INSUFFICIENT_FUNDS,1,0.37,0,False,ESCALATE_HUMAN
CASE_04260,CUST_04260,Andrea Miller,25000,ABANDONED,NONE,2,0.82,10,True,SEND_PAYMENT_LINK
CASE_04261,CUST_04261,Roger Wolfe,50000,ABANDONED,NONE,3,0.83,0,True,STOP
CASE_04262,CUST_04262,Christopher Oliver,4999,ABANDONED,NONE,3,0.35,0,True,STOP
CASE_04263,CUST_04263,Nathaniel Moore,100000,FAILED,CARD_DECLINED,2,0.4,30,False,ESCALATE_HUMAN
CASE_04264,CUST_04264,James Leonard,75000,ABANDONED,NONE,1,0.42,45,True,ESCALATE_HUMAN
CASE_04265,CUST_04265,Melinda Perez,75000,FAILED,BANK_ERROR,3,0.86,15,False,STOP
CASE_04266,CUST_04266,Vanessa Collins DDS,9999,FAILED,INSUFFICIENT_FUNDS,1,1.0,20,False,SEND_PAYMENT_LINK
CASE_04267,CUST_04267,Margaret Gonzalez,7999,FAILED,CARD_DECLINED,0,0.41,20,False,SEND_PAYMENT_LINK
CASE_04268,CUST_04268,Juan Howard,1499,FAILED,BANK_ERROR,0,0.7,20,False,RETRY_PAYMENT
CASE_04269,CUST_04269,Steven Singleton,999,FAILED,NETWORK_ERROR,2,0.38,20,False,SEND_PAYMENT_LINK
CASE_04270,CUST_04270,Cory Espinoza,50000,FAILED,BANK_ERROR,2,0.9,10,False,RETRY_PAYMENT
CASE_04271,CUST_04271,Robert Harris,9999,ABANDONED,NONE,2,0.73,15,True,SEND_PAYMENT_LINK
CASE_04272,CUST_04272,Lauren Owens,2499,ABANDONED,NONE,1,0.81,45,True,ESCALATE_HUMAN
CASE_04273,CUST_04273,Christopher Sampson,7999,FAILED,BANK_ERROR,2,0.36,20,False,SEND_PAYMENT_LINK
CASE_04274,CUST_04274,Henry Coleman,15000,FAILED,INSUFFICIENT_FUNDS,0,0.47,0,False,SEND_PAYMENT_LINK
CASE_04275,CUST_04275,Renee Lloyd,1499,ABANDONED,NONE,3,0.96,45,True,STOP
CASE_04276,CUST_04276,Candice Kaufman,2499,FAILED,INSUFFICIENT_FUNDS,1,0.95,10,False,SEND_PAYMENT_LINK
CASE_04277,CUST_04277,Sandra Garrett,9999,FAILED,CARD_DECLINED,3,0.4,0,False,STOP
CASE_04278,CUST_04278,Sean Mccarty,9999,FAILED,NETWORK_ERROR,1,0.44,30,False,ESCALATE_HUMAN
CASE_04279,CUST_04279,Daniel Curry,50000,FAILED,CARD_DECLINED,0,0.53,15,False,SEND_PAYMENT_LINK
CASE_04280,CUST_04280,Taylor Hicks,75000,FAILED,TIMEOUT,3,0.92,45,False,STOP
CASE_04281,CUST_04281,David Jacobs,75000,FAILED,NETWORK_ERROR,0,0.22,0,False,ESCALATE_HUMAN
CASE_04282,CUST_04282,Ann Sanchez,15000,FAILED,NETWORK_ERROR,1,0.5,30,False,ESCALATE_HUMAN
CASE_04283,CUST_04283,Jennifer Mcdaniel,100000,FAILED,TIMEOUT,0,0.42,20,False,ESCALATE_HUMAN
CASE_04284,CUST_04284,Sarah Anderson,15000,FAILED,CARD_DECLINED,1,0.51,10,False,SEND_PAYMENT_LINK
CASE_04285,CUST_04285,Victor Delacruz,50000,FAILED,TIMEOUT,1,0.98,10,False,RETRY_PAYMENT
CASE_04286,CUST_04286,Richard Oconnor,9999,FAILED,CARD_DECLINED,2,0.83,30,False,ESCALATE_HUMAN
CASE_04287,CUST_04287,Terry Brooks,9999,FAILED,INSUFFICIENT_FUNDS,2,0.87,0,False,SEND_PAYMENT_LINK
CASE_04288,CUST_04288,Stephanie Ellis,9999,FAILED,INSUFFICIENT_FUNDS,3,0.36,5,False,STOP
CASE_04289,CUST_04289,Ruth Stevenson,50000,FAILED,NETWORK_ERROR,1,0.8,10,False,RETRY_PAYMENT
CASE_04290,CUST_04290,Angela Chavez,499,FAILED,NETWORK_ERROR,2,0.6,0,False,SEND_PAYMENT_LINK
CASE_04291,CUST_04291,Beverly Hill,999,FAILED,NETWORK_ERROR,3,0.77,30,False,STOP
CASE_04292,CUST_04292,Ashley Hampton,999,ABANDONED,NONE,3,0.99,0,True,STOP
CASE_04293,CUST_04293,Andrew Daniel,9999,FAILED,BANK_ERROR,2,0.38,0,False,SEND_PAYMENT_LINK
CASE_04294,CUST_04294,Brittany Beck,499,FAILED,NETWORK_ERROR,0,0.34,0,False,SEND_PAYMENT_LINK
CASE_04295,CUST_04295,Sophia Santos,999,ABANDONED,NONE,1,0.65,10,True,SEND_PAYMENT_LINK
CASE_04296,CUST_04296,Tiffany Maxwell,100000,FAILED,TIMEOUT,1,0.38,10,False,ESCALATE_HUMAN
CASE_04297,CUST_04297,Theodore Smith,4999,FAILED,NETWORK_ERROR,3,0.87,5,False,STOP
CASE_04298,CUST_04298,Michael Turner,75000,FAILED,CARD_DECLINED,0,0.43,45,False,ESCALATE_HUMAN
CASE_04299,CUST_04299,Karen Long,100000,FAILED,TIMEOUT,0,0.96,20,False,ESCALATE_HUMAN
CASE_04300,CUST_04300,Gary Jones,15000,FAILED,TIMEOUT,0,1.0,45,False,ESCALATE_HUMAN
CASE_04301,CUST_04301,David Mccormick,999,FAILED,NETWORK_ERROR,0,0.98,0,False,RETRY_PAYMENT
CASE_04302,CUST_04302,Amber Allen,499,FAILED,INSUFFICIENT_FUNDS,1,0.91,0,False,SEND_PAYMENT_LINK
CASE_04303,CUST_04303,Angela Diaz,1499,ABANDONED,NONE,3,0.94,20,True,STOP
CASE_04304,CUST_04304,Jorge Smith,25000,FAILED,TIMEOUT,0,0.4,0,False,SEND_PAYMENT_LINK
CASE_04305,CUST_04305,Raymond Harris,999,FAILED,INSUFFICIENT_FUNDS,2,0.44,10,False,SEND_PAYMENT_LINK
CASE_04306,CUST_04306,Alicia Delgado,1499,FAILED,BANK_ERROR,2,0.36,20,False,SEND_PAYMENT_LINK
CASE_04307,CUST_04307,Rebecca Mack,499,ABANDONED,NONE,0,0.59,0,True,SEND_PAYMENT_LINK
CASE_04308,CUST_04308,Mason Bowen,2499,ABANDONED,NONE,0,0.26,30,True,ESCALATE_HUMAN
CASE_04309,CUST_04309,Daniel Williams,999,FAILED,NETWORK_ERROR,0,0.36,0,False,SEND_PAYMENT_LINK
CASE_04310,CUST_04310,Hailey Harrison,100000,FAILED,CARD_DECLINED,2,0.94,0,False,ESCALATE_HUMAN
CASE_04311,CUST_04311,Terry Clark,1499,FAILED,NETWORK_ERROR,0,0.33,45,False,ESCALATE_HUMAN
CASE_04312,CUST_04312,Sandra Lawrence,25000,FAILED,INSUFFICIENT_FUNDS,0,0.3,45,False,ESCALATE_HUMAN
CASE_04313,CUST_04313,Timothy Kemp,15000,FAILED,INSUFFICIENT_FUNDS,1,0.93,0,False,SEND_PAYMENT_LINK
CASE_04314,CUST_04314,Damon Foster,50000,FAILED,NETWORK_ERROR,3,0.88,15,False,STOP
CASE_04315,CUST_04315,Patrick Sandoval,15000,ABANDONED,NONE,2,0.89,5,True,SEND_PAYMENT_LINK
CASE_04316,CUST_04316,Gregory Richards,50000,FAILED,BANK_ERROR,0,0.23,30,False,ESCALATE_HUMAN
CASE_04317,CUST_04317,Dennis Greene,4999,FAILED,NETWORK_ERROR,0,0.83,10,False,RETRY_PAYMENT
CASE_04318,CUST_04318,Angie Torres,1499,FAILED,BANK_ERROR,0,0.48,0,False,SEND_PAYMENT_LINK
CASE_04319,CUST_04319,Anthony Brown,999,FAILED,TIMEOUT,2,0.37,0,False,SEND_PAYMENT_LINK
CASE_04320,CUST_04320,John Webb,9999,ABANDONED,NONE,1,0.51,20,True,SEND_PAYMENT_LINK
CASE_04321,CUST_04321,Joshua Kelly,25000,FAILED,INSUFFICIENT_FUNDS,2,0.33,15,False,SEND_PAYMENT_LINK
CASE_04322,CUST_04322,Gordon Knapp,1499,ABANDONED,NONE,2,0.91,0,True,SEND_PAYMENT_LINK
CASE_04323,CUST_04323,Brittany Ramos,1499,FAILED,INSUFFICIENT_FUNDS,3,0.78,0,False,STOP
CASE_04324,CUST_04324,Diana Silva,100000,ABANDONED,NONE,2,0.62,15,True,ESCALATE_HUMAN
CASE_04325,CUST_04325,Adam Shelton,9999,ABANDONED,NONE,2,0.61,5,True,SEND_PAYMENT_LINK
CASE_04326,CUST_04326,Mr. Steven Livingston PhD,499,FAILED,INSUFFICIENT_FUNDS,0,0.67,15,False,SEND_PAYMENT_LINK
CASE_04327,CUST_04327,Kristen Gutierrez,9999,ABANDONED,NONE,2,0.95,20,True,SEND_PAYMENT_LINK
CASE_04328,CUST_04328,Kenneth Stephens,2499,FAILED,INSUFFICIENT_FUNDS,2,0.91,0,False,SEND_PAYMENT_LINK
CASE_04329,CUST_04329,Juan Walker,15000,FAILED,NETWORK_ERROR,1,0.51,0,False,SEND_PAYMENT_LINK
CASE_04330,CUST_04330,Joseph Johnson,7999,ABANDONED,NONE,2,0.22,20,True,SEND_PAYMENT_LINK
CASE_04331,CUST_04331,Nicole Schmitt,499,ABANDONED,NONE,0,0.73,0,True,SEND_PAYMENT_LINK
CASE_04332,CUST_04332,Charlotte Greer,4999,FAILED,TIMEOUT,1,0.2,20,False,SEND_PAYMENT_LINK
CASE_04333,CUST_04333,Melissa Johnson,25000,ABANDONED,NONE,1,0.41,45,True,ESCALATE_HUMAN
CASE_04334,CUST_04334,Jonathan Zuniga,15000,FAILED,TIMEOUT,0,0.97,20,False,RETRY_PAYMENT
CASE_04335,CUST_04335,Alex Rodriguez,9999,FAILED,INSUFFICIENT_FUNDS,0,0.59,45,False,ESCALATE_HUMAN
CASE_04336,CUST_04336,Megan Powell DDS,1499,FAILED,NETWORK_ERROR,3,0.33,45,False,STOP
CASE_04337,CUST_04337,Peter Lam,100000,FAILED,TIMEOUT,2,0.9,0,False,ESCALATE_HUMAN
CASE_04338,CUST_04338,Tina Bernard,1499,FAILED,BANK_ERROR,1,0.34,45,False,ESCALATE_HUMAN
CASE_04339,CUST_04339,Jose Ortiz,1499,FAILED,TIMEOUT,2,0.58,0,False,RETRY_PAYMENT
CASE_04340,CUST_04340,Tracy Gates,7999,FAILED,TIMEOUT,0,0.42,0,False,SEND_PAYMENT_LINK
CASE_04341,CUST_04341,Patrick Fitzgerald,100000,FAILED,NETWORK_ERROR,0,0.38,0,False,ESCALATE_HUMAN
CASE_04342,CUST_04342,Mark Jensen,100000,FAILED,BANK_ERROR,2,0.73,15,False,ESCALATE_HUMAN
CASE_04343,CUST_04343,George Cameron,2499,FAILED,NETWORK_ERROR,1,0.33,45,False,ESCALATE_HUMAN
CASE_04344,CUST_04344,Ernest Miller,50000,FAILED,TIMEOUT,3,0.43,15,False,STOP
CASE_04345,CUST_04345,Jeremy Morrison,15000,FAILED,CARD_DECLINED,3,0.62,0,False,STOP
CASE_04346,CUST_04346,John Stewart,1499,FAILED,TIMEOUT,0,0.92,0,False,RETRY_PAYMENT
CASE_04347,CUST_04347,Ethan Allen,50000,FAILED,INSUFFICIENT_FUNDS,1,0.44,15,False,SEND_PAYMENT_LINK
CASE_04348,CUST_04348,Carla Black,1499,FAILED,INSUFFICIENT_FUNDS,2,0.58,20,False,SEND_PAYMENT_LINK
CASE_04349,CUST_04349,John Buck,15000,FAILED,BANK_ERROR,0,0.34,45,False,ESCALATE_HUMAN
CASE_04350,CUST_04350,Jerry Romero,75000,FAILED,TIMEOUT,3,0.38,15,False,STOP
CASE_04351,CUST_04351,Kelly Smith,15000,FAILED,BANK_ERROR,3,0.65,0,False,STOP
CASE_04352,CUST_04352,Timothy Warren,75000,FAILED,TIMEOUT,1,0.86,30,False,ESCALATE_HUMAN
CASE_04353,CUST_04353,Ashley Garcia,4999,FAILED,NETWORK_ERROR,0,0.46,15,False,SEND_PAYMENT_LINK
CASE_04354,CUST_04354,Jonathan Weber PhD,25000,FAILED,INSUFFICIENT_FUNDS,3,0.83,10,False,STOP
CASE_04355,CUST_04355,Taylor Norman,100000,FAILED,CARD_DECLINED,2,0.35,0,False,ESCALATE_HUMAN
CASE_04356,CUST_04356,Richard Padilla,9999,ABANDONED,NONE,0,0.75,15,True,SEND_PAYMENT_LINK
CASE_04357,CUST_04357,Sara Rodriguez,1499,ABANDONED,NONE,0,0.5,0,True,SEND_PAYMENT_LINK
CASE_04358,CUST_04358,Karen Day,9999,FAILED,NETWORK_ERROR,3,0.39,30,False,STOP
CASE_04359,CUST_04359,Connor Dean,4999,FAILED,NETWORK_ERROR,0,0.27,15,False,SEND_PAYMENT_LINK
CASE_04360,CUST_04360,Ms. Catherine Bradford,1499,ABANDONED,NONE,3,0.27,5,True,STOP
CASE_04361,CUST_04361,Jamie Carney,9999,FAILED,INSUFFICIENT_FUNDS,0,0.31,5,False,SEND_PAYMENT_LINK
CASE_04362,CUST_04362,Tracy Huber,75000,FAILED,CARD_DECLINED,2,0.36,20,False,ESCALATE_HUMAN
CASE_04363,CUST_04363,Amy Marshall,50000,FAILED,CARD_DECLINED,3,0.44,10,False,STOP
CASE_04364,CUST_04364,John Ferguson,15000,ABANDONED,NONE,1,0.46,0,True,SEND_PAYMENT_LINK
CASE_04365,CUST_04365,Theresa Ortega,25000,FAILED,BANK_ERROR,1,0.8,10,False,RETRY_PAYMENT
CASE_04366,CUST_04366,Troy Goodwin,1499,FAILED,INSUFFICIENT_FUNDS,0,0.81,10,False,SEND_PAYMENT_LINK
CASE_04367,CUST_04367,Stephanie Hartman,999,ABANDONED,NONE,1,0.45,15,True,SEND_PAYMENT_LINK
CASE_04368,CUST_04368,Rhonda Callahan,7999,FAILED,NETWORK_ERROR,0,0.46,15,False,SEND_PAYMENT_LINK
CASE_04369,CUST_04369,Ryan Olson,7999,ABANDONED,NONE,2,0.88,0,True,SEND_PAYMENT_LINK
CASE_04370,CUST_04370,Tina Richardson,9999,FAILED,NETWORK_ERROR,3,0.21,10,False,STOP
CASE_04371,CUST_04371,Charles Roy,1499,FAILED,NETWORK_ERROR,0,0.39,5,False,SEND_PAYMENT_LINK
CASE_04372,CUST_04372,Haley Green,2499,FAILED,CARD_DECLINED,2,0.74,10,False,SEND_PAYMENT_LINK
CASE_04373,CUST_04373,Beth Smith,7999,FAILED,BANK_ERROR,0,0.46,45,False,ESCALATE_HUMAN
CASE_04374,CUST_04374,Patricia Salinas,1499,ABANDONED,NONE,1,0.24,0,True,SEND_PAYMENT_LINK
CASE_04375,CUST_04375,Gary Sampson,1499,ABANDONED,NONE,3,0.35,0,True,STOP
CASE_04376,CUST_04376,Tracey Martinez,15000,FAILED,TIMEOUT,3,0.44,0,False,STOP
CASE_04377,CUST_04377,Reginald Wagner,50000,FAILED,BANK_ERROR,0,0.44,20,False,SEND_PAYMENT_LINK
CASE_04378,CUST_04378,Candice Daniel,15000,FAILED,TIMEOUT,2,0.75,0,False,RETRY_PAYMENT
CASE_04379,CUST_04379,Kristen Rojas,9999,ABANDONED,NONE,1,0.58,0,True,SEND_PAYMENT_LINK
CASE_04380,CUST_04380,Shaun Caldwell,9999,FAILED,BANK_ERROR,2,0.8,5,False,RETRY_PAYMENT
CASE_04381,CUST_04381,Wayne Warner,999,FAILED,CARD_DECLINED,1,0.6,10,False,SEND_PAYMENT_LINK
CASE_04382,CUST_04382,Emily Dunn,25000,FAILED,TIMEOUT,1,0.32,20,False,SEND_PAYMENT_LINK
CASE_04383,CUST_04383,Andrew Owen,999,FAILED,TIMEOUT,1,0.71,5,False,RETRY_PAYMENT
CASE_04384,CUST_04384,Anthony Wright,2499,ABANDONED,NONE,3,0.27,0,True,STOP
CASE_04385,CUST_04385,Larry Fields,499,FAILED,TIMEOUT,1,0.77,15,False,RETRY_PAYMENT
CASE_04386,CUST_04386,Lee Oneal,9999,FAILED,NETWORK_ERROR,1,0.35,15,False,SEND_PAYMENT_LINK
CASE_04387,CUST_04387,Diane Tapia,9999,FAILED,NETWORK_ERROR,0,0.61,15,False,RETRY_PAYMENT
CASE_04388,CUST_04388,Tammy Cole,50000,FAILED,TIMEOUT,3,0.66,0,False,STOP
CASE_04389,CUST_04389,Jessica Anderson,2499,FAILED,INSUFFICIENT_FUNDS,2,0.78,5,False,SEND_PAYMENT_LINK
CASE_04390,CUST_04390,Julie Becker DDS,1499,FAILED,TIMEOUT,3,0.72,30,False,STOP
CASE_04391,CUST_04391,Steven Black,15000,FAILED,INSUFFICIENT_FUNDS,2,0.5,30,False,ESCALATE_HUMAN
CASE_04392,CUST_04392,Rachel Thomas,100000,FAILED,BANK_ERROR,3,0.21,0,False,STOP
CASE_04393,CUST_04393,Teresa Burns,50000,FAILED,INSUFFICIENT_FUNDS,1,0.74,0,False,SEND_PAYMENT_LINK
CASE_04394,CUST_04394,Laura Riley,75000,ABANDONED,NONE,3,0.54,20,True,STOP
CASE_04395,CUST_04395,Aaron Myers,100000,ABANDONED,NONE,2,0.25,0,True,ESCALATE_HUMAN
CASE_04396,CUST_04396,Robert Rodriguez,75000,ABANDONED,NONE,3,0.25,0,True,STOP
CASE_04397,CUST_04397,Derrick Lee,50000,FAILED,CARD_DECLINED,0,0.86,15,False,SEND_PAYMENT_LINK
CASE_04398,CUST_04398,Jerry Schneider,499,ABANDONED,NONE,0,0.84,0,True,SEND_PAYMENT_LINK
CASE_04399,CUST_04399,Jordan White,1499,FAILED,BANK_ERROR,0,0.74,20,False,RETRY_PAYMENT
CASE_04400,CUST_04400,Lindsey Lawson,25000,ABANDONED,NONE,0,0.51,30,True,ESCALATE_HUMAN
CASE_04401,CUST_04401,Charles Love MD,75000,ABANDONED,NONE,1,0.47,0,True,ESCALATE_HUMAN
CASE_04402,CUST_04402,Christopher Andrews,1499,FAILED,NETWORK_ERROR,0,0.63,0,False,RETRY_PAYMENT
CASE_04403,CUST_04403,Timothy Larson,1499,ABANDONED,NONE,2,0.72,15,True,SEND_PAYMENT_LINK
CASE_04404,CUST_04404,Andrew Mitchell,9999,FAILED,NETWORK_ERROR,0,0.27,0,False,SEND_PAYMENT_LINK
CASE_04405,CUST_04405,Raymond Moore,50000,FAILED,BANK_ERROR,0,0.23,5,False,SEND_PAYMENT_LINK
CASE_04406,CUST_04406,Heidi Liu,15000,FAILED,BANK_ERROR,1,0.9,0,False,RETRY_PAYMENT
CASE_04407,CUST_04407,Carolyn Hill,2499,FAILED,INSUFFICIENT_FUNDS,3,0.48,45,False,STOP
CASE_04408,CUST_04408,Andrea Flynn,9999,ABANDONED,NONE,1,0.3,30,True,ESCALATE_HUMAN
CASE_04409,CUST_04409,Julie Mcintyre,25000,FAILED,TIMEOUT,3,0.73,5,False,STOP
CASE_04410,CUST_04410,Brandi Rodriguez,75000,ABANDONED,NONE,3,0.47,0,True,STOP
CASE_04411,CUST_04411,John Fry,7999,FAILED,CARD_DECLINED,1,0.23,0,False,SEND_PAYMENT_LINK
CASE_04412,CUST_04412,Lindsey Mayer,4999,FAILED,NETWORK_ERROR,2,0.33,20,False,SEND_PAYMENT_LINK
CASE_04413,CUST_04413,Jessica Wallace,9999,FAILED,BANK_ERROR,3,0.56,5,False,STOP
CASE_04414,CUST_04414,Stephanie Taylor,7999,FAILED,BANK_ERROR,3,0.35,10,False,STOP
CASE_04415,CUST_04415,April Short,7999,FAILED,BANK_ERROR,1,0.59,15,False,SEND_PAYMENT_LINK
CASE_04416,CUST_04416,Felicia Gross,7999,ABANDONED,NONE,3,0.98,10,True,STOP
CASE_04417,CUST_04417,Kristen Jones,25000,ABANDONED,NONE,2,0.67,0,True,SEND_PAYMENT_LINK
CASE_04418,CUST_04418,Mallory Dunlap,1499,FAILED,CARD_DECLINED,2,0.77,0,False,SEND_PAYMENT_LINK
CASE_04419,CUST_04419,Joshua Johnson,499,FAILED,NETWORK_ERROR,1,0.45,20,False,SEND_PAYMENT_LINK
CASE_04420,CUST_04420,Maria Norris,50000,FAILED,CARD_DECLINED,3,0.46,45,False,STOP
CASE_04421,CUST_04421,Brianna Mejia,7999,FAILED,BANK_ERROR,0,0.89,0,False,RETRY_PAYMENT
CASE_04422,CUST_04422,Rebecca Howard,15000,ABANDONED,NONE,3,0.34,5,True,STOP
CASE_04423,CUST_04423,Travis Black,100000,FAILED,TIMEOUT,3,0.67,5,False,STOP
CASE_04424,CUST_04424,Raven Colon,4999,FAILED,BANK_ERROR,0,0.3,0,False,SEND_PAYMENT_LINK
CASE_04425,CUST_04425,Hannah Alvarez,4999,ABANDONED,NONE,2,0.92,0,True,SEND_PAYMENT_LINK
CASE_04426,CUST_04426,Sheila Buchanan,1499,FAILED,INSUFFICIENT_FUNDS,3,0.57,0,False,STOP
CASE_04427,CUST_04427,Martin Hernandez,4999,FAILED,NETWORK_ERROR,3,0.89,0,False,STOP
CASE_04428,CUST_04428,Christopher Hardy,7999,FAILED,CARD_DECLINED,2,0.76,0,False,SEND_PAYMENT_LINK
CASE_04429,CUST_04429,James Blackburn,15000,FAILED,BANK_ERROR,1,0.72,45,False,ESCALATE_HUMAN
CASE_04430,CUST_04430,Kevin Schneider,1499,FAILED,INSUFFICIENT_FUNDS,3,0.64,0,False,STOP
CASE_04431,CUST_04431,Christopher Harris,2499,FAILED,NETWORK_ERROR,1,0.75,10,False,RETRY_PAYMENT
CASE_04432,CUST_04432,Debra Smith,7999,FAILED,NETWORK_ERROR,3,0.52,30,False,STOP
CASE_04433,CUST_04433,Patricia Perkins,499,ABANDONED,NONE,1,0.53,5,True,SEND_PAYMENT_LINK
CASE_04434,CUST_04434,Cameron Elliott,75000,FAILED,CARD_DECLINED,3,0.36,0,False,STOP
CASE_04435,CUST_04435,Jennifer Davis,999,FAILED,BANK_ERROR,0,0.86,0,False,RETRY_PAYMENT
CASE_04436,CUST_04436,Shannon Diaz,100000,FAILED,CARD_DECLINED,2,0.3,10,False,ESCALATE_HUMAN
CASE_04437,CUST_04437,Maria Arnold,25000,FAILED,BANK_ERROR,1,0.54,30,False,ESCALATE_HUMAN
CASE_04438,CUST_04438,Colleen West,75000,ABANDONED,NONE,0,0.96,45,True,ESCALATE_HUMAN
CASE_04439,CUST_04439,Kimberly Harris,1499,ABANDONED,NONE,3,0.78,0,True,STOP
CASE_04440,CUST_04440,Deanna Payne,100000,FAILED,NETWORK_ERROR,0,0.88,10,False,ESCALATE_HUMAN
CASE_04441,CUST_04441,Melissa Brewer,50000,FAILED,NETWORK_ERROR,1,0.22,15,False,SEND_PAYMENT_LINK
CASE_04442,CUST_04442,Randy Cervantes,9999,FAILED,CARD_DECLINED,0,0.29,5,False,SEND_PAYMENT_LINK
CASE_04443,CUST_04443,Dana Hale,1499,FAILED,CARD_DECLINED,2,0.81,0,False,SEND_PAYMENT_LINK
CASE_04444,CUST_04444,Tanya Ross,50000,FAILED,INSUFFICIENT_FUNDS,0,0.86,0,False,ESCALATE_HUMAN
CASE_04445,CUST_04445,Donna Hughes,7999,FAILED,NETWORK_ERROR,0,0.58,45,False,ESCALATE_HUMAN
CASE_04446,CUST_04446,Katherine Baker,100000,FAILED,CARD_DECLINED,0,0.37,45,False,ESCALATE_HUMAN
CASE_04447,CUST_04447,Rachel Cunningham,100000,FAILED,INSUFFICIENT_FUNDS,2,0.71,0,False,ESCALATE_HUMAN
CASE_04448,CUST_04448,Christopher Snyder,4999,FAILED,INSUFFICIENT_FUNDS,1,0.25,20,False,SEND_PAYMENT_LINK
CASE_04449,CUST_04449,Ashley Strong,9999,FAILED,TIMEOUT,1,0.87,5,False,RETRY_PAYMENT
CASE_04450,CUST_04450,Chris Lopez,25000,FAILED,INSUFFICIENT_FUNDS,1,0.58,30,False,ESCALATE_HUMAN
CASE_04451,CUST_04451,Andrea Green,7999,FAILED,CARD_DECLINED,0,0.36,0,False,SEND_PAYMENT_LINK
CASE_04452,CUST_04452,Dean Nelson,999,ABANDONED,NONE,2,0.51,30,True,ESCALATE_HUMAN
CASE_04453,CUST_04453,Timothy Skinner,999,ABANDONED,NONE,3,0.64,0,True,STOP
CASE_04454,CUST_04454,Mary Jacobs,999,FAILED,BANK_ERROR,3,0.83,0,False,STOP
CASE_04455,CUST_04455,Amy Wallace,9999,FAILED,NETWORK_ERROR,0,0.55,0,False,RETRY_PAYMENT
CASE_04456,CUST_04456,Justin Gonzalez,9999,ABANDONED,NONE,3,0.29,30,True,STOP
CASE_04457,CUST_04457,Wendy Vasquez,9999,ABANDONED,NONE,2,0.66,45,True,ESCALATE_HUMAN
CASE_04458,CUST_04458,Linda Maldonado,2499,FAILED,BANK_ERROR,3,0.25,0,False,STOP
CASE_04459,CUST_04459,Adrian Abbott,100000,FAILED,TIMEOUT,2,0.98,45,False,ESCALATE_HUMAN
CASE_04460,CUST_04460,Brian Perez,2499,FAILED,BANK_ERROR,2,0.49,45,False,ESCALATE_HUMAN
CASE_04461,CUST_04461,Micheal Morrison,999,FAILED,NETWORK_ERROR,2,0.55,0,False,RETRY_PAYMENT
CASE_04462,CUST_04462,Shannon Espinoza,2499,FAILED,BANK_ERROR,1,0.66,45,False,ESCALATE_HUMAN
CASE_04463,CUST_04463,Tristan Nguyen,1499,FAILED,BANK_ERROR,3,0.52,0,False,STOP
CASE_04464,CUST_04464,Angela Hines,999,ABANDONED,NONE,3,0.47,0,True,STOP
CASE_04465,CUST_04465,Patricia Cunningham,999,FAILED,CARD_DECLINED,2,0.94,20,False,SEND_PAYMENT_LINK
CASE_04466,CUST_04466,Angela Schwartz,25000,ABANDONED,NONE,1,0.2,5,True,SEND_PAYMENT_LINK
CASE_04467,CUST_04467,William Johnson,499,FAILED,CARD_DECLINED,2,0.36,30,False,ESCALATE_HUMAN
CASE_04468,CUST_04468,Todd Mills,1499,ABANDONED,NONE,3,0.54,45,True,STOP
CASE_04469,CUST_04469,Madison Cooper,75000,FAILED,INSUFFICIENT_FUNDS,2,0.26,15,False,ESCALATE_HUMAN
CASE_04470,CUST_04470,Melissa Monroe,100000,FAILED,BANK_ERROR,2,0.3,45,False,ESCALATE_HUMAN
CASE_04471,CUST_04471,Melissa Hill,7999,FAILED,NETWORK_ERROR,0,0.97,0,False,RETRY_PAYMENT
CASE_04472,CUST_04472,Sandra Thomas,25000,ABANDONED,NONE,1,0.95,0,True,SEND_PAYMENT_LINK
CASE_04473,CUST_04473,Amy Williams,25000,ABANDONED,NONE,1,0.91,0,True,SEND_PAYMENT_LINK
CASE_04474,CUST_04474,Michelle Browning,75000,ABANDONED,NONE,1,0.64,0,True,ESCALATE_HUMAN
CASE_04475,CUST_04475,William Perez,15000,ABANDONED,NONE,3,0.56,0,True,STOP
CASE_04476,CUST_04476,Megan Stevens,999,FAILED,BANK_ERROR,2,0.3,30,False,ESCALATE_HUMAN
CASE_04477,CUST_04477,Amy Dunn,75000,ABANDONED,NONE,1,0.2,0,True,ESCALATE_HUMAN
CASE_04478,CUST_04478,Howard Mann,499,ABANDONED,NONE,0,0.32,0,True,SEND_PAYMENT_LINK
CASE_04479,CUST_04479,Joshua Edwards,1499,FAILED,BANK_ERROR,1,0.44,10,False,SEND_PAYMENT_LINK
CASE_04480,CUST_04480,Matthew Richardson,15000,FAILED,TIMEOUT,2,0.79,30,False,ESCALATE_HUMAN
CASE_04481,CUST_04481,Michelle Miller,100000,ABANDONED,NONE,3,0.28,20,True,STOP
CASE_04482,CUST_04482,Tyler Cooper,999,ABANDONED,NONE,0,0.5,20,True,SEND_PAYMENT_LINK
CASE_04483,CUST_04483,Collin Hill,7999,ABANDONED,NONE,3,0.82,20,True,STOP
CASE_04484,CUST_04484,Candace Jones,4999,FAILED,CARD_DECLINED,3,0.62,5,False,STOP
CASE_04485,CUST_04485,Isaac Atkinson,2499,FAILED,INSUFFICIENT_FUNDS,0,0.21,15,False,SEND_PAYMENT_LINK
CASE_04486,CUST_04486,Vernon Flores,1499,FAILED,INSUFFICIENT_FUNDS,1,0.99,20,False,SEND_PAYMENT_LINK
CASE_04487,CUST_04487,Keith Dixon,75000,FAILED,BANK_ERROR,3,0.7,0,False,STOP
CASE_04488,CUST_04488,Lisa Nguyen,1499,FAILED,CARD_DECLINED,0,0.81,5,False,SEND_PAYMENT_LINK
CASE_04489,CUST_04489,Keith Crosby,50000,FAILED,NETWORK_ERROR,0,0.49,10,False,SEND_PAYMENT_LINK
CASE_04490,CUST_04490,Lucas Taylor,15000,FAILED,NETWORK_ERROR,0,0.81,15,False,RETRY_PAYMENT
CASE_04491,CUST_04491,Sarah Byrd,15000,FAILED,TIMEOUT,2,0.23,0,False,SEND_PAYMENT_LINK
CASE_04492,CUST_04492,Jeremy Smith,499,FAILED,NETWORK_ERROR,1,0.54,0,False,RETRY_PAYMENT
CASE_04493,CUST_04493,Ms. Kathryn Padilla,1499,ABANDONED,NONE,2,0.65,5,True,SEND_PAYMENT_LINK
CASE_04494,CUST_04494,Joshua Bradley,75000,FAILED,NETWORK_ERROR,2,0.68,45,False,ESCALATE_HUMAN
CASE_04495,CUST_04495,Jennifer Gross,2499,FAILED,INSUFFICIENT_FUNDS,2,0.61,5,False,SEND_PAYMENT_LINK
CASE_04496,CUST_04496,Anna Cherry,7999,ABANDONED,NONE,0,0.68,0,True,SEND_PAYMENT_LINK
CASE_04497,CUST_04497,Brian Lara,4999,ABANDONED,NONE,3,0.66,10,True,STOP
CASE_04498,CUST_04498,Susan Ramos,9999,FAILED,CARD_DECLINED,3,0.99,20,False,STOP
CASE_04499,CUST_04499,James Hansen,4999,FAILED,BANK_ERROR,0,0.9,0,False,RETRY_PAYMENT
CASE_04500,CUST_04500,Emily Davis,15000,FAILED,NETWORK_ERROR,3,0.49,45,False,STOP
CASE_04501,CUST_04501,Stephanie Jones,1499,FAILED,NETWORK_ERROR,2,0.41,0,False,SEND_PAYMENT_LINK
CASE_04502,CUST_04502,Miss Teresa Riley,100000,ABANDONED,NONE,1,0.43,0,True,ESCALATE_HUMAN
CASE_04503,CUST_04503,Victoria Parrish,499,FAILED,TIMEOUT,3,0.73,0,False,STOP
CASE_04504,CUST_04504,Richard Hernandez,4999,ABANDONED,NONE,0,0.46,0,True,SEND_PAYMENT_LINK
CASE_04505,CUST_04505,Traci West,25000,FAILED,INSUFFICIENT_FUNDS,1,0.86,30,False,ESCALATE_HUMAN
CASE_04506,CUST_04506,Michael Smith,999,ABANDONED,NONE,1,0.78,5,True,SEND_PAYMENT_LINK
CASE_04507,CUST_04507,Christopher Hamilton,2499,FAILED,NETWORK_ERROR,1,0.51,5,False,SEND_PAYMENT_LINK
CASE_04508,CUST_04508,Robert Lucero,999,FAILED,TIMEOUT,0,0.67,45,False,ESCALATE_HUMAN
CASE_04509,CUST_04509,Bruce Hernandez,50000,FAILED,TIMEOUT,3,0.62,0,False,STOP
CASE_04510,CUST_04510,Grace Roberts MD,4999,FAILED,BANK_ERROR,1,0.47,10,False,SEND_PAYMENT_LINK
CASE_04511,CUST_04511,Edgar Robinson,999,FAILED,CARD_DECLINED,1,0.7,0,False,SEND_PAYMENT_LINK
CASE_04512,CUST_04512,Elizabeth Howard,50000,FAILED,TIMEOUT,2,0.77,30,False,ESCALATE_HUMAN
CASE_04513,CUST_04513,Carmen Pineda,9999,ABANDONED,NONE,0,0.39,20,True,SEND_PAYMENT_LINK
CASE_04514,CUST_04514,Carol Moreno,9999,FAILED,CARD_DECLINED,0,0.61,0,False,SEND_PAYMENT_LINK
CASE_04515,CUST_04515,Ryan Bowman,1499,FAILED,NETWORK_ERROR,0,0.48,10,False,SEND_PAYMENT_LINK
CASE_04516,CUST_04516,Samuel Shaw,15000,FAILED,NETWORK_ERROR,0,0.9,5,False,RETRY_PAYMENT
CASE_04517,CUST_04517,Matthew Mclean,999,FAILED,TIMEOUT,2,0.74,5,False,SEND_PAYMENT_LINK
CASE_04518,CUST_04518,Matthew Jackson,100000,FAILED,TIMEOUT,3,0.6,5,False,STOP
CASE_04519,CUST_04519,Tony Bell,50000,ABANDONED,NONE,2,0.98,0,True,SEND_PAYMENT_LINK
CASE_04520,CUST_04520,Timothy Lin,25000,FAILED,INSUFFICIENT_FUNDS,1,0.73,5,False,SEND_PAYMENT_LINK
CASE_04521,CUST_04521,Scott French,15000,ABANDONED,NONE,2,0.72,0,True,SEND_PAYMENT_LINK
CASE_04522,CUST_04522,Brad White,9999,ABANDONED,NONE,3,0.58,0,True,STOP
CASE_04523,CUST_04523,Angela Russell,25000,ABANDONED,NONE,3,0.52,0,True,STOP
CASE_04524,CUST_04524,Joy Thomas,75000,FAILED,NETWORK_ERROR,1,0.55,45,False,ESCALATE_HUMAN
CASE_04525,CUST_04525,Brittany Smith,75000,FAILED,TIMEOUT,0,0.78,20,False,ESCALATE_HUMAN
CASE_04526,CUST_04526,Catherine Kelley,75000,FAILED,NETWORK_ERROR,3,0.34,0,False,STOP
CASE_04527,CUST_04527,Michael Brown,1499,ABANDONED,NONE,3,0.55,45,True,STOP
CASE_04528,CUST_04528,Connor Young,100000,FAILED,CARD_DECLINED,1,0.56,20,False,ESCALATE_HUMAN
CASE_04529,CUST_04529,Ashley Downs,999,ABANDONED,NONE,2,0.34,45,True,ESCALATE_HUMAN
CASE_04530,CUST_04530,Brenda Patterson,75000,FAILED,NETWORK_ERROR,2,0.66,5,False,ESCALATE_HUMAN
CASE_04531,CUST_04531,Leah Lee,7999,FAILED,BANK_ERROR,2,0.47,30,False,ESCALATE_HUMAN
CASE_04532,CUST_04532,Mark Hicks,15000,ABANDONED,NONE,1,0.55,30,True,ESCALATE_HUMAN
CASE_04533,CUST_04533,Holly Rogers,9999,FAILED,TIMEOUT,1,0.93,15,False,RETRY_PAYMENT
CASE_04534,CUST_04534,Charles Davis,100000,FAILED,INSUFFICIENT_FUNDS,0,0.94,10,False,ESCALATE_HUMAN
CASE_04535,CUST_04535,Dale Gibson,999,ABANDONED,NONE,0,0.91,20,True,SEND_PAYMENT_LINK
CASE_04536,CUST_04536,Janice Valenzuela,7999,ABANDONED,NONE,1,0.66,0,True,SEND_PAYMENT_LINK
CASE_04537,CUST_04537,Christopher Day,50000,FAILED,NETWORK_ERROR,2,0.84,45,False,ESCALATE_HUMAN
CASE_04538,CUST_04538,Dylan Turner,25000,ABANDONED,NONE,0,0.72,10,True,SEND_PAYMENT_LINK
CASE_04539,CUST_04539,Angela Schaefer DDS,25000,ABANDONED,NONE,0,0.24,15,True,SEND_PAYMENT_LINK
CASE_04540,CUST_04540,Noah Baker,499,FAILED,CARD_DECLINED,1,0.41,0,False,SEND_PAYMENT_LINK
CASE_04541,CUST_04541,Amanda Maldonado,25000,ABANDONED,NONE,3,0.48,30,True,STOP
CASE_04542,CUST_04542,Angela Vasquez,499,FAILED,TIMEOUT,1,0.67,0,False,RETRY_PAYMENT
CASE_04543,CUST_04543,Matthew Huff,100000,FAILED,INSUFFICIENT_FUNDS,0,0.25,45,False,ESCALATE_HUMAN
CASE_04544,CUST_04544,Mark Barnes,9999,FAILED,NETWORK_ERROR,2,0.34,0,False,SEND_PAYMENT_LINK
CASE_04545,CUST_04545,Shelly Barber,9999,FAILED,BANK_ERROR,1,0.33,5,False,SEND_PAYMENT_LINK
CASE_04546,CUST_04546,Michael Robinson,9999,FAILED,TIMEOUT,0,0.51,0,False,RETRY_PAYMENT
CASE_04547,CUST_04547,Patricia Davis,15000,FAILED,TIMEOUT,1,0.85,0,False,RETRY_PAYMENT
CASE_04548,CUST_04548,Charles Yang,9999,ABANDONED,NONE,1,0.41,30,True,ESCALATE_HUMAN
CASE_04549,CUST_04549,Robert Cobb,7999,FAILED,NETWORK_ERROR,2,1.0,15,False,RETRY_PAYMENT
CASE_04550,CUST_04550,Alan Wood,15000,FAILED,INSUFFICIENT_FUNDS,2,0.51,15,False,SEND_PAYMENT_LINK
CASE_04551,CUST_04551,Keith Wallace,9999,ABANDONED,NONE,2,0.24,20,True,SEND_PAYMENT_LINK
CASE_04552,CUST_04552,Mary Davis,25000,ABANDONED,NONE,1,0.49,10,True,SEND_PAYMENT_LINK
CASE_04553,CUST_04553,Jesse Williams,4999,FAILED,BANK_ERROR,2,0.46,0,False,SEND_PAYMENT_LINK
CASE_04554,CUST_04554,Brandi Graham MD,4999,ABANDONED,NONE,3,0.92,45,True,STOP
CASE_04555,CUST_04555,Brandon Jones,75000,ABANDONED,NONE,2,0.94,45,True,ESCALATE_HUMAN
CASE_04556,CUST_04556,Michael Lopez,2499,FAILED,CARD_DECLINED,1,0.83,45,False,ESCALATE_HUMAN
CASE_04557,CUST_04557,Eric Johnson MD,100000,FAILED,INSUFFICIENT_FUNDS,3,0.7,20,False,STOP
CASE_04558,CUST_04558,Katie Bullock,15000,FAILED,NETWORK_ERROR,3,0.86,45,False,STOP
CASE_04559,CUST_04559,Matthew Herrera,7999,FAILED,BANK_ERROR,0,0.89,30,False,ESCALATE_HUMAN
CASE_04560,CUST_04560,Kenneth Wilson,15000,FAILED,CARD_DECLINED,3,0.2,45,False,STOP
CASE_04561,CUST_04561,Jack Bradshaw,50000,FAILED,BANK_ERROR,1,0.82,20,False,RETRY_PAYMENT
CASE_04562,CUST_04562,Christopher Williams,50000,FAILED,INSUFFICIENT_FUNDS,2,0.4,20,False,SEND_PAYMENT_LINK
CASE_04563,CUST_04563,Tammy Novak,100000,FAILED,CARD_DECLINED,0,0.48,10,False,ESCALATE_HUMAN
CASE_04564,CUST_04564,Jennifer Swanson,7999,FAILED,INSUFFICIENT_FUNDS,0,0.68,45,False,ESCALATE_HUMAN
CASE_04565,CUST_04565,Charles Davis,4999,ABANDONED,NONE,3,0.33,0,True,STOP
CASE_04566,CUST_04566,Micheal Davis,499,ABANDONED,NONE,1,0.42,5,True,SEND_PAYMENT_LINK
CASE_04567,CUST_04567,Riley Cabrera,50000,FAILED,NETWORK_ERROR,3,0.38,30,False,STOP
CASE_04568,CUST_04568,Thomas Robinson,1499,FAILED,INSUFFICIENT_FUNDS,2,0.73,0,False,SEND_PAYMENT_LINK
CASE_04569,CUST_04569,Jerry Taylor,2499,FAILED,TIMEOUT,3,0.31,45,False,STOP
CASE_04570,CUST_04570,Tina Berry,7999,FAILED,INSUFFICIENT_FUNDS,0,0.74,0,False,SEND_PAYMENT_LINK
CASE_04571,CUST_04571,Robert Austin,4999,FAILED,TIMEOUT,1,0.97,0,False,RETRY_PAYMENT
CASE_04572,CUST_04572,Ann Morgan,4999,FAILED,INSUFFICIENT_FUNDS,1,0.91,0,False,SEND_PAYMENT_LINK
CASE_04573,CUST_04573,Alex Frye,15000,FAILED,BANK_ERROR,1,0.8,15,False,RETRY_PAYMENT
CASE_04574,CUST_04574,Juan Dawson,2499,FAILED,TIMEOUT,0,0.31,15,False,SEND_PAYMENT_LINK
CASE_04575,CUST_04575,Charles Vance,50000,FAILED,INSUFFICIENT_FUNDS,1,0.52,0,False,SEND_PAYMENT_LINK
CASE_04576,CUST_04576,Margaret Adkins MD,4999,FAILED,CARD_DECLINED,3,0.87,20,False,STOP
CASE_04577,CUST_04577,Samuel Harrison,1499,FAILED,TIMEOUT,0,0.62,30,False,ESCALATE_HUMAN
CASE_04578,CUST_04578,Erin Brown,2499,FAILED,CARD_DECLINED,2,0.48,15,False,SEND_PAYMENT_LINK
CASE_04579,CUST_04579,Erin Johnson,999,FAILED,NETWORK_ERROR,0,0.84,0,False,RETRY_PAYMENT
CASE_04580,CUST_04580,Melanie Joseph,50000,FAILED,INSUFFICIENT_FUNDS,0,0.26,10,False,SEND_PAYMENT_LINK
CASE_04581,CUST_04581,Dylan Holt,7999,FAILED,BANK_ERROR,3,0.76,20,False,STOP
CASE_04582,CUST_04582,Vanessa Krueger,1499,ABANDONED,NONE,1,0.64,0,True,SEND_PAYMENT_LINK
CASE_04583,CUST_04583,Barbara Velez,9999,ABANDONED,NONE,1,0.4,10,True,SEND_PAYMENT_LINK
CASE_04584,CUST_04584,Bradley Williams,9999,FAILED,BANK_ERROR,0,0.73,30,False,ESCALATE_HUMAN
CASE_04585,CUST_04585,Patricia Sullivan,7999,ABANDONED,NONE,1,0.81,10,True,SEND_PAYMENT_LINK
CASE_04586,CUST_04586,Jose Smith,999,FAILED,NETWORK_ERROR,0,0.61,45,False,ESCALATE_HUMAN
CASE_04587,CUST_04587,Rebekah Johnson,999,ABANDONED,NONE,3,0.33,0,True,STOP
CASE_04588,CUST_04588,Haley Calderon,9999,FAILED,TIMEOUT,3,0.39,5,False,STOP
CASE_04589,CUST_04589,Crystal Mcbride,50000,FAILED,TIMEOUT,3,0.8,0,False,STOP
CASE_04590,CUST_04590,Bethany Diaz,4999,FAILED,TIMEOUT,2,0.78,45,False,ESCALATE_HUMAN
CASE_04591,CUST_04591,Brian Kent,1499,FAILED,NETWORK_ERROR,3,0.38,0,False,STOP
CASE_04592,CUST_04592,Brian Nolan,1499,FAILED,INSUFFICIENT_FUNDS,1,0.86,45,False,ESCALATE_HUMAN
CASE_04593,CUST_04593,Dr. Victoria Jones,25000,FAILED,INSUFFICIENT_FUNDS,2,0.88,0,False,SEND_PAYMENT_LINK
CASE_04594,CUST_04594,Nathan Black,75000,FAILED,BANK_ERROR,0,0.32,5,False,ESCALATE_HUMAN
CASE_04595,CUST_04595,Kevin Acosta,9999,FAILED,INSUFFICIENT_FUNDS,0,0.89,0,False,SEND_PAYMENT_LINK
CASE_04596,CUST_04596,James Waters,25000,FAILED,BANK_ERROR,0,0.4,0,False,SEND_PAYMENT_LINK
CASE_04597,CUST_04597,Paul Vargas,15000,FAILED,INSUFFICIENT_FUNDS,3,0.5,0,False,STOP
CASE_04598,CUST_04598,Shawn Wilson DVM,50000,FAILED,TIMEOUT,2,0.43,0,False,SEND_PAYMENT_LINK
CASE_04599,CUST_04599,Jenny Sosa,100000,FAILED,INSUFFICIENT_FUNDS,1,0.92,45,False,ESCALATE_HUMAN
CASE_04600,CUST_04600,Pamela Wagner,100000,FAILED,INSUFFICIENT_FUNDS,1,0.55,15,False,ESCALATE_HUMAN
CASE_04601,CUST_04601,Kathy Chavez,2499,FAILED,TIMEOUT,1,0.73,30,False,ESCALATE_HUMAN
CASE_04602,CUST_04602,Renee Downs,15000,FAILED,TIMEOUT,2,0.21,0,False,SEND_PAYMENT_LINK
CASE_04603,CUST_04603,Angela Anderson,75000,FAILED,NETWORK_ERROR,1,0.51,15,False,ESCALATE_HUMAN
CASE_04604,CUST_04604,Tina Brown,999,ABANDONED,NONE,1,0.89,45,True,ESCALATE_HUMAN
CASE_04605,CUST_04605,Marissa Howard,999,ABANDONED,NONE,1,0.75,0,True,SEND_PAYMENT_LINK
CASE_04606,CUST_04606,Nicholas Moore,100000,FAILED,CARD_DECLINED,3,0.38,0,False,STOP
CASE_04607,CUST_04607,David Morris,1499,FAILED,CARD_DECLINED,1,0.52,0,False,SEND_PAYMENT_LINK
CASE_04608,CUST_04608,Matthew Sanchez,7999,ABANDONED,NONE,1,0.74,20,True,SEND_PAYMENT_LINK
CASE_04609,CUST_04609,Connie Richards,15000,FAILED,TIMEOUT,2,0.31,45,False,ESCALATE_HUMAN
CASE_04610,CUST_04610,Jennifer Price,75000,ABANDONED,NONE,3,0.2,10,True,STOP
CASE_04611,CUST_04611,Gary Baker,7999,FAILED,INSUFFICIENT_FUNDS,1,0.25,10,False,SEND_PAYMENT_LINK
CASE_04612,CUST_04612,Jonathan Shelton,7999,FAILED,TIMEOUT,1,0.2,20,False,SEND_PAYMENT_LINK
CASE_04613,CUST_04613,Matthew Fletcher,100000,FAILED,CARD_DECLINED,3,0.64,0,False,STOP
CASE_04614,CUST_04614,Matthew Young,2499,FAILED,INSUFFICIENT_FUNDS,0,0.34,15,False,SEND_PAYMENT_LINK
CASE_04615,CUST_04615,Luke Jefferson,25000,ABANDONED,NONE,3,0.81,0,True,STOP
CASE_04616,CUST_04616,Kelly Burns,2499,FAILED,INSUFFICIENT_FUNDS,0,0.68,5,False,SEND_PAYMENT_LINK
CASE_04617,CUST_04617,Molly Smith,4999,ABANDONED,NONE,3,0.74,10,True,STOP
CASE_04618,CUST_04618,Ronald Smith,75000,FAILED,CARD_DECLINED,1,0.39,20,False,ESCALATE_HUMAN
CASE_04619,CUST_04619,Christina Miller,25000,FAILED,TIMEOUT,0,0.91,45,False,ESCALATE_HUMAN
CASE_04620,CUST_04620,Cindy Dunn,75000,FAILED,NETWORK_ERROR,1,0.26,15,False,ESCALATE_HUMAN
CASE_04621,CUST_04621,Cathy Castillo,999,FAILED,BANK_ERROR,2,0.5,0,False,RETRY_PAYMENT
CASE_04622,CUST_04622,Bill Ward,1499,FAILED,TIMEOUT,0,0.39,45,False,ESCALATE_HUMAN
CASE_04623,CUST_04623,Kyle Dean,1499,FAILED,BANK_ERROR,1,0.23,45,False,ESCALATE_HUMAN
CASE_04624,CUST_04624,Margaret Smith,100000,FAILED,TIMEOUT,3,0.62,20,False,STOP
CASE_04625,CUST_04625,Elizabeth Moreno,2499,ABANDONED,NONE,0,0.39,0,True,SEND_PAYMENT_LINK
CASE_04626,CUST_04626,Eric Hoover,75000,ABANDONED,NONE,1,0.79,0,True,ESCALATE_HUMAN
CASE_04627,CUST_04627,Taylor Mcguire,15000,FAILED,NETWORK_ERROR,3,0.59,0,False,STOP
CASE_04628,CUST_04628,Joseph Ramirez,499,FAILED,INSUFFICIENT_FUNDS,1,0.26,0,False,SEND_PAYMENT_LINK
CASE_04629,CUST_04629,Samantha Keller,499,ABANDONED,NONE,0,0.57,20,True,SEND_PAYMENT_LINK
CASE_04630,CUST_04630,Andrew Delgado,2499,FAILED,CARD_DECLINED,2,0.9,0,False,SEND_PAYMENT_LINK
CASE_04631,CUST_04631,Vickie Moses,75000,FAILED,TIMEOUT,1,0.37,0,False,ESCALATE_HUMAN
CASE_04632,CUST_04632,Pamela Jackson,25000,FAILED,TIMEOUT,0,0.91,0,False,RETRY_PAYMENT
CASE_04633,CUST_04633,Gregory Butler,50000,FAILED,INSUFFICIENT_FUNDS,2,0.41,15,False,SEND_PAYMENT_LINK
CASE_04634,CUST_04634,Jamie Flores,15000,FAILED,CARD_DECLINED,3,0.48,20,False,STOP
CASE_04635,CUST_04635,Timothy Murphy,999,FAILED,NETWORK_ERROR,3,0.6,5,False,STOP
CASE_04636,CUST_04636,Manuel Kennedy,15000,ABANDONED,NONE,0,0.75,45,True,ESCALATE_HUMAN
CASE_04637,CUST_04637,Ronald Stanley,25000,ABANDONED,NONE,1,0.88,5,True,SEND_PAYMENT_LINK
CASE_04638,CUST_04638,Joshua Johnson,50000,FAILED,NETWORK_ERROR,0,0.31,20,False,SEND_PAYMENT_LINK
CASE_04639,CUST_04639,Joseph Smith,9999,ABANDONED,NONE,1,0.95,15,True,SEND_PAYMENT_LINK
CASE_04640,CUST_04640,Erika Bell,7999,ABANDONED,NONE,1,0.57,5,True,SEND_PAYMENT_LINK
CASE_04641,CUST_04641,Michael Mcpherson,25000,ABANDONED,NONE,2,0.86,0,True,SEND_PAYMENT_LINK
CASE_04642,CUST_04642,Lauren Martinez,1499,FAILED,BANK_ERROR,2,0.73,0,False,RETRY_PAYMENT
CASE_04643,CUST_04643,Thomas Gonzalez,9999,ABANDONED,NONE,1,0.6,5,True,SEND_PAYMENT_LINK
CASE_04644,CUST_04644,Mark Fox,100000,FAILED,TIMEOUT,2,0.96,0,False,ESCALATE_HUMAN
CASE_04645,CUST_04645,Tanner Booker,999,ABANDONED,NONE,3,0.82,10,True,STOP
CASE_04646,CUST_04646,Michelle Tate,1499,FAILED,INSUFFICIENT_FUNDS,1,0.44,5,False,SEND_PAYMENT_LINK
CASE_04647,CUST_04647,Todd Sexton,999,ABANDONED,NONE,3,0.37,20,True,STOP
CASE_04648,CUST_04648,Alexis Ward,4999,ABANDONED,NONE,0,0.87,20,True,SEND_PAYMENT_LINK
CASE_04649,CUST_04649,John Savage,7999,ABANDONED,NONE,3,0.67,30,True,STOP
CASE_04650,CUST_04650,Angela Kane,499,FAILED,NETWORK_ERROR,1,0.2,10,False,SEND_PAYMENT_LINK
CASE_04651,CUST_04651,Heather Orozco,25000,FAILED,NETWORK_ERROR,1,0.52,5,False,SEND_PAYMENT_LINK
CASE_04652,CUST_04652,Crystal Hebert,999,FAILED,CARD_DECLINED,1,0.8,0,False,SEND_PAYMENT_LINK
CASE_04653,CUST_04653,James Walker,100000,FAILED,BANK_ERROR,3,0.95,20,False,STOP
CASE_04654,CUST_04654,Sandra Kaiser,7999,FAILED,INSUFFICIENT_FUNDS,0,0.23,10,False,SEND_PAYMENT_LINK
CASE_04655,CUST_04655,Alexander Wade,499,ABANDONED,NONE,1,0.66,0,True,SEND_PAYMENT_LINK
CASE_04656,CUST_04656,Peter George,25000,ABANDONED,NONE,1,0.3,0,True,SEND_PAYMENT_LINK
CASE_04657,CUST_04657,Andrew Hughes,4999,ABANDONED,NONE,0,0.61,0,True,SEND_PAYMENT_LINK
CASE_04658,CUST_04658,Kimberly Ferrell,999,FAILED,NETWORK_ERROR,3,0.72,30,False,STOP
CASE_04659,CUST_04659,Megan Moore,7999,ABANDONED,NONE,2,0.87,30,True,ESCALATE_HUMAN
CASE_04660,CUST_04660,Bonnie Allen,4999,ABANDONED,NONE,0,0.45,0,True,SEND_PAYMENT_LINK
CASE_04661,CUST_04661,Kelly Ortiz DVM,999,ABANDONED,NONE,0,0.29,45,True,ESCALATE_HUMAN
CASE_04662,CUST_04662,Briana Howard,9999,FAILED,NETWORK_ERROR,2,0.61,0,False,RETRY_PAYMENT
CASE_04663,CUST_04663,Matthew Davila,25000,FAILED,TIMEOUT,3,0.26,5,False,STOP
CASE_04664,CUST_04664,Jamie Ortega,75000,FAILED,NETWORK_ERROR,1,0.28,20,False,ESCALATE_HUMAN
CASE_04665,CUST_04665,Kathleen Reed,2499,FAILED,BANK_ERROR,3,0.98,15,False,STOP
CASE_04666,CUST_04666,Sarah Johnson,7999,ABANDONED,NONE,1,0.8,20,True,SEND_PAYMENT_LINK
CASE_04667,CUST_04667,Samantha Cross,999,ABANDONED,NONE,2,0.69,5,True,SEND_PAYMENT_LINK
CASE_04668,CUST_04668,Calvin Johnson,15000,FAILED,TIMEOUT,1,0.62,0,False,RETRY_PAYMENT
CASE_04669,CUST_04669,Caitlin Barrett,1499,FAILED,TIMEOUT,1,0.71,0,False,RETRY_PAYMENT
CASE_04670,CUST_04670,Joyce Sutton,9999,ABANDONED,NONE,2,0.35,0,True,SEND_PAYMENT_LINK
CASE_04671,CUST_04671,Taylor Griffin,999,ABANDONED,NONE,1,0.84,5,True,SEND_PAYMENT_LINK
CASE_04672,CUST_04672,David Morgan,9999,FAILED,BANK_ERROR,0,0.58,45,False,ESCALATE_HUMAN
CASE_04673,CUST_04673,Megan Mclaughlin,7999,FAILED,CARD_DECLINED,0,0.8,0,False,SEND_PAYMENT_LINK
CASE_04674,CUST_04674,Abigail Kramer,4999,FAILED,BANK_ERROR,3,0.74,15,False,STOP
CASE_04675,CUST_04675,John Ray,100000,FAILED,INSUFFICIENT_FUNDS,2,0.6,15,False,ESCALATE_HUMAN
CASE_04676,CUST_04676,Brianna Benton,100000,ABANDONED,NONE,1,0.74,45,True,ESCALATE_HUMAN
CASE_04677,CUST_04677,Sarah Webb,999,FAILED,NETWORK_ERROR,2,1.0,5,False,RETRY_PAYMENT
CASE_04678,CUST_04678,Dustin Collins,50000,FAILED,BANK_ERROR,2,0.82,15,False,RETRY_PAYMENT
CASE_04679,CUST_04679,Kathy Dickerson,999,ABANDONED,NONE,2,0.26,0,True,SEND_PAYMENT_LINK
CASE_04680,CUST_04680,Steven Chambers,7999,FAILED,INSUFFICIENT_FUNDS,3,0.89,0,False,STOP
CASE_04681,CUST_04681,Cynthia Ruiz,999,FAILED,BANK_ERROR,3,0.85,0,False,STOP
CASE_04682,CUST_04682,Kiara Lamb,100000,ABANDONED,NONE,1,0.66,10,True,ESCALATE_HUMAN
CASE_04683,CUST_04683,Melvin Johnson,7999,FAILED,TIMEOUT,1,0.78,45,False,ESCALATE_HUMAN
CASE_04684,CUST_04684,Matthew Orr,4999,FAILED,BANK_ERROR,0,0.45,5,False,SEND_PAYMENT_LINK
CASE_04685,CUST_04685,Brittany Jones,499,FAILED,TIMEOUT,3,0.68,45,False,STOP
CASE_04686,CUST_04686,Natasha Kerr,75000,FAILED,CARD_DECLINED,0,0.72,20,False,ESCALATE_HUMAN
CASE_04687,CUST_04687,Jake Hogan,100000,FAILED,INSUFFICIENT_FUNDS,3,0.31,10,False,STOP
CASE_04688,CUST_04688,Emily Morrow,100000,FAILED,CARD_DECLINED,1,0.76,30,False,ESCALATE_HUMAN
CASE_04689,CUST_04689,Chase Fisher,15000,FAILED,INSUFFICIENT_FUNDS,0,0.53,45,False,ESCALATE_HUMAN
CASE_04690,CUST_04690,Christopher Thompson,999,FAILED,BANK_ERROR,1,0.97,30,False,ESCALATE_HUMAN
CASE_04691,CUST_04691,Marco Clark,2499,ABANDONED,NONE,3,0.22,0,True,STOP
CASE_04692,CUST_04692,Mr. Johnny Davila MD,999,ABANDONED,NONE,1,0.77,0,True,SEND_PAYMENT_LINK
CASE_04693,CUST_04693,Paula Swanson,100000,FAILED,INSUFFICIENT_FUNDS,1,0.72,0,False,ESCALATE_HUMAN
CASE_04694,CUST_04694,Jonathan Zavala,100000,FAILED,TIMEOUT,1,0.85,0,False,ESCALATE_HUMAN
CASE_04695,CUST_04695,Stephanie Roach,9999,FAILED,BANK_ERROR,1,0.55,10,False,SEND_PAYMENT_LINK
CASE_04696,CUST_04696,Roberto Merritt,999,FAILED,INSUFFICIENT_FUNDS,2,0.41,10,False,SEND_PAYMENT_LINK
CASE_04697,CUST_04697,Michael Payne,25000,FAILED,BANK_ERROR,0,0.33,10,False,SEND_PAYMENT_LINK
CASE_04698,CUST_04698,Elizabeth Flores,2499,FAILED,TIMEOUT,2,0.55,15,False,SEND_PAYMENT_LINK
CASE_04699,CUST_04699,Douglas Cortez,999,FAILED,CARD_DECLINED,3,0.73,15,False,STOP
CASE_04700,CUST_04700,Kyle Vasquez,9999,FAILED,TIMEOUT,2,0.28,30,False,ESCALATE_HUMAN
CASE_04701,CUST_04701,Joseph Lucero,7999,FAILED,CARD_DECLINED,0,0.92,30,False,ESCALATE_HUMAN
CASE_04702,CUST_04702,Danielle Brown,499,FAILED,INSUFFICIENT_FUNDS,1,0.44,15,False,SEND_PAYMENT_LINK
CASE_04703,CUST_04703,Kristin Gray,999,FAILED,CARD_DECLINED,1,0.51,0,False,SEND_PAYMENT_LINK
CASE_04704,CUST_04704,Lisa Jones,75000,FAILED,TIMEOUT,1,0.45,15,False,ESCALATE_HUMAN
CASE_04705,CUST_04705,Christopher Hodges,50000,FAILED,BANK_ERROR,1,0.23,0,False,SEND_PAYMENT_LINK
CASE_04706,CUST_04706,Paul Spencer,2499,ABANDONED,NONE,3,0.77,20,True,STOP
CASE_04707,CUST_04707,Jill Ellis,50000,ABANDONED,NONE,1,0.82,15,True,SEND_PAYMENT_LINK
CASE_04708,CUST_04708,Jessica Peck,2499,FAILED,CARD_DECLINED,3,0.27,10,False,STOP
CASE_04709,CUST_04709,Debbie Mccarty,999,FAILED,CARD_DECLINED,1,0.69,0,False,SEND_PAYMENT_LINK
CASE_04710,CUST_04710,Erin Mendoza,50000,FAILED,INSUFFICIENT_FUNDS,1,0.42,0,False,ESCALATE_HUMAN
CASE_04711,CUST_04711,Jeffrey Daniels,9999,ABANDONED,NONE,1,0.61,5,True,SEND_PAYMENT_LINK
CASE_04712,CUST_04712,Karen Dickerson,4999,ABANDONED,NONE,1,0.36,10,True,SEND_PAYMENT_LINK
CASE_04713,CUST_04713,Shawn Garcia,75000,FAILED,BANK_ERROR,2,0.37,15,False,ESCALATE_HUMAN
CASE_04714,CUST_04714,Jason Hernandez,999,ABANDONED,NONE,3,0.92,10,True,STOP
CASE_04715,CUST_04715,Yvette Brown,100000,FAILED,CARD_DECLINED,3,0.82,15,False,STOP
CASE_04716,CUST_04716,Brittany Horton,4999,FAILED,INSUFFICIENT_FUNDS,1,0.78,0,False,SEND_PAYMENT_LINK
CASE_04717,CUST_04717,Bradley Anderson,9999,FAILED,CARD_DECLINED,2,0.47,30,False,ESCALATE_HUMAN
CASE_04718,CUST_04718,Carlos Ramos,4999,FAILED,INSUFFICIENT_FUNDS,0,0.66,15,False,SEND_PAYMENT_LINK
CASE_04719,CUST_04719,John Fox,1499,FAILED,CARD_DECLINED,2,0.9,30,False,ESCALATE_HUMAN
CASE_04720,CUST_04720,Zachary Lang,75000,FAILED,BANK_ERROR,3,0.85,20,False,STOP
CASE_04721,CUST_04721,Jennifer Garrison,4999,FAILED,BANK_ERROR,2,0.68,30,False,ESCALATE_HUMAN
CASE_04722,CUST_04722,Rachel Winters,9999,FAILED,TIMEOUT,2,0.57,45,False,ESCALATE_HUMAN
CASE_04723,CUST_04723,Barbara Daugherty,25000,FAILED,TIMEOUT,0,0.81,15,False,RETRY_PAYMENT
CASE_04724,CUST_04724,John Adkins,4999,FAILED,CARD_DECLINED,3,0.37,10,False,STOP
CASE_04725,CUST_04725,Amanda Parsons,4999,ABANDONED,NONE,3,0.61,20,True,STOP
CASE_04726,CUST_04726,Jeffrey Robinson,9999,ABANDONED,NONE,2,0.57,20,True,SEND_PAYMENT_LINK
CASE_04727,CUST_04727,Sean Greene,100000,FAILED,NETWORK_ERROR,0,0.9,20,False,ESCALATE_HUMAN
CASE_04728,CUST_04728,Tom Moore,50000,FAILED,TIMEOUT,2,0.7,0,False,RETRY_PAYMENT
CASE_04729,CUST_04729,Tara Dyer,2499,FAILED,NETWORK_ERROR,0,0.47,30,False,ESCALATE_HUMAN
CASE_04730,CUST_04730,Connie Rodriguez,7999,ABANDONED,NONE,3,0.78,0,True,STOP
CASE_04731,CUST_04731,Dennis Cox,75000,FAILED,TIMEOUT,3,0.95,0,False,STOP
CASE_04732,CUST_04732,Christopher Powell,9999,ABANDONED,NONE,2,0.41,0,True,SEND_PAYMENT_LINK
CASE_04733,CUST_04733,Mark Graham,2499,FAILED,BANK_ERROR,2,0.69,20,False,RETRY_PAYMENT
CASE_04734,CUST_04734,Gregory Mccarthy,7999,FAILED,INSUFFICIENT_FUNDS,2,0.81,0,False,SEND_PAYMENT_LINK
CASE_04735,CUST_04735,Katherine Mcintosh,75000,FAILED,NETWORK_ERROR,3,0.89,5,False,STOP
CASE_04736,CUST_04736,William Williams,15000,FAILED,INSUFFICIENT_FUNDS,0,0.31,10,False,SEND_PAYMENT_LINK
CASE_04737,CUST_04737,Karen Moore,1499,ABANDONED,NONE,0,0.58,45,True,ESCALATE_HUMAN
CASE_04738,CUST_04738,Anthony Arias,50000,FAILED,INSUFFICIENT_FUNDS,3,0.3,0,False,STOP
CASE_04739,CUST_04739,Katherine Johnson,1499,FAILED,TIMEOUT,1,0.63,30,False,ESCALATE_HUMAN
CASE_04740,CUST_04740,Matthew Johnson,9999,FAILED,NETWORK_ERROR,2,0.61,0,False,SEND_PAYMENT_LINK
CASE_04741,CUST_04741,Kim Weber,2499,FAILED,CARD_DECLINED,1,0.81,20,False,SEND_PAYMENT_LINK
CASE_04742,CUST_04742,Lance Choi,25000,FAILED,NETWORK_ERROR,1,0.46,15,False,SEND_PAYMENT_LINK
CASE_04743,CUST_04743,Patricia Bullock,2499,FAILED,TIMEOUT,0,0.82,0,False,RETRY_PAYMENT
CASE_04744,CUST_04744,Charles Howard,15000,ABANDONED,NONE,2,0.27,5,True,SEND_PAYMENT_LINK
CASE_04745,CUST_04745,Marilyn Copeland,499,FAILED,CARD_DECLINED,2,0.32,30,False,ESCALATE_HUMAN
CASE_04746,CUST_04746,Chad Friedman,15000,FAILED,CARD_DECLINED,3,0.81,0,False,STOP
CASE_04747,CUST_04747,Crystal Holloway,2499,ABANDONED,NONE,2,0.53,0,True,SEND_PAYMENT_LINK
CASE_04748,CUST_04748,Dawn Bates,2499,ABANDONED,NONE,1,0.4,10,True,SEND_PAYMENT_LINK
CASE_04749,CUST_04749,Michael Harris,2499,FAILED,NETWORK_ERROR,3,0.8,5,False,STOP
CASE_04750,CUST_04750,Ronald Morse,2499,FAILED,CARD_DECLINED,0,0.74,0,False,SEND_PAYMENT_LINK
CASE_04751,CUST_04751,Jessica Baldwin,2499,FAILED,INSUFFICIENT_FUNDS,3,0.74,0,False,STOP
CASE_04752,CUST_04752,Lisa Watson,15000,FAILED,NETWORK_ERROR,1,0.87,30,False,ESCALATE_HUMAN
CASE_04753,CUST_04753,Kaitlyn Simpson,4999,FAILED,INSUFFICIENT_FUNDS,3,0.57,20,False,STOP
CASE_04754,CUST_04754,Hannah Morris,1499,ABANDONED,NONE,1,0.51,20,True,SEND_PAYMENT_LINK
CASE_04755,CUST_04755,Lisa Williams,15000,FAILED,TIMEOUT,3,0.85,10,False,STOP
CASE_04756,CUST_04756,Adrian Gonzales,15000,FAILED,CARD_DECLINED,2,0.75,5,False,SEND_PAYMENT_LINK
CASE_04757,CUST_04757,Jennifer Brown,4999,FAILED,BANK_ERROR,2,0.88,30,False,ESCALATE_HUMAN
CASE_04758,CUST_04758,Melissa Zamora,100000,ABANDONED,NONE,2,0.9,0,True,ESCALATE_HUMAN
CASE_04759,CUST_04759,Tammy Rogers,2499,ABANDONED,NONE,3,0.57,45,True,STOP
CASE_04760,CUST_04760,Duane Taylor,15000,FAILED,TIMEOUT,2,0.9,0,False,RETRY_PAYMENT
CASE_04761,CUST_04761,Anthony Farrell,15000,ABANDONED,NONE,3,0.48,10,True,STOP
CASE_04762,CUST_04762,Lisa Jones,50000,ABANDONED,NONE,2,0.36,0,True,SEND_PAYMENT_LINK
CASE_04763,CUST_04763,Bryan Leonard,999,FAILED,NETWORK_ERROR,1,0.72,5,False,RETRY_PAYMENT
CASE_04764,CUST_04764,April Carter,50000,FAILED,TIMEOUT,0,0.66,10,False,SEND_PAYMENT_LINK
CASE_04765,CUST_04765,Frederick Hamilton MD,9999,FAILED,NETWORK_ERROR,2,0.78,0,False,RETRY_PAYMENT
CASE_04766,CUST_04766,Jennifer Oliver,2499,FAILED,INSUFFICIENT_FUNDS,2,0.4,15,False,SEND_PAYMENT_LINK
CASE_04767,CUST_04767,Matthew Boyle,75000,ABANDONED,NONE,2,0.4,0,True,ESCALATE_HUMAN
CASE_04768,CUST_04768,Lindsey Price,2499,FAILED,NETWORK_ERROR,3,0.99,0,False,STOP
CASE_04769,CUST_04769,Scott Wilson DDS,499,FAILED,NETWORK_ERROR,0,0.88,0,False,RETRY_PAYMENT
CASE_04770,CUST_04770,Kristina Cook,999,FAILED,BANK_ERROR,2,0.67,15,False,SEND_PAYMENT_LINK
CASE_04771,CUST_04771,Jeffery Smith,999,FAILED,CARD_DECLINED,3,0.87,0,False,STOP
CASE_04772,CUST_04772,Ryan Mcdonald,999,FAILED,INSUFFICIENT_FUNDS,1,0.8,30,False,ESCALATE_HUMAN
CASE_04773,CUST_04773,Becky Williams,4999,ABANDONED,NONE,3,0.26,10,True,STOP
CASE_04774,CUST_04774,Roberto Mills,15000,ABANDONED,NONE,3,0.94,45,True,STOP
CASE_04775,CUST_04775,Samantha Ward,75000,ABANDONED,NONE,3,0.74,10,True,STOP
CASE_04776,CUST_04776,Alan Taylor,100000,ABANDONED,NONE,3,0.52,20,True,STOP
CASE_04777,CUST_04777,Isaiah Thomas,25000,FAILED,CARD_DECLINED,0,0.79,0,False,SEND_PAYMENT_LINK
CASE_04778,CUST_04778,Roger Cole,7999,ABANDONED,NONE,2,0.98,15,True,SEND_PAYMENT_LINK
CASE_04779,CUST_04779,David Simmons,499,FAILED,INSUFFICIENT_FUNDS,1,0.76,5,False,SEND_PAYMENT_LINK
CASE_04780,CUST_04780,Kathleen Lee,499,FAILED,CARD_DECLINED,1,0.6,10,False,SEND_PAYMENT_LINK
CASE_04781,CUST_04781,Lisa Pratt,499,FAILED,INSUFFICIENT_FUNDS,3,0.74,45,False,STOP
CASE_04782,CUST_04782,Taylor Crosby DVM,9999,FAILED,BANK_ERROR,0,0.4,15,False,SEND_PAYMENT_LINK
CASE_04783,CUST_04783,Mercedes Diaz,999,FAILED,TIMEOUT,3,0.5,10,False,STOP
CASE_04784,CUST_04784,Brian Ward,15000,FAILED,NETWORK_ERROR,1,0.37,0,False,SEND_PAYMENT_LINK
CASE_04785,CUST_04785,Jeremy Hester,4999,ABANDONED,NONE,2,0.33,30,True,ESCALATE_HUMAN
CASE_04786,CUST_04786,Ryan Fry,4999,FAILED,BANK_ERROR,0,0.35,10,False,SEND_PAYMENT_LINK
CASE_04787,CUST_04787,Anthony Griffin,4999,FAILED,TIMEOUT,1,0.93,5,False,RETRY_PAYMENT
CASE_04788,CUST_04788,Vickie Kim,25000,ABANDONED,NONE,1,0.87,0,True,SEND_PAYMENT_LINK
CASE_04789,CUST_04789,Christine Randolph,25000,ABANDONED,NONE,3,0.45,30,True,STOP
CASE_04790,CUST_04790,Robert Oneill,15000,FAILED,TIMEOUT,1,0.27,5,False,SEND_PAYMENT_LINK
CASE_04791,CUST_04791,Anthony Scott,7999,FAILED,CARD_DECLINED,1,0.21,15,False,SEND_PAYMENT_LINK
CASE_04792,CUST_04792,Victoria Phillips,25000,FAILED,BANK_ERROR,2,0.92,20,False,RETRY_PAYMENT
CASE_04793,CUST_04793,Dr. Christina Dillon,7999,FAILED,INSUFFICIENT_FUNDS,1,0.96,45,False,ESCALATE_HUMAN
CASE_04794,CUST_04794,Beverly Harrison,25000,FAILED,BANK_ERROR,0,0.59,15,False,RETRY_PAYMENT
CASE_04795,CUST_04795,Kyle Mitchell,50000,FAILED,CARD_DECLINED,2,0.76,0,False,SEND_PAYMENT_LINK
CASE_04796,CUST_04796,Mackenzie Ross,25000,ABANDONED,NONE,2,0.49,45,True,ESCALATE_HUMAN
CASE_04797,CUST_04797,Wendy Faulkner,999,ABANDONED,NONE,3,0.48,0,True,STOP
CASE_04798,CUST_04798,Alexander Guzman,2499,FAILED,TIMEOUT,1,0.45,0,False,SEND_PAYMENT_LINK
CASE_04799,CUST_04799,Carla Drake DDS,25000,FAILED,TIMEOUT,1,0.97,0,False,RETRY_PAYMENT
CASE_04800,CUST_04800,James Sharp,4999,ABANDONED,NONE,1,0.41,0,True,SEND_PAYMENT_LINK
CASE_04801,CUST_04801,Steven Campbell,4999,FAILED,TIMEOUT,2,0.66,5,False,SEND_PAYMENT_LINK
CASE_04802,CUST_04802,Robert Davis,499,FAILED,BANK_ERROR,0,0.61,0,False,RETRY_PAYMENT
CASE_04803,CUST_04803,Sarah Johnson,2499,FAILED,TIMEOUT,0,0.44,20,False,SEND_PAYMENT_LINK
CASE_04804,CUST_04804,Kim Perez,999,FAILED,BANK_ERROR,0,0.47,15,False,SEND_PAYMENT_LINK
CASE_04805,CUST_04805,Michael Garrett,7999,FAILED,TIMEOUT,0,0.46,0,False,SEND_PAYMENT_LINK
CASE_04806,CUST_04806,Wayne Bailey,2499,FAILED,INSUFFICIENT_FUNDS,2,0.21,30,False,ESCALATE_HUMAN
CASE_04807,CUST_04807,John Lozano,25000,FAILED,TIMEOUT,0,0.69,20,False,RETRY_PAYMENT
CASE_04808,CUST_04808,Michael Williamson,25000,FAILED,INSUFFICIENT_FUNDS,2,0.57,20,False,SEND_PAYMENT_LINK
CASE_04809,CUST_04809,Alexander Anderson,2499,FAILED,INSUFFICIENT_FUNDS,2,0.3,45,False,ESCALATE_HUMAN
CASE_04810,CUST_04810,Catherine Martin,100000,FAILED,CARD_DECLINED,0,0.31,10,False,ESCALATE_HUMAN
CASE_04811,CUST_04811,Brian King,7999,FAILED,TIMEOUT,3,0.45,0,False,STOP
CASE_04812,CUST_04812,Sharon Gonzalez,50000,FAILED,TIMEOUT,3,0.98,20,False,STOP
CASE_04813,CUST_04813,Christy Baxter,75000,ABANDONED,NONE,0,0.21,45,True,ESCALATE_HUMAN
CASE_04814,CUST_04814,Catherine Lopez,75000,FAILED,BANK_ERROR,2,0.31,0,False,ESCALATE_HUMAN
CASE_04815,CUST_04815,Brandon Archer,9999,FAILED,NETWORK_ERROR,1,0.32,0,False,SEND_PAYMENT_LINK
CASE_04816,CUST_04816,Karen Miller,75000,ABANDONED,NONE,2,0.94,20,True,ESCALATE_HUMAN
CASE_04817,CUST_04817,Nancy Downs,1499,ABANDONED,NONE,3,0.96,0,True,STOP
CASE_04818,CUST_04818,Amanda Pierce,25000,FAILED,INSUFFICIENT_FUNDS,3,0.66,0,False,STOP
CASE_04819,CUST_04819,Dorothy Sanders,100000,FAILED,TIMEOUT,2,0.65,0,False,ESCALATE_HUMAN
CASE_04820,CUST_04820,Mary Wade,75000,FAILED,NETWORK_ERROR,1,0.81,45,False,ESCALATE_HUMAN
CASE_04821,CUST_04821,James Anderson,75000,ABANDONED,NONE,0,0.76,0,True,ESCALATE_HUMAN
CASE_04822,CUST_04822,Mrs. Rachel Bell,1499,FAILED,TIMEOUT,3,0.93,10,False,STOP
CASE_04823,CUST_04823,Kevin Adams,25000,FAILED,CARD_DECLINED,3,0.79,10,False,STOP
CASE_04824,CUST_04824,James Kelly,2499,ABANDONED,NONE,0,0.32,15,True,SEND_PAYMENT_LINK
CASE_04825,CUST_04825,Jimmy Tucker,999,FAILED,INSUFFICIENT_FUNDS,1,0.92,0,False,SEND_PAYMENT_LINK
CASE_04826,CUST_04826,James Miller,7999,FAILED,BANK_ERROR,3,0.21,20,False,STOP
CASE_04827,CUST_04827,Patricia Johnson,499,FAILED,CARD_DECLINED,0,0.34,0,False,SEND_PAYMENT_LINK
CASE_04828,CUST_04828,Bradley Cummings,4999,FAILED,NETWORK_ERROR,2,0.88,30,False,ESCALATE_HUMAN
CASE_04829,CUST_04829,Christopher Smith,4999,ABANDONED,NONE,3,0.75,15,True,STOP
CASE_04830,CUST_04830,Jeremy Hancock,499,FAILED,INSUFFICIENT_FUNDS,0,0.71,45,False,ESCALATE_HUMAN
CASE_04831,CUST_04831,William Thomas,7999,ABANDONED,NONE,3,0.97,10,True,STOP
CASE_04832,CUST_04832,Sarah Ray,2499,FAILED,TIMEOUT,3,0.46,15,False,STOP
CASE_04833,CUST_04833,Samantha Williams,9999,FAILED,BANK_ERROR,3,0.62,45,False,STOP
CASE_04834,CUST_04834,Anthony Sosa,15000,ABANDONED,NONE,2,0.54,5,True,SEND_PAYMENT_LINK
CASE_04835,CUST_04835,Sara Marshall,999,FAILED,NETWORK_ERROR,0,0.53,0,False,SEND_PAYMENT_LINK
CASE_04836,CUST_04836,Sean Vang,1499,FAILED,TIMEOUT,0,0.84,5,False,RETRY_PAYMENT
CASE_04837,CUST_04837,Dawn Sheppard,25000,ABANDONED,NONE,0,0.94,30,True,ESCALATE_HUMAN
CASE_04838,CUST_04838,John Silva,50000,FAILED,NETWORK_ERROR,0,0.8,0,False,RETRY_PAYMENT
CASE_04839,CUST_04839,Russell Morrison,2499,FAILED,BANK_ERROR,2,0.3,10,False,SEND_PAYMENT_LINK
CASE_04840,CUST_04840,Brett Brock,25000,FAILED,BANK_ERROR,1,0.96,10,False,RETRY_PAYMENT
CASE_04841,CUST_04841,Patrick Larsen,4999,FAILED,CARD_DECLINED,0,0.41,0,False,SEND_PAYMENT_LINK
CASE_04842,CUST_04842,Thomas Nelson,7999,FAILED,INSUFFICIENT_FUNDS,3,0.3,5,False,STOP
CASE_04843,CUST_04843,Paul Walters,50000,FAILED,TIMEOUT,3,0.58,0,False,STOP
CASE_04844,CUST_04844,Ashley Brewer,50000,FAILED,BANK_ERROR,1,0.73,20,False,RETRY_PAYMENT
CASE_04845,CUST_04845,Jose Nash,25000,FAILED,CARD_DECLINED,3,0.85,45,False,STOP
CASE_04846,CUST_04846,Elizabeth Krause,100000,ABANDONED,NONE,2,0.5,0,True,ESCALATE_HUMAN
CASE_04847,CUST_04847,Preston Smith,50000,FAILED,INSUFFICIENT_FUNDS,1,0.9,0,False,SEND_PAYMENT_LINK
CASE_04848,CUST_04848,Taylor Leon,1499,FAILED,TIMEOUT,1,0.32,15,False,SEND_PAYMENT_LINK
CASE_04849,CUST_04849,Amanda Roberts,2499,FAILED,NETWORK_ERROR,2,0.54,10,False,SEND_PAYMENT_LINK
CASE_04850,CUST_04850,Eric Mann,9999,ABANDONED,NONE,3,0.71,45,True,STOP
CASE_04851,CUST_04851,Donald Winters,499,ABANDONED,NONE,2,0.46,45,True,ESCALATE_HUMAN
CASE_04852,CUST_04852,Cody Newton,2499,ABANDONED,NONE,2,0.79,15,True,SEND_PAYMENT_LINK
CASE_04853,CUST_04853,James Miller,50000,ABANDONED,NONE,2,0.32,5,True,SEND_PAYMENT_LINK
CASE_04854,CUST_04854,Joseph Freeman,7999,FAILED,TIMEOUT,3,0.46,15,False,STOP
CASE_04855,CUST_04855,Kelly Davis,75000,FAILED,CARD_DECLINED,1,0.94,30,False,ESCALATE_HUMAN
CASE_04856,CUST_04856,Bonnie Conrad,4999,ABANDONED,NONE,2,0.27,0,True,SEND_PAYMENT_LINK
CASE_04857,CUST_04857,Amanda Myers,100000,FAILED,CARD_DECLINED,3,0.75,0,False,STOP
CASE_04858,CUST_04858,Terri Hawkins,9999,ABANDONED,NONE,2,0.81,0,True,SEND_PAYMENT_LINK
CASE_04859,CUST_04859,Susan Clements,50000,ABANDONED,NONE,3,0.41,5,True,STOP
CASE_04860,CUST_04860,Andrew Page,4999,ABANDONED,NONE,2,0.83,0,True,SEND_PAYMENT_LINK
CASE_04861,CUST_04861,Juan Bryant,7999,ABANDONED,NONE,2,0.91,20,True,SEND_PAYMENT_LINK
CASE_04862,CUST_04862,Christopher Fowler,15000,ABANDONED,NONE,1,0.95,0,True,SEND_PAYMENT_LINK
CASE_04863,CUST_04863,Robert Miller MD,499,FAILED,INSUFFICIENT_FUNDS,1,0.25,0,False,SEND_PAYMENT_LINK
CASE_04864,CUST_04864,Kathleen Huff,9999,FAILED,TIMEOUT,0,0.81,15,False,RETRY_PAYMENT
CASE_04865,CUST_04865,Bruce Anthony,50000,ABANDONED,NONE,1,0.34,10,True,SEND_PAYMENT_LINK
CASE_04866,CUST_04866,Victoria Briggs,1499,FAILED,CARD_DECLINED,2,0.81,5,False,SEND_PAYMENT_LINK
CASE_04867,CUST_04867,Amanda Serrano,4999,FAILED,NETWORK_ERROR,3,0.53,0,False,STOP
CASE_04868,CUST_04868,Anthony Russell,50000,FAILED,NETWORK_ERROR,0,0.96,45,False,ESCALATE_HUMAN
CASE_04869,CUST_04869,Teresa Liu,499,FAILED,TIMEOUT,1,0.36,10,False,SEND_PAYMENT_LINK
CASE_04870,CUST_04870,Amanda Lopez,25000,FAILED,TIMEOUT,2,0.9,30,False,ESCALATE_HUMAN
CASE_04871,CUST_04871,Debra Gill,100000,FAILED,INSUFFICIENT_FUNDS,3,0.52,30,False,STOP
CASE_04872,CUST_04872,Mr. Kristopher Torres Jr.,999,FAILED,INSUFFICIENT_FUNDS,2,0.42,0,False,SEND_PAYMENT_LINK
CASE_04873,CUST_04873,Darren Dodson,7999,FAILED,CARD_DECLINED,1,0.91,0,False,SEND_PAYMENT_LINK
CASE_04874,CUST_04874,Michael Mccall,50000,ABANDONED,NONE,3,0.88,20,True,STOP
CASE_04875,CUST_04875,Claire Robinson,75000,FAILED,NETWORK_ERROR,1,0.24,15,False,ESCALATE_HUMAN
CASE_04876,CUST_04876,Adam Schultz,100000,FAILED,NETWORK_ERROR,2,0.7,0,False,ESCALATE_HUMAN
CASE_04877,CUST_04877,Robert Webster,999,FAILED,CARD_DECLINED,2,0.53,0,False,SEND_PAYMENT_LINK
CASE_04878,CUST_04878,Tracy Mcintyre,25000,FAILED,TIMEOUT,1,0.98,15,False,RETRY_PAYMENT
CASE_04879,CUST_04879,John Adams,7999,FAILED,CARD_DECLINED,1,0.89,30,False,ESCALATE_HUMAN
CASE_04880,CUST_04880,Sheila Kerr,15000,FAILED,INSUFFICIENT_FUNDS,1,0.27,0,False,SEND_PAYMENT_LINK
CASE_04881,CUST_04881,Laurie Alexander,9999,FAILED,NETWORK_ERROR,2,0.37,15,False,SEND_PAYMENT_LINK
CASE_04882,CUST_04882,Diamond Carter,9999,ABANDONED,NONE,2,0.43,20,True,SEND_PAYMENT_LINK
CASE_04883,CUST_04883,Dana Crosby,499,ABANDONED,NONE,0,0.86,15,True,SEND_PAYMENT_LINK
CASE_04884,CUST_04884,Pamela Ritter,999,FAILED,CARD_DECLINED,0,0.56,15,False,SEND_PAYMENT_LINK
CASE_04885,CUST_04885,Kevin Simpson,7999,FAILED,BANK_ERROR,2,0.44,10,False,SEND_PAYMENT_LINK
CASE_04886,CUST_04886,Kurt Anderson,50000,FAILED,INSUFFICIENT_FUNDS,1,0.74,20,False,SEND_PAYMENT_LINK
CASE_04887,CUST_04887,Donald Mills,50000,FAILED,CARD_DECLINED,1,0.61,15,False,SEND_PAYMENT_LINK
CASE_04888,CUST_04888,Stephen Rivera,15000,FAILED,NETWORK_ERROR,3,0.55,20,False,STOP
CASE_04889,CUST_04889,Angelica Brown,7999,FAILED,NETWORK_ERROR,0,0.49,10,False,SEND_PAYMENT_LINK
CASE_04890,CUST_04890,Andrea Jimenez,100000,FAILED,BANK_ERROR,2,0.38,20,False,ESCALATE_HUMAN
CASE_04891,CUST_04891,Meghan Mcmillan,25000,ABANDONED,NONE,3,0.28,20,True,STOP
CASE_04892,CUST_04892,Catherine Cole,50000,FAILED,BANK_ERROR,0,0.86,10,False,RETRY_PAYMENT
CASE_04893,CUST_04893,Kelsey Andrews,50000,FAILED,NETWORK_ERROR,3,0.96,5,False,STOP
CASE_04894,CUST_04894,Scott Gordon,4999,FAILED,INSUFFICIENT_FUNDS,1,0.49,30,False,ESCALATE_HUMAN
CASE_04895,CUST_04895,Mr. Matthew Knight,15000,FAILED,TIMEOUT,0,0.29,15,False,SEND_PAYMENT_LINK
CASE_04896,CUST_04896,Tammy Moyer,75000,FAILED,NETWORK_ERROR,3,0.89,10,False,STOP
CASE_04897,CUST_04897,Gavin Scott,50000,FAILED,BANK_ERROR,0,0.85,10,False,RETRY_PAYMENT
CASE_04898,CUST_04898,Tami Holt,100000,ABANDONED,NONE,1,0.34,15,True,ESCALATE_HUMAN
CASE_04899,CUST_04899,Nancy Mason,15000,FAILED,NETWORK_ERROR,2,0.28,15,False,SEND_PAYMENT_LINK
CASE_04900,CUST_04900,Benjamin Brown,4999,ABANDONED,NONE,2,0.28,45,True,ESCALATE_HUMAN
CASE_04901,CUST_04901,Ann Melton,7999,FAILED,NETWORK_ERROR,1,0.7,15,False,RETRY_PAYMENT
CASE_04902,CUST_04902,Ashley Gonzales,1499,FAILED,INSUFFICIENT_FUNDS,2,0.64,15,False,SEND_PAYMENT_LINK
CASE_04903,CUST_04903,Michael Mata,15000,FAILED,NETWORK_ERROR,2,0.94,0,False,RETRY_PAYMENT
CASE_04904,CUST_04904,Alvin Williams,75000,ABANDONED,NONE,3,0.24,45,True,STOP
CASE_04905,CUST_04905,Clifford Chavez,4999,FAILED,BANK_ERROR,3,0.33,5,False,STOP
CASE_04906,CUST_04906,Derek Kim,100000,FAILED,NETWORK_ERROR,0,0.44,30,False,ESCALATE_HUMAN
CASE_04907,CUST_04907,Lisa Browning,999,FAILED,NETWORK_ERROR,3,0.71,0,False,STOP
CASE_04908,CUST_04908,Jeremy Booth,4999,ABANDONED,NONE,3,0.78,5,True,STOP
CASE_04909,CUST_04909,Ashley Fox,4999,FAILED,CARD_DECLINED,2,0.77,15,False,SEND_PAYMENT_LINK
CASE_04910,CUST_04910,Lisa Young,499,FAILED,NETWORK_ERROR,2,0.5,20,False,RETRY_PAYMENT
CASE_04911,CUST_04911,Matthew Moss,15000,FAILED,BANK_ERROR,3,0.28,0,False,STOP
CASE_04912,CUST_04912,Rodney Williams,15000,FAILED,CARD_DECLINED,0,0.73,0,False,SEND_PAYMENT_LINK
CASE_04913,CUST_04913,Casey Smith,999,ABANDONED,NONE,0,0.95,30,True,ESCALATE_HUMAN
CASE_04914,CUST_04914,Christopher Collier,50000,FAILED,CARD_DECLINED,0,0.59,20,False,SEND_PAYMENT_LINK
CASE_04915,CUST_04915,Alicia Brown,1499,FAILED,INSUFFICIENT_FUNDS,0,0.52,0,False,SEND_PAYMENT_LINK
CASE_04916,CUST_04916,Mr. Nicholas Hayes,999,FAILED,CARD_DECLINED,1,0.73,20,False,SEND_PAYMENT_LINK
CASE_04917,CUST_04917,Matthew Miller MD,15000,ABANDONED,NONE,1,0.48,5,True,SEND_PAYMENT_LINK
CASE_04918,CUST_04918,Joyce Cooper,9999,ABANDONED,NONE,1,0.49,15,True,SEND_PAYMENT_LINK
CASE_04919,CUST_04919,Brian Clark,100000,ABANDONED,NONE,0,0.59,30,True,ESCALATE_HUMAN
CASE_04920,CUST_04920,Ashley Williamson,1499,FAILED,CARD_DECLINED,1,0.42,0,False,SEND_PAYMENT_LINK
CASE_04921,CUST_04921,Lisa Thompson,2499,FAILED,INSUFFICIENT_FUNDS,0,0.8,0,False,SEND_PAYMENT_LINK
CASE_04922,CUST_04922,Carmen Espinoza,999,FAILED,BANK_ERROR,0,0.68,10,False,RETRY_PAYMENT
CASE_04923,CUST_04923,Sarah Evans,75000,FAILED,CARD_DECLINED,1,0.55,5,False,ESCALATE_HUMAN
CASE_04924,CUST_04924,Tiffany Hale,7999,ABANDONED,NONE,3,0.55,0,True,STOP
CASE_04925,CUST_04925,Brian Ellis,100000,FAILED,CARD_DECLINED,0,0.36,0,False,ESCALATE_HUMAN
CASE_04926,CUST_04926,Marcus Gordon,75000,FAILED,NETWORK_ERROR,1,0.84,20,False,ESCALATE_HUMAN
CASE_04927,CUST_04927,Lori Smith,7999,FAILED,NETWORK_ERROR,0,0.61,15,False,RETRY_PAYMENT
CASE_04928,CUST_04928,Holly Hanson,75000,ABANDONED,NONE,1,0.92,30,True,ESCALATE_HUMAN
CASE_04929,CUST_04929,George Lee,50000,FAILED,TIMEOUT,1,0.91,45,False,ESCALATE_HUMAN
CASE_04930,CUST_04930,Belinda Jarvis,9999,ABANDONED,NONE,0,0.27,0,True,SEND_PAYMENT_LINK
CASE_04931,CUST_04931,Kevin Jones,75000,FAILED,BANK_ERROR,1,0.26,0,False,ESCALATE_HUMAN
CASE_04932,CUST_04932,Alison Ramirez PhD,7999,FAILED,NETWORK_ERROR,0,0.94,30,False,ESCALATE_HUMAN
CASE_04933,CUST_04933,Andrea Mercer,75000,FAILED,INSUFFICIENT_FUNDS,2,0.52,15,False,ESCALATE_HUMAN
CASE_04934,CUST_04934,Larry Ruiz,15000,FAILED,INSUFFICIENT_FUNDS,3,0.93,5,False,STOP
CASE_04935,CUST_04935,Gina White,1499,FAILED,INSUFFICIENT_FUNDS,2,0.43,0,False,SEND_PAYMENT_LINK
CASE_04936,CUST_04936,Sara Thomas,999,FAILED,CARD_DECLINED,2,0.27,20,False,SEND_PAYMENT_LINK
CASE_04937,CUST_04937,Sydney Bonilla,15000,FAILED,CARD_DECLINED,0,0.75,0,False,SEND_PAYMENT_LINK
CASE_04938,CUST_04938,James Watson,499,FAILED,CARD_DECLINED,0,0.75,5,False,SEND_PAYMENT_LINK
CASE_04939,CUST_04939,John Scott,15000,ABANDONED,NONE,2,0.82,45,True,ESCALATE_HUMAN
CASE_04940,CUST_04940,Ashley Taylor,4999,ABANDONED,NONE,0,0.41,0,True,SEND_PAYMENT_LINK
CASE_04941,CUST_04941,Jordan Davis,1499,FAILED,TIMEOUT,2,0.73,5,False,RETRY_PAYMENT
CASE_04942,CUST_04942,Alisha Glenn,7999,FAILED,TIMEOUT,0,0.29,30,False,ESCALATE_HUMAN
CASE_04943,CUST_04943,Rachel Hopkins,1499,FAILED,NETWORK_ERROR,0,0.36,45,False,ESCALATE_HUMAN
CASE_04944,CUST_04944,Savannah Stevenson,15000,ABANDONED,NONE,2,0.57,30,True,ESCALATE_HUMAN
CASE_04945,CUST_04945,Miguel Levine,499,FAILED,NETWORK_ERROR,3,0.55,45,False,STOP
CASE_04946,CUST_04946,William Matthews,2499,ABANDONED,NONE,3,0.32,15,True,STOP
CASE_04947,CUST_04947,Samuel David,499,ABANDONED,NONE,3,0.72,0,True,STOP
CASE_04948,CUST_04948,Ralph Smith,75000,ABANDONED,NONE,1,0.97,30,True,ESCALATE_HUMAN
CASE_04949,CUST_04949,Jose Smith,1499,FAILED,INSUFFICIENT_FUNDS,3,0.65,10,False,STOP
CASE_04950,CUST_04950,Matthew Webster,999,ABANDONED,NONE,1,0.24,0,True,SEND_PAYMENT_LINK
CASE_04951,CUST_04951,Frederick Vargas,9999,FAILED,INSUFFICIENT_FUNDS,3,0.41,20,False,STOP
CASE_04952,CUST_04952,Andrew Patrick,15000,FAILED,TIMEOUT,0,0.52,15,False,SEND_PAYMENT_LINK
CASE_04953,CUST_04953,Jennifer White,75000,FAILED,CARD_DECLINED,0,0.51,10,False,ESCALATE_HUMAN
CASE_04954,CUST_04954,Emily Moore,50000,FAILED,CARD_DECLINED,3,0.72,5,False,STOP
CASE_04955,CUST_04955,Tiffany Hart,4999,FAILED,INSUFFICIENT_FUNDS,0,0.76,30,False,ESCALATE_HUMAN
CASE_04956,CUST_04956,Jacqueline Winters,75000,FAILED,TIMEOUT,0,0.79,15,False,ESCALATE_HUMAN
CASE_04957,CUST_04957,Corey Farrell,25000,FAILED,BANK_ERROR,3,0.99,0,False,STOP
CASE_04958,CUST_04958,Robert Gonzales MD,50000,ABANDONED,NONE,3,0.96,30,True,STOP
CASE_04959,CUST_04959,Jeffrey Diaz,4999,FAILED,TIMEOUT,2,0.94,0,False,RETRY_PAYMENT
CASE_04960,CUST_04960,Walter Perez,50000,FAILED,NETWORK_ERROR,1,0.82,15,False,RETRY_PAYMENT
CASE_04961,CUST_04961,Christine Day,1499,ABANDONED,NONE,0,0.31,0,True,SEND_PAYMENT_LINK
CASE_04962,CUST_04962,Leslie Smith,9999,FAILED,CARD_DECLINED,3,0.49,10,False,STOP
CASE_04963,CUST_04963,Leslie Flowers,25000,FAILED,BANK_ERROR,1,0.36,15,False,SEND_PAYMENT_LINK
CASE_04964,CUST_04964,Larry King,25000,FAILED,CARD_DECLINED,2,0.35,0,False,SEND_PAYMENT_LINK
CASE_04965,CUST_04965,Lisa Cooper,499,ABANDONED,NONE,2,0.56,15,True,SEND_PAYMENT_LINK
CASE_04966,CUST_04966,Erik Glass,999,ABANDONED,NONE,2,0.47,10,True,SEND_PAYMENT_LINK
CASE_04967,CUST_04967,Kelly Thomas,9999,FAILED,INSUFFICIENT_FUNDS,0,0.22,0,False,SEND_PAYMENT_LINK
CASE_04968,CUST_04968,Sandra Barrera,100000,FAILED,INSUFFICIENT_FUNDS,0,0.93,0,False,ESCALATE_HUMAN
CASE_04969,CUST_04969,Michael Gardner,1499,FAILED,BANK_ERROR,0,0.66,15,False,RETRY_PAYMENT
CASE_04970,CUST_04970,Juan Barron,75000,ABANDONED,NONE,0,0.95,15,True,ESCALATE_HUMAN
CASE_04971,CUST_04971,James Grant,50000,ABANDONED,NONE,0,0.59,30,True,ESCALATE_HUMAN
CASE_04972,CUST_04972,Richard Juarez,999,ABANDONED,NONE,0,0.35,15,True,SEND_PAYMENT_LINK
CASE_04973,CUST_04973,Susan Jackson,9999,ABANDONED,NONE,0,0.91,10,True,SEND_PAYMENT_LINK
CASE_04974,CUST_04974,Laurie Brown,999,FAILED,INSUFFICIENT_FUNDS,3,0.2,0,False,STOP
CASE_04975,CUST_04975,Denise Jones,9999,FAILED,CARD_DECLINED,1,0.81,45,False,ESCALATE_HUMAN
CASE_04976,CUST_04976,Dr. Jonathan Garcia MD,50000,FAILED,BANK_ERROR,1,0.56,45,False,ESCALATE_HUMAN
CASE_04977,CUST_04977,Mary Barnett,4999,FAILED,CARD_DECLINED,3,0.81,20,False,STOP
CASE_04978,CUST_04978,Lisa Leblanc,15000,ABANDONED,NONE,3,0.89,0,True,STOP
CASE_04979,CUST_04979,Kelsey Drake,9999,FAILED,BANK_ERROR,2,0.46,30,False,ESCALATE_HUMAN
CASE_04980,CUST_04980,Janet Lee,75000,FAILED,TIMEOUT,3,0.81,0,False,STOP
CASE_04981,CUST_04981,Megan Holmes,2499,FAILED,BANK_ERROR,2,0.66,20,False,SEND_PAYMENT_LINK
CASE_04982,CUST_04982,Katherine Owens,100000,ABANDONED,NONE,2,0.93,30,True,ESCALATE_HUMAN
CASE_04983,CUST_04983,Diana Lloyd,4999,FAILED,TIMEOUT,0,0.44,10,False,SEND_PAYMENT_LINK
CASE_04984,CUST_04984,Dominique Brown,25000,FAILED,CARD_DECLINED,2,0.76,30,False,ESCALATE_HUMAN
CASE_04985,CUST_04985,Gail Soto DDS,100000,FAILED,TIMEOUT,0,0.99,20,False,ESCALATE_HUMAN
CASE_04986,CUST_04986,Joseph Jackson,499,FAILED,INSUFFICIENT_FUNDS,1,0.59,30,False,ESCALATE_HUMAN
CASE_04987,CUST_04987,Tina Jones DDS,50000,FAILED,CARD_DECLINED,2,0.84,20,False,SEND_PAYMENT_LINK
CASE_04988,CUST_04988,Zachary Smith,999,FAILED,TIMEOUT,3,0.96,30,False,STOP
CASE_04989,CUST_04989,Stephanie Armstrong,9999,FAILED,NETWORK_ERROR,2,0.43,15,False,SEND_PAYMENT_LINK
CASE_04990,CUST_04990,Walter Medina,9999,FAILED,NETWORK_ERROR,1,0.61,30,False,ESCALATE_HUMAN
CASE_04991,CUST_04991,Melanie Baxter,1499,FAILED,NETWORK_ERROR,1,0.44,15,False,SEND_PAYMENT_LINK
CASE_04992,CUST_04992,Paul Guzman,4999,FAILED,BANK_ERROR,0,0.69,10,False,SEND_PAYMENT_LINK
CASE_04993,CUST_04993,Joseph Frazier,9999,FAILED,NETWORK_ERROR,0,0.87,20,False,RETRY_PAYMENT
CASE_04994,CUST_04994,Sharon Norman,100000,FAILED,NETWORK_ERROR,0,0.37,0,False,ESCALATE_HUMAN
CASE_04995,CUST_04995,Michael Romero,9999,ABANDONED,NONE,0,0.7,30,True,ESCALATE_HUMAN
CASE_04996,CUST_04996,Aaron Parker,15000,ABANDONED,NONE,3,0.68,30,True,STOP
CASE_04997,CUST_04997,David Thomas,499,FAILED,CARD_DECLINED,3,0.32,5,False,STOP
CASE_04998,CUST_04998,Becky Jones,15000,ABANDONED,NONE,1,0.9,30,True,ESCALATE_HUMAN
CASE_04999,CUST_04999,Travis Pierce,999,FAILED,TIMEOUT,3,0.81,15,False,STOP
CASE_05000,CUST_05000,Carol Richmond,999,FAILED,CARD_DECLINED,3,0.34,0,False,STOP
CASE_05001,CUST_05001,Joseph Morgan,9999,FAILED,INSUFFICIENT_FUNDS,1,0.33,5,False,SEND_PAYMENT_LINK
CASE_05002,CUST_05002,David Fuentes,75000,FAILED,TIMEOUT,1,0.37,5,False,ESCALATE_HUMAN
CASE_05003,CUST_05003,Ernest Long,4999,FAILED,NETWORK_ERROR,0,0.83,0,False,RETRY_PAYMENT
CASE_05004,CUST_05004,Angela Rivers,9999,FAILED,BANK_ERROR,0,0.52,15,False,SEND_PAYMENT_LINK
CASE_05005,CUST_05005,Lee Daniels,2499,FAILED,NETWORK_ERROR,3,0.46,0,False,STOP
CASE_05006,CUST_05006,Benjamin Cook,50000,FAILED,TIMEOUT,1,0.6,5,False,RETRY_PAYMENT
CASE_05007,CUST_05007,Sharon Montgomery,499,FAILED,NETWORK_ERROR,2,0.4,45,False,ESCALATE_HUMAN
CASE_05008,CUST_05008,William Arnold,7999,FAILED,CARD_DECLINED,3,0.82,15,False,STOP
CASE_05009,CUST_05009,Shelly Garcia,2499,FAILED,TIMEOUT,0,0.4,15,False,SEND_PAYMENT_LINK
CASE_05010,CUST_05010,Jessica Carlson,7999,FAILED,BANK_ERROR,0,0.46,30,False,ESCALATE_HUMAN
CASE_05011,CUST_05011,Christopher Gray,9999,FAILED,BANK_ERROR,2,0.47,0,False,SEND_PAYMENT_LINK
CASE_05012,CUST_05012,Ryan Woods,15000,ABANDONED,NONE,3,0.64,0,True,STOP
CASE_05013,CUST_05013,Christopher Stanton,75000,FAILED,TIMEOUT,1,0.78,0,False,ESCALATE_HUMAN
CASE_05014,CUST_05014,Melissa Chen,1499,FAILED,BANK_ERROR,0,0.93,0,False,RETRY_PAYMENT
CASE_05015,CUST_05015,Kimberly Travis,999,FAILED,CARD_DECLINED,3,0.97,5,False,STOP
CASE_05016,CUST_05016,Ashley Klein,50000,FAILED,CARD_DECLINED,3,0.65,30,False,STOP
CASE_05017,CUST_05017,Michael Peterson,1499,ABANDONED,NONE,1,0.86,0,True,SEND_PAYMENT_LINK
CASE_05018,CUST_05018,Daniel Brown,4999,FAILED,INSUFFICIENT_FUNDS,2,0.84,0,False,SEND_PAYMENT_LINK
CASE_05019,CUST_05019,Teresa Brennan,50000,FAILED,NETWORK_ERROR,3,0.45,0,False,STOP
CASE_05020,CUST_05020,William Welch,9999,FAILED,BANK_ERROR,1,0.81,45,False,ESCALATE_HUMAN
CASE_05021,CUST_05021,David Love,25000,FAILED,NETWORK_ERROR,0,0.22,0,False,SEND_PAYMENT_LINK
CASE_05022,CUST_05022,Philip Miller,100000,FAILED,BANK_ERROR,3,0.45,0,False,STOP
CASE_05023,CUST_05023,John Wiley,1499,FAILED,BANK_ERROR,1,0.78,0,False,RETRY_PAYMENT
CASE_05024,CUST_05024,Kevin Rice,999,ABANDONED,NONE,2,0.44,10,True,SEND_PAYMENT_LINK
CASE_05025,CUST_05025,Diana Horne,999,ABANDONED,NONE,2,0.62,0,True,SEND_PAYMENT_LINK
CASE_05026,CUST_05026,James Hill,75000,FAILED,TIMEOUT,2,0.52,0,False,ESCALATE_HUMAN
CASE_05027,CUST_05027,Zachary Cantu,15000,FAILED,TIMEOUT,0,0.48,20,False,SEND_PAYMENT_LINK
CASE_05028,CUST_05028,Michael Torres,75000,ABANDONED,NONE,2,0.42,0,True,ESCALATE_HUMAN
CASE_05029,CUST_05029,Justin King,2499,ABANDONED,NONE,0,0.59,15,True,SEND_PAYMENT_LINK
CASE_05030,CUST_05030,Todd Petersen,4999,FAILED,BANK_ERROR,0,0.66,15,False,RETRY_PAYMENT
CASE_05031,CUST_05031,Joel Campbell,15000,FAILED,BANK_ERROR,1,0.52,0,False,RETRY_PAYMENT
CASE_05032,CUST_05032,Natalie Barker,999,FAILED,INSUFFICIENT_FUNDS,3,0.98,0,False,STOP
CASE_05033,CUST_05033,Michelle Hernandez,2499,FAILED,NETWORK_ERROR,3,0.26,45,False,STOP
CASE_05034,CUST_05034,Rebecca Hess,7999,FAILED,CARD_DECLINED,3,0.21,15,False,STOP
CASE_05035,CUST_05035,Patricia Steele,499,FAILED,CARD_DECLINED,3,0.6,30,False,STOP
CASE_05036,CUST_05036,Christopher Hunter,75000,FAILED,TIMEOUT,1,0.48,0,False,ESCALATE_HUMAN
CASE_05037,CUST_05037,Victoria Robinson,499,FAILED,CARD_DECLINED,1,0.64,15,False,SEND_PAYMENT_LINK
CASE_05038,CUST_05038,Brandi Gonzalez,1499,FAILED,BANK_ERROR,1,0.98,30,False,ESCALATE_HUMAN
CASE_05039,CUST_05039,Megan Larsen,499,FAILED,CARD_DECLINED,1,0.8,15,False,SEND_PAYMENT_LINK
CASE_05040,CUST_05040,Daniel Wilson,25000,FAILED,CARD_DECLINED,0,0.47,15,False,SEND_PAYMENT_LINK
CASE_05041,CUST_05041,Rebecca Zavala,7999,FAILED,TIMEOUT,3,0.87,30,False,STOP
CASE_05042,CUST_05042,Juan Soto,999,FAILED,CARD_DECLINED,1,0.98,30,False,ESCALATE_HUMAN
CASE_05043,CUST_05043,Roger Munoz,7999,ABANDONED,NONE,2,0.76,0,True,SEND_PAYMENT_LINK
CASE_05044,CUST_05044,Dawn Jones,4999,FAILED,INSUFFICIENT_FUNDS,3,0.86,20,False,STOP
CASE_05045,CUST_05045,Gregory Gordon,1499,ABANDONED,NONE,1,0.48,0,True,SEND_PAYMENT_LINK
CASE_05046,CUST_05046,Nathan Long,25000,FAILED,TIMEOUT,1,0.44,30,False,ESCALATE_HUMAN
CASE_05047,CUST_05047,Leonard Morrison,100000,ABANDONED,NONE,1,0.81,20,True,ESCALATE_HUMAN
CASE_05048,CUST_05048,Laura Ramos,100000,ABANDONED,NONE,3,0.34,10,True,STOP
CASE_05049,CUST_05049,Lauren Walker,4999,FAILED,INSUFFICIENT_FUNDS,1,0.7,15,False,SEND_PAYMENT_LINK
CASE_05050,CUST_05050,Stacy Wolfe,4999,ABANDONED,NONE,3,0.33,20,True,STOP
CASE_05051,CUST_05051,Bryan Taylor,7999,ABANDONED,NONE,0,0.47,20,True,SEND_PAYMENT_LINK
CASE_05052,CUST_05052,Debbie Weber,100000,FAILED,BANK_ERROR,0,0.87,0,False,ESCALATE_HUMAN
CASE_05053,CUST_05053,Sara Martin,2499,FAILED,CARD_DECLINED,0,0.71,0,False,SEND_PAYMENT_LINK
CASE_05054,CUST_05054,Ashley Baker,4999,ABANDONED,NONE,3,0.97,0,True,STOP
CASE_05055,CUST_05055,Matthew Williams,100000,FAILED,CARD_DECLINED,2,0.21,0,False,ESCALATE_HUMAN
CASE_05056,CUST_05056,Angela Preston,9999,FAILED,NETWORK_ERROR,1,0.58,0,False,RETRY_PAYMENT
CASE_05057,CUST_05057,Ryan Nunez,1499,ABANDONED,NONE,3,0.76,0,True,STOP
CASE_05058,CUST_05058,Sharon Ruiz,1499,FAILED,INSUFFICIENT_FUNDS,1,0.94,5,False,SEND_PAYMENT_LINK
CASE_05059,CUST_05059,Sarah Mcclure,9999,FAILED,TIMEOUT,0,0.77,10,False,RETRY_PAYMENT
CASE_05060,CUST_05060,Karen Johnson,75000,FAILED,TIMEOUT,2,0.32,5,False,ESCALATE_HUMAN
CASE_05061,CUST_05061,Matthew Preston,999,FAILED,NETWORK_ERROR,1,0.86,20,False,RETRY_PAYMENT
CASE_05062,CUST_05062,Jessica Hansen,4999,FAILED,INSUFFICIENT_FUNDS,3,0.97,15,False,STOP
CASE_05063,CUST_05063,Matthew Olson,9999,FAILED,TIMEOUT,0,0.62,0,False,SEND_PAYMENT_LINK
CASE_05064,CUST_05064,Jeffrey Payne,2499,FAILED,INSUFFICIENT_FUNDS,2,0.56,10,False,SEND_PAYMENT_LINK
CASE_05065,CUST_05065,Joshua Guerrero,1499,FAILED,CARD_DECLINED,1,0.87,15,False,SEND_PAYMENT_LINK
CASE_05066,CUST_05066,Margaret Guerrero,50000,ABANDONED,NONE,3,0.93,30,True,STOP
CASE_05067,CUST_05067,Alexandra Brown,15000,FAILED,INSUFFICIENT_FUNDS,1,0.89,0,False,SEND_PAYMENT_LINK
CASE_05068,CUST_05068,Alicia Brewer,1499,FAILED,NETWORK_ERROR,1,0.79,30,False,ESCALATE_HUMAN
CASE_05069,CUST_05069,Samuel Martinez,100000,FAILED,NETWORK_ERROR,2,0.21,5,False,ESCALATE_HUMAN
CASE_05070,CUST_05070,Derek Glass,1499,FAILED,CARD_DECLINED,0,0.76,0,False,SEND_PAYMENT_LINK
CASE_05071,CUST_05071,Nicholas Pace,9999,FAILED,NETWORK_ERROR,3,0.25,10,False,STOP
CASE_05072,CUST_05072,Alicia Andrews,4999,FAILED,NETWORK_ERROR,3,0.4,15,False,STOP
CASE_05073,CUST_05073,Dalton Cox,7999,FAILED,TIMEOUT,2,0.34,5,False,SEND_PAYMENT_LINK
CASE_05074,CUST_05074,Susan Hutchinson,999,ABANDONED,NONE,3,0.68,0,True,STOP
CASE_05075,CUST_05075,Stephanie Alvarado,100000,ABANDONED,NONE,3,0.96,10,True,STOP
CASE_05076,CUST_05076,Melanie Moreno,50000,FAILED,CARD_DECLINED,1,0.44,5,False,SEND_PAYMENT_LINK
CASE_05077,CUST_05077,Amanda Hayes,9999,FAILED,INSUFFICIENT_FUNDS,2,0.88,0,False,SEND_PAYMENT_LINK
CASE_05078,CUST_05078,Anthony Gregory,100000,FAILED,BANK_ERROR,3,0.65,5,False,STOP
CASE_05079,CUST_05079,Tracy Edwards,7999,ABANDONED,NONE,1,0.4,45,True,ESCALATE_HUMAN
CASE_05080,CUST_05080,Amy Diaz,999,FAILED,BANK_ERROR,0,0.95,5,False,RETRY_PAYMENT
CASE_05081,CUST_05081,Hannah Floyd,4999,FAILED,BANK_ERROR,1,0.24,5,False,SEND_PAYMENT_LINK
CASE_05082,CUST_05082,Brian Morales,9999,FAILED,TIMEOUT,1,0.32,30,False,ESCALATE_HUMAN
CASE_05083,CUST_05083,Alexander Johnson,4999,FAILED,CARD_DECLINED,2,0.35,30,False,ESCALATE_HUMAN
CASE_05084,CUST_05084,Carlos Padilla,1499,FAILED,BANK_ERROR,1,0.48,15,False,SEND_PAYMENT_LINK
CASE_05085,CUST_05085,Shannon Hall,999,ABANDONED,NONE,0,0.3,0,True,SEND_PAYMENT_LINK
CASE_05086,CUST_05086,Tiffany Livingston,7999,FAILED,TIMEOUT,3,0.77,15,False,STOP
CASE_05087,CUST_05087,Zachary Velez,7999,FAILED,CARD_DECLINED,3,0.24,10,False,STOP
CASE_05088,CUST_05088,Kenneth Hall,75000,FAILED,INSUFFICIENT_FUNDS,1,0.32,10,False,ESCALATE_HUMAN
CASE_05089,CUST_05089,Angela Ellis,7999,ABANDONED,NONE,2,0.26,0,True,SEND_PAYMENT_LINK
CASE_05090,CUST_05090,Shane Fox,7999,FAILED,TIMEOUT,1,0.46,45,False,ESCALATE_HUMAN
CASE_05091,CUST_05091,Andrew Smith,499,ABANDONED,NONE,0,0.67,5,True,SEND_PAYMENT_LINK
CASE_05092,CUST_05092,Edward Ballard,100000,FAILED,TIMEOUT,2,0.77,5,False,ESCALATE_HUMAN
CASE_05093,CUST_05093,David Campbell,100000,FAILED,CARD_DECLINED,2,0.95,0,False,ESCALATE_HUMAN
CASE_05094,CUST_05094,Meagan Gregory,50000,ABANDONED,NONE,0,0.47,30,True,ESCALATE_HUMAN
CASE_05095,CUST_05095,Stephen Garcia,7999,FAILED,NETWORK_ERROR,0,0.92,20,False,RETRY_PAYMENT
CASE_05096,CUST_05096,Angela Lindsey,9999,FAILED,BANK_ERROR,1,0.98,20,False,RETRY_PAYMENT
CASE_05097,CUST_05097,Judy Oconnell,2499,FAILED,NETWORK_ERROR,0,0.8,0,False,RETRY_PAYMENT
CASE_05098,CUST_05098,John York,999,FAILED,NETWORK_ERROR,1,0.45,0,False,SEND_PAYMENT_LINK
CASE_05099,CUST_05099,Glenn Allen,499,ABANDONED,NONE,3,0.95,15,True,STOP
CASE_05100,CUST_05100,Kimberly Sanford,499,FAILED,BANK_ERROR,0,0.45,45,False,ESCALATE_HUMAN
CASE_05101,CUST_05101,Jody Bennett,75000,ABANDONED,NONE,2,0.73,20,True,ESCALATE_HUMAN
CASE_05102,CUST_05102,Kelli Hernandez,50000,ABANDONED,NONE,3,0.9,10,True,STOP
CASE_05103,CUST_05103,Alison Campbell,2499,FAILED,NETWORK_ERROR,0,0.93,45,False,ESCALATE_HUMAN
CASE_05104,CUST_05104,Adrienne Gonzalez,499,FAILED,TIMEOUT,0,0.26,10,False,SEND_PAYMENT_LINK
CASE_05105,CUST_05105,Elizabeth Pruitt MD,9999,FAILED,TIMEOUT,1,0.68,30,False,ESCALATE_HUMAN
CASE_05106,CUST_05106,Emily Nolan,25000,FAILED,CARD_DECLINED,1,0.23,20,False,SEND_PAYMENT_LINK
CASE_05107,CUST_05107,James Matthews,75000,FAILED,NETWORK_ERROR,1,0.64,0,False,ESCALATE_HUMAN
CASE_05108,CUST_05108,Kimberly King,9999,ABANDONED,NONE,2,0.27,15,True,SEND_PAYMENT_LINK
CASE_05109,CUST_05109,Michael Mcdowell,9999,FAILED,INSUFFICIENT_FUNDS,0,0.73,20,False,SEND_PAYMENT_LINK
CASE_05110,CUST_05110,Deanna Carpenter,7999,ABANDONED,NONE,1,0.5,0,True,SEND_PAYMENT_LINK
CASE_05111,CUST_05111,Crystal Kennedy,25000,FAILED,TIMEOUT,3,0.96,30,False,STOP
CASE_05112,CUST_05112,Arthur Cannon,1499,FAILED,CARD_DECLINED,0,0.74,10,False,SEND_PAYMENT_LINK
CASE_05113,CUST_05113,Alison Perry,15000,FAILED,BANK_ERROR,3,0.37,20,False,STOP
CASE_05114,CUST_05114,Phillip Guerrero,4999,FAILED,NETWORK_ERROR,1,0.78,0,False,RETRY_PAYMENT
CASE_05115,CUST_05115,Kristen Fox,25000,FAILED,TIMEOUT,3,0.68,45,False,STOP
CASE_05116,CUST_05116,Jesse Pearson,50000,FAILED,TIMEOUT,2,0.48,10,False,SEND_PAYMENT_LINK
CASE_05117,CUST_05117,Sharon Sanchez,50000,FAILED,NETWORK_ERROR,3,0.91,10,False,STOP
CASE_05118,CUST_05118,Kim Rose,9999,ABANDONED,NONE,2,0.65,20,True,SEND_PAYMENT_LINK
CASE_05119,CUST_05119,Gerald Haynes,9999,ABANDONED,NONE,3,0.5,45,True,STOP
CASE_05120,CUST_05120,Valerie Burnett,7999,ABANDONED,NONE,0,0.27,10,True,SEND_PAYMENT_LINK
CASE_05121,CUST_05121,Joseph Bowman,7999,ABANDONED,NONE,0,0.48,15,True,SEND_PAYMENT_LINK
CASE_05122,CUST_05122,Philip Allen,9999,FAILED,INSUFFICIENT_FUNDS,1,0.94,0,False,SEND_PAYMENT_LINK
CASE_05123,CUST_05123,Henry Adams Jr.,25000,FAILED,NETWORK_ERROR,1,0.67,0,False,RETRY_PAYMENT
CASE_05124,CUST_05124,Virginia Cervantes,499,FAILED,INSUFFICIENT_FUNDS,2,0.54,5,False,SEND_PAYMENT_LINK
CASE_05125,CUST_05125,Adam Nguyen,2499,ABANDONED,NONE,3,0.59,5,True,STOP
CASE_05126,CUST_05126,Elizabeth Mcguire,499,FAILED,TIMEOUT,3,0.6,45,False,STOP
CASE_05127,CUST_05127,Dawn Wilson,15000,FAILED,CARD_DECLINED,1,0.87,0,False,SEND_PAYMENT_LINK
CASE_05128,CUST_05128,John Moreno,7999,FAILED,CARD_DECLINED,3,0.74,0,False,STOP
CASE_05129,CUST_05129,Nicholas Lane DVM,999,FAILED,INSUFFICIENT_FUNDS,0,0.31,15,False,SEND_PAYMENT_LINK
CASE_05130,CUST_05130,Pamela Anderson,4999,FAILED,INSUFFICIENT_FUNDS,0,0.73,15,False,SEND_PAYMENT_LINK
CASE_05131,CUST_05131,Dr. Elizabeth Mathews DDS,4999,FAILED,CARD_DECLINED,0,0.73,45,False,ESCALATE_HUMAN
CASE_05132,CUST_05132,Amy Owens,2499,ABANDONED,NONE,3,0.7,5,True,STOP
CASE_05133,CUST_05133,William Richards,25000,ABANDONED,NONE,1,0.45,0,True,SEND_PAYMENT_LINK
CASE_05134,CUST_05134,Keith Garcia,9999,FAILED,TIMEOUT,1,0.84,10,False,RETRY_PAYMENT
CASE_05135,CUST_05135,Michelle Smith,2499,FAILED,TIMEOUT,0,0.22,0,False,SEND_PAYMENT_LINK
CASE_05136,CUST_05136,Michelle Barnes,4999,FAILED,INSUFFICIENT_FUNDS,1,0.69,5,False,SEND_PAYMENT_LINK
CASE_05137,CUST_05137,Leslie Stanton,499,ABANDONED,NONE,2,0.29,20,True,SEND_PAYMENT_LINK
CASE_05138,CUST_05138,Michelle Simpson,7999,FAILED,NETWORK_ERROR,3,0.32,30,False,STOP
CASE_05139,CUST_05139,Andrew Thomas,100000,FAILED,INSUFFICIENT_FUNDS,0,0.62,20,False,ESCALATE_HUMAN
CASE_05140,CUST_05140,Kristin Wagner,1499,FAILED,INSUFFICIENT_FUNDS,1,0.56,15,False,SEND_PAYMENT_LINK
CASE_05141,CUST_05141,Joshua George,75000,ABANDONED,NONE,0,0.2,0,True,ESCALATE_HUMAN
CASE_05142,CUST_05142,Spencer Trujillo,2499,FAILED,BANK_ERROR,1,0.92,10,False,RETRY_PAYMENT
CASE_05143,CUST_05143,Austin Farrell,499,FAILED,NETWORK_ERROR,3,0.56,0,False,STOP
CASE_05144,CUST_05144,Kevin Alvarez,1499,FAILED,TIMEOUT,2,0.61,0,False,SEND_PAYMENT_LINK
CASE_05145,CUST_05145,Michael Jackson,999,FAILED,CARD_DECLINED,0,0.47,20,False,SEND_PAYMENT_LINK
CASE_05146,CUST_05146,Alexander Castillo,9999,ABANDONED,NONE,0,0.77,0,True,SEND_PAYMENT_LINK
CASE_05147,CUST_05147,Elizabeth Patel,1499,FAILED,CARD_DECLINED,1,0.59,45,False,ESCALATE_HUMAN
CASE_05148,CUST_05148,Tanya Henry,4999,FAILED,NETWORK_ERROR,0,0.67,20,False,SEND_PAYMENT_LINK
CASE_05149,CUST_05149,Amy Russell,9999,FAILED,INSUFFICIENT_FUNDS,1,0.58,15,False,SEND_PAYMENT_LINK
CASE_05150,CUST_05150,Kathy Hart,25000,FAILED,INSUFFICIENT_FUNDS,2,0.32,0,False,SEND_PAYMENT_LINK
CASE_05151,CUST_05151,Vincent Smith,1499,FAILED,CARD_DECLINED,1,0.4,45,False,ESCALATE_HUMAN
CASE_05152,CUST_05152,Kelly Wheeler,9999,FAILED,TIMEOUT,1,0.89,5,False,RETRY_PAYMENT
CASE_05153,CUST_05153,Jennifer Ellis,15000,FAILED,INSUFFICIENT_FUNDS,2,0.23,0,False,SEND_PAYMENT_LINK
CASE_05154,CUST_05154,Nicole Stevenson,999,FAILED,BANK_ERROR,3,0.74,0,False,STOP
CASE_05155,CUST_05155,Terry Graves,4999,FAILED,CARD_DECLINED,1,0.74,20,False,SEND_PAYMENT_LINK
CASE_05156,CUST_05156,Joseph Kim,499,ABANDONED,NONE,0,0.22,30,True,ESCALATE_HUMAN
CASE_05157,CUST_05157,James Morales,999,FAILED,TIMEOUT,1,0.79,20,False,RETRY_PAYMENT
CASE_05158,CUST_05158,Mr. Roger Farrell,75000,FAILED,INSUFFICIENT_FUNDS,3,0.53,45,False,STOP
CASE_05159,CUST_05159,Brandon Hardin,75000,FAILED,INSUFFICIENT_FUNDS,0,0.98,5,False,ESCALATE_HUMAN
CASE_05160,CUST_05160,Jessica Foster,4999,FAILED,INSUFFICIENT_FUNDS,0,0.36,0,False,SEND_PAYMENT_LINK
CASE_05161,CUST_05161,Diane Fry,25000,FAILED,TIMEOUT,0,0.45,15,False,SEND_PAYMENT_LINK
CASE_05162,CUST_05162,Shari Grant,999,FAILED,BANK_ERROR,2,0.71,30,False,ESCALATE_HUMAN
CASE_05163,CUST_05163,Ashley Sanders,50000,FAILED,INSUFFICIENT_FUNDS,2,0.56,45,False,ESCALATE_HUMAN
CASE_05164,CUST_05164,Jordan Warren,7999,ABANDONED,NONE,0,0.66,10,True,SEND_PAYMENT_LINK
CASE_05165,CUST_05165,Jason Ramirez,499,ABANDONED,NONE,3,0.28,45,True,STOP
CASE_05166,CUST_05166,Timothy Glass,15000,FAILED,TIMEOUT,0,0.36,10,False,SEND_PAYMENT_LINK
CASE_05167,CUST_05167,Robin Castaneda,7999,ABANDONED,NONE,2,0.45,0,True,SEND_PAYMENT_LINK
CASE_05168,CUST_05168,Kayla Stokes,1499,ABANDONED,NONE,2,0.73,30,True,ESCALATE_HUMAN
CASE_05169,CUST_05169,Joanna Duarte,50000,FAILED,TIMEOUT,3,0.78,0,False,STOP
CASE_05170,CUST_05170,Joshua Pierce,2499,FAILED,NETWORK_ERROR,2,0.41,45,False,ESCALATE_HUMAN
CASE_05171,CUST_05171,Angel Hicks,15000,FAILED,CARD_DECLINED,1,0.4,0,False,SEND_PAYMENT_LINK
CASE_05172,CUST_05172,Jill Bird,100000,FAILED,NETWORK_ERROR,2,0.27,20,False,ESCALATE_HUMAN
CASE_05173,CUST_05173,James Allison,4999,FAILED,TIMEOUT,3,0.21,0,False,STOP
CASE_05174,CUST_05174,Crystal Hamilton,9999,ABANDONED,NONE,2,0.39,0,True,SEND_PAYMENT_LINK
CASE_05175,CUST_05175,Patrick Dean,100000,FAILED,INSUFFICIENT_FUNDS,3,0.94,20,False,STOP
CASE_05176,CUST_05176,Kathryn Price,2499,FAILED,TIMEOUT,0,0.22,45,False,ESCALATE_HUMAN
CASE_05177,CUST_05177,Janet Lowe,50000,ABANDONED,NONE,2,0.44,0,True,SEND_PAYMENT_LINK
CASE_05178,CUST_05178,Ryan Barnett,1499,FAILED,BANK_ERROR,3,0.23,10,False,STOP
CASE_05179,CUST_05179,Charles Mcintyre,499,FAILED,INSUFFICIENT_FUNDS,3,0.43,45,False,STOP
CASE_05180,CUST_05180,David Hall,9999,ABANDONED,NONE,2,0.9,20,True,SEND_PAYMENT_LINK
CASE_05181,CUST_05181,Melissa Garcia,75000,FAILED,CARD_DECLINED,2,0.61,30,False,ESCALATE_HUMAN
CASE_05182,CUST_05182,Samantha Castro,499,FAILED,NETWORK_ERROR,0,0.22,0,False,SEND_PAYMENT_LINK
CASE_05183,CUST_05183,Lisa Welch,15000,ABANDONED,NONE,0,0.8,30,True,ESCALATE_HUMAN
CASE_05184,CUST_05184,Austin Smith,15000,FAILED,NETWORK_ERROR,2,0.66,10,False,RETRY_PAYMENT
CASE_05185,CUST_05185,Kristy Williams,2499,FAILED,NETWORK_ERROR,0,0.29,0,False,SEND_PAYMENT_LINK
CASE_05186,CUST_05186,Matthew Thompson,15000,FAILED,CARD_DECLINED,3,0.87,0,False,STOP
CASE_05187,CUST_05187,Kathleen Campbell,4999,FAILED,BANK_ERROR,0,0.41,10,False,SEND_PAYMENT_LINK
CASE_05188,CUST_05188,John Phillips,999,FAILED,INSUFFICIENT_FUNDS,3,0.56,5,False,STOP
CASE_05189,CUST_05189,Lynn Rivera,2499,FAILED,CARD_DECLINED,2,0.73,20,False,SEND_PAYMENT_LINK
CASE_05190,CUST_05190,Jerry Smith,100000,FAILED,INSUFFICIENT_FUNDS,1,0.38,0,False,ESCALATE_HUMAN
CASE_05191,CUST_05191,Jacqueline Ortega,15000,FAILED,BANK_ERROR,1,0.49,0,False,SEND_PAYMENT_LINK
CASE_05192,CUST_05192,Michael Kline,499,FAILED,CARD_DECLINED,1,0.51,20,False,SEND_PAYMENT_LINK
CASE_05193,CUST_05193,Tracy Garcia,7999,FAILED,NETWORK_ERROR,0,0.97,30,False,ESCALATE_HUMAN
CASE_05194,CUST_05194,Jacob Carney,75000,ABANDONED,NONE,1,0.28,30,True,ESCALATE_HUMAN
CASE_05195,CUST_05195,Michael Dominguez,2499,FAILED,NETWORK_ERROR,1,0.42,30,False,ESCALATE_HUMAN
CASE_05196,CUST_05196,Kelly Simpson,100000,FAILED,BANK_ERROR,2,0.88,20,False,ESCALATE_HUMAN
CASE_05197,CUST_05197,Charles Montgomery,7999,FAILED,CARD_DECLINED,1,0.89,20,False,SEND_PAYMENT_LINK
CASE_05198,CUST_05198,Brian Ferrell,25000,ABANDONED,NONE,0,0.41,0,True,SEND_PAYMENT_LINK
CASE_05199,CUST_05199,Jared Graham,2499,FAILED,CARD_DECLINED,1,0.83,30,False,ESCALATE_HUMAN
CASE_05200,CUST_05200,Austin Robinson,50000,ABANDONED,NONE,3,0.95,20,True,STOP
CASE_05201,CUST_05201,Kelly Winters,499,FAILED,INSUFFICIENT_FUNDS,0,0.58,5,False,SEND_PAYMENT_LINK
CASE_05202,CUST_05202,Cody Calhoun,7999,ABANDONED,NONE,1,0.29,0,True,SEND_PAYMENT_LINK
CASE_05203,CUST_05203,William Love,9999,FAILED,INSUFFICIENT_FUNDS,0,0.51,45,False,ESCALATE_HUMAN
CASE_05204,CUST_05204,Michele Torres,50000,FAILED,INSUFFICIENT_FUNDS,2,0.51,20,False,ESCALATE_HUMAN
CASE_05205,CUST_05205,Mary Duarte,50000,ABANDONED,NONE,0,0.28,10,True,SEND_PAYMENT_LINK
CASE_05206,CUST_05206,David Sutton,75000,FAILED,INSUFFICIENT_FUNDS,3,0.2,5,False,STOP
CASE_05207,CUST_05207,Grace Gibson,50000,FAILED,INSUFFICIENT_FUNDS,1,0.58,0,False,SEND_PAYMENT_LINK
CASE_05208,CUST_05208,Deborah Perkins,9999,ABANDONED,NONE,1,0.49,0,True,SEND_PAYMENT_LINK
CASE_05209,CUST_05209,Rhonda Young,50000,FAILED,INSUFFICIENT_FUNDS,0,0.7,0,False,SEND_PAYMENT_LINK
CASE_05210,CUST_05210,Kathy Hatfield,499,FAILED,TIMEOUT,0,0.83,0,False,RETRY_PAYMENT
CASE_05211,CUST_05211,Carmen Reeves,75000,FAILED,TIMEOUT,2,0.54,20,False,ESCALATE_HUMAN
CASE_05212,CUST_05212,Steven Bush,999,ABANDONED,NONE,1,0.65,10,True,SEND_PAYMENT_LINK
CASE_05213,CUST_05213,Bryan Wright,100000,FAILED,BANK_ERROR,0,0.88,0,False,ESCALATE_HUMAN
CASE_05214,CUST_05214,Samantha Meyer,499,FAILED,BANK_ERROR,2,0.73,20,False,SEND_PAYMENT_LINK
CASE_05215,CUST_05215,David Warren,50000,FAILED,CARD_DECLINED,3,0.58,5,False,STOP
CASE_05216,CUST_05216,Becky Graham,75000,FAILED,TIMEOUT,0,0.41,10,False,ESCALATE_HUMAN
CASE_05217,CUST_05217,Jeff Perry,25000,FAILED,NETWORK_ERROR,3,0.96,5,False,STOP
CASE_05218,CUST_05218,Matthew Garcia,75000,ABANDONED,NONE,2,0.98,20,True,ESCALATE_HUMAN
CASE_05219,CUST_05219,Matthew Garza,999,FAILED,BANK_ERROR,0,0.82,45,False,ESCALATE_HUMAN
CASE_05220,CUST_05220,Isaac Torres,25000,FAILED,BANK_ERROR,0,0.53,0,False,RETRY_PAYMENT
CASE_05221,CUST_05221,Billy Bailey,9999,FAILED,TIMEOUT,3,0.51,5,False,STOP
CASE_05222,CUST_05222,Marie Andersen,499,FAILED,BANK_ERROR,3,0.41,0,False,STOP
CASE_05223,CUST_05223,Angel Clark,100000,ABANDONED,NONE,1,0.54,5,True,ESCALATE_HUMAN
CASE_05224,CUST_05224,John Mayer,7999,FAILED,NETWORK_ERROR,3,0.55,0,False,STOP
CASE_05225,CUST_05225,Angelica Adkins DDS,2499,FAILED,BANK_ERROR,0,0.77,5,False,RETRY_PAYMENT
CASE_05226,CUST_05226,Latasha Bishop,75000,FAILED,INSUFFICIENT_FUNDS,1,0.83,45,False,ESCALATE_HUMAN
CASE_05227,CUST_05227,Adam Gay,1499,ABANDONED,NONE,3,0.93,0,True,STOP
CASE_05228,CUST_05228,Melinda Smith,9999,FAILED,NETWORK_ERROR,2,0.68,15,False,SEND_PAYMENT_LINK
CASE_05229,CUST_05229,Lauren Harrington,1499,FAILED,INSUFFICIENT_FUNDS,1,0.93,20,False,SEND_PAYMENT_LINK
CASE_05230,CUST_05230,Samantha Ward,4999,FAILED,INSUFFICIENT_FUNDS,2,0.81,5,False,SEND_PAYMENT_LINK
CASE_05231,CUST_05231,Amy Foster,100000,ABANDONED,NONE,3,0.61,0,True,STOP
CASE_05232,CUST_05232,William Tucker,999,FAILED,BANK_ERROR,1,0.24,10,False,SEND_PAYMENT_LINK
CASE_05233,CUST_05233,Rachael Crane,499,FAILED,INSUFFICIENT_FUNDS,3,0.58,15,False,STOP
CASE_05234,CUST_05234,Tanner Myers,7999,FAILED,CARD_DECLINED,0,0.82,20,False,SEND_PAYMENT_LINK
CASE_05235,CUST_05235,John Ramsey,100000,FAILED,NETWORK_ERROR,3,0.94,0,False,STOP
CASE_05236,CUST_05236,Eric Li,1499,FAILED,CARD_DECLINED,0,0.75,0,False,SEND_PAYMENT_LINK
CASE_05237,CUST_05237,Tiffany Walsh,100000,FAILED,NETWORK_ERROR,1,0.57,0,False,ESCALATE_HUMAN
CASE_05238,CUST_05238,James Thompson,9999,FAILED,NETWORK_ERROR,3,0.78,5,False,STOP
CASE_05239,CUST_05239,Kevin Morgan,1499,FAILED,INSUFFICIENT_FUNDS,2,0.26,0,False,SEND_PAYMENT_LINK
CASE_05240,CUST_05240,Matthew Price,1499,FAILED,INSUFFICIENT_FUNDS,3,0.57,5,False,STOP
CASE_05241,CUST_05241,Jason Nguyen,100000,ABANDONED,NONE,1,0.68,15,True,ESCALATE_HUMAN
CASE_05242,CUST_05242,Katie Wilson,15000,FAILED,INSUFFICIENT_FUNDS,0,0.65,0,False,SEND_PAYMENT_LINK
CASE_05243,CUST_05243,Jack Cook,4999,ABANDONED,NONE,2,0.75,0,True,SEND_PAYMENT_LINK
CASE_05244,CUST_05244,Daniel Garrett,999,ABANDONED,NONE,1,0.99,30,True,ESCALATE_HUMAN
CASE_05245,CUST_05245,Michael Harvey,499,FAILED,CARD_DECLINED,3,0.32,15,False,STOP
CASE_05246,CUST_05246,Gary Adams,9999,ABANDONED,NONE,3,0.28,0,True,STOP
CASE_05247,CUST_05247,Elizabeth Bennett,7999,FAILED,BANK_ERROR,1,0.37,0,False,SEND_PAYMENT_LINK
CASE_05248,CUST_05248,Christopher Hardy,25000,FAILED,INSUFFICIENT_FUNDS,3,0.96,0,False,STOP
CASE_05249,CUST_05249,Patrick Mendoza,100000,FAILED,CARD_DECLINED,1,0.7,45,False,ESCALATE_HUMAN
CASE_05250,CUST_05250,John Mathis,1499,ABANDONED,NONE,1,0.97,0,True,SEND_PAYMENT_LINK
CASE_05251,CUST_05251,Darlene Scott,999,FAILED,NETWORK_ERROR,1,0.27,30,False,ESCALATE_HUMAN
CASE_05252,CUST_05252,Scott Noble,2499,ABANDONED,NONE,2,0.81,10,True,SEND_PAYMENT_LINK
CASE_05253,CUST_05253,Michelle Greene,25000,FAILED,BANK_ERROR,1,0.2,0,False,SEND_PAYMENT_LINK
CASE_05254,CUST_05254,Melissa Smith,499,FAILED,CARD_DECLINED,3,0.88,45,False,STOP
CASE_05255,CUST_05255,Ryan Valenzuela,4999,FAILED,CARD_DECLINED,3,0.4,0,False,STOP
CASE_05256,CUST_05256,William Perez,9999,FAILED,NETWORK_ERROR,3,0.81,5,False,STOP
CASE_05257,CUST_05257,Jason Johnson,75000,ABANDONED,NONE,2,0.25,15,True,ESCALATE_HUMAN
CASE_05258,CUST_05258,Noah Strong,7999,FAILED,TIMEOUT,0,0.21,15,False,SEND_PAYMENT_LINK
CASE_05259,CUST_05259,Kristi Winters,999,FAILED,CARD_DECLINED,0,0.69,45,False,ESCALATE_HUMAN
CASE_05260,CUST_05260,Adam Taylor,4999,FAILED,BANK_ERROR,3,0.9,5,False,STOP
CASE_05261,CUST_05261,David Espinoza,100000,FAILED,TIMEOUT,1,0.53,30,False,ESCALATE_HUMAN
CASE_05262,CUST_05262,Jeffrey Levy,1499,FAILED,BANK_ERROR,2,0.23,45,False,ESCALATE_HUMAN
CASE_05263,CUST_05263,David Flynn,2499,FAILED,BANK_ERROR,2,0.75,10,False,RETRY_PAYMENT
CASE_05264,CUST_05264,Jessica Anderson,2499,ABANDONED,NONE,2,0.85,0,True,SEND_PAYMENT_LINK
CASE_05265,CUST_05265,Amanda Ortega,9999,FAILED,CARD_DECLINED,0,0.89,0,False,SEND_PAYMENT_LINK
CASE_05266,CUST_05266,Brian Soto,9999,ABANDONED,NONE,1,0.3,20,True,SEND_PAYMENT_LINK
CASE_05267,CUST_05267,Nathaniel Winters PhD,50000,ABANDONED,NONE,3,0.78,10,True,STOP
CASE_05268,CUST_05268,Rebecca Sanders,499,FAILED,BANK_ERROR,0,0.4,10,False,SEND_PAYMENT_LINK
CASE_05269,CUST_05269,Michelle Rivera,4999,FAILED,TIMEOUT,3,0.28,20,False,STOP
CASE_05270,CUST_05270,Michael Haney,4999,ABANDONED,NONE,0,0.22,45,True,ESCALATE_HUMAN
CASE_05271,CUST_05271,Andrea Alexander,4999,FAILED,INSUFFICIENT_FUNDS,0,0.28,0,False,SEND_PAYMENT_LINK
CASE_05272,CUST_05272,Phillip Baldwin,15000,ABANDONED,NONE,2,0.31,20,True,SEND_PAYMENT_LINK
CASE_05273,CUST_05273,Jason Morales,100000,FAILED,CARD_DECLINED,0,0.67,10,False,ESCALATE_HUMAN
CASE_05274,CUST_05274,Pamela Frost,999,FAILED,INSUFFICIENT_FUNDS,0,0.45,0,False,SEND_PAYMENT_LINK
CASE_05275,CUST_05275,Joshua Ramos,75000,ABANDONED,NONE,3,0.28,5,True,STOP
CASE_05276,CUST_05276,Darlene Wood,999,FAILED,BANK_ERROR,2,0.5,5,False,SEND_PAYMENT_LINK
CASE_05277,CUST_05277,Cindy Garcia,1499,FAILED,INSUFFICIENT_FUNDS,1,0.99,30,False,ESCALATE_HUMAN
CASE_05278,CUST_05278,Dr. Joseph Rodgers MD,75000,FAILED,BANK_ERROR,2,0.94,0,False,ESCALATE_HUMAN
CASE_05279,CUST_05279,Michael Dickson,100000,FAILED,NETWORK_ERROR,3,0.34,15,False,STOP
CASE_05280,CUST_05280,Patricia Moore,100000,FAILED,CARD_DECLINED,2,0.24,0,False,ESCALATE_HUMAN
CASE_05281,CUST_05281,Harold Salazar,999,FAILED,INSUFFICIENT_FUNDS,1,0.85,15,False,SEND_PAYMENT_LINK
CASE_05282,CUST_05282,Charles Hall,25000,ABANDONED,NONE,1,0.57,45,True,ESCALATE_HUMAN
CASE_05283,CUST_05283,Carlos Torres,25000,FAILED,NETWORK_ERROR,0,0.38,30,False,ESCALATE_HUMAN
CASE_05284,CUST_05284,Rita Jordan,4999,FAILED,BANK_ERROR,0,0.4,15,False,SEND_PAYMENT_LINK
CASE_05285,CUST_05285,Joshua Ortiz,25000,FAILED,CARD_DECLINED,3,0.29,45,False,STOP
CASE_05286,CUST_05286,Roger Lynn,9999,FAILED,INSUFFICIENT_FUNDS,1,0.34,5,False,SEND_PAYMENT_LINK
CASE_05287,CUST_05287,Hunter Ray,7999,FAILED,INSUFFICIENT_FUNDS,2,0.68,0,False,SEND_PAYMENT_LINK
CASE_05288,CUST_05288,David Howard,499,FAILED,INSUFFICIENT_FUNDS,3,0.55,30,False,STOP
CASE_05289,CUST_05289,Meghan Martinez,15000,FAILED,TIMEOUT,1,0.83,45,False,ESCALATE_HUMAN
CASE_05290,CUST_05290,Valerie Valdez,2499,FAILED,INSUFFICIENT_FUNDS,2,0.57,0,False,SEND_PAYMENT_LINK
CASE_05291,CUST_05291,Christopher Myers,15000,FAILED,INSUFFICIENT_FUNDS,0,0.27,20,False,SEND_PAYMENT_LINK
CASE_05292,CUST_05292,Charles Adams,499,FAILED,CARD_DECLINED,3,0.93,0,False,STOP
CASE_05293,CUST_05293,Justin Salazar,999,FAILED,BANK_ERROR,1,0.29,5,False,SEND_PAYMENT_LINK
CASE_05294,CUST_05294,Henry Bray,2499,ABANDONED,NONE,3,0.25,45,True,STOP
CASE_05295,CUST_05295,Gregory Chambers,2499,FAILED,NETWORK_ERROR,3,0.74,0,False,STOP
CASE_05296,CUST_05296,Christopher Alexander,1499,FAILED,TIMEOUT,3,0.42,0,False,STOP
CASE_05297,CUST_05297,David Reynolds,100000,FAILED,BANK_ERROR,3,0.66,0,False,STOP
CASE_05298,CUST_05298,Joshua Thompson,15000,FAILED,INSUFFICIENT_FUNDS,3,0.95,5,False,STOP
CASE_05299,CUST_05299,Mark Blackwell,2499,ABANDONED,NONE,2,0.91,0,True,SEND_PAYMENT_LINK
CASE_05300,CUST_05300,Edward Wilson,25000,FAILED,CARD_DECLINED,3,0.61,0,False,STOP
CASE_05301,CUST_05301,Ashley Frye,25000,FAILED,BANK_ERROR,3,0.52,5,False,STOP
CASE_05302,CUST_05302,Gary Johnson,499,FAILED,TIMEOUT,3,0.39,10,False,STOP
CASE_05303,CUST_05303,Nancy Robertson,50000,FAILED,INSUFFICIENT_FUNDS,2,0.57,10,False,SEND_PAYMENT_LINK
CASE_05304,CUST_05304,Kimberly Harris,4999,FAILED,TIMEOUT,0,0.56,0,False,SEND_PAYMENT_LINK
CASE_05305,CUST_05305,Brian Barker,1499,ABANDONED,NONE,2,0.43,5,True,SEND_PAYMENT_LINK
CASE_05306,CUST_05306,Jennifer Dominguez,4999,ABANDONED,NONE,2,0.99,0,True,SEND_PAYMENT_LINK
CASE_05307,CUST_05307,William Bell,100000,ABANDONED,NONE,0,0.95,10,True,ESCALATE_HUMAN
CASE_05308,CUST_05308,Steven Cochran,2499,FAILED,CARD_DECLINED,1,0.94,45,False,ESCALATE_HUMAN
CASE_05309,CUST_05309,Kyle Davis,7999,FAILED,NETWORK_ERROR,3,0.49,15,False,STOP
CASE_05310,CUST_05310,Carol Valdez,15000,FAILED,NETWORK_ERROR,2,0.53,45,False,ESCALATE_HUMAN
CASE_05311,CUST_05311,Scott Cohen,999,ABANDONED,NONE,3,0.62,5,True,STOP
CASE_05312,CUST_05312,Heather Montgomery,4999,FAILED,NETWORK_ERROR,1,0.25,30,False,ESCALATE_HUMAN
CASE_05313,CUST_05313,Alan Jackson,75000,FAILED,NETWORK_ERROR,3,0.97,0,False,STOP
CASE_05314,CUST_05314,Brianna Nixon,75000,FAILED,INSUFFICIENT_FUNDS,0,0.71,0,False,ESCALATE_HUMAN
CASE_05315,CUST_05315,Kimberly Medina,15000,FAILED,NETWORK_ERROR,1,0.32,5,False,SEND_PAYMENT_LINK
CASE_05316,CUST_05316,Joseph Meza,100000,FAILED,INSUFFICIENT_FUNDS,0,0.39,5,False,ESCALATE_HUMAN
CASE_05317,CUST_05317,Nicholas Christian,9999,FAILED,BANK_ERROR,2,0.75,0,False,RETRY_PAYMENT
CASE_05318,CUST_05318,Mitchell Lewis,100000,FAILED,BANK_ERROR,0,0.81,0,False,ESCALATE_HUMAN
CASE_05319,CUST_05319,Robert Davis,75000,ABANDONED,NONE,2,0.36,30,True,ESCALATE_HUMAN
CASE_05320,CUST_05320,David Flores,2499,FAILED,INSUFFICIENT_FUNDS,0,0.43,30,False,ESCALATE_HUMAN
CASE_05321,CUST_05321,Richard Hernandez,1499,FAILED,CARD_DECLINED,0,0.35,0,False,SEND_PAYMENT_LINK
CASE_05322,CUST_05322,Samantha Mccullough,2499,FAILED,NETWORK_ERROR,3,0.26,20,False,STOP
CASE_05323,CUST_05323,Allen Parks,50000,FAILED,TIMEOUT,1,0.77,15,False,RETRY_PAYMENT
CASE_05324,CUST_05324,Michael Snow,7999,FAILED,NETWORK_ERROR,0,0.93,0,False,RETRY_PAYMENT
CASE_05325,CUST_05325,Paul Brown,499,FAILED,NETWORK_ERROR,0,0.58,0,False,RETRY_PAYMENT
CASE_05326,CUST_05326,Dalton Kramer,4999,FAILED,INSUFFICIENT_FUNDS,2,0.84,20,False,SEND_PAYMENT_LINK
CASE_05327,CUST_05327,Craig Graves,999,FAILED,TIMEOUT,1,0.94,0,False,RETRY_PAYMENT
CASE_05328,CUST_05328,Shawn Graham,75000,FAILED,NETWORK_ERROR,0,0.87,15,False,ESCALATE_HUMAN
CASE_05329,CUST_05329,John Turner,499,ABANDONED,NONE,3,0.28,0,True,STOP
CASE_05330,CUST_05330,Nicole Weaver,1499,FAILED,CARD_DECLINED,1,0.72,0,False,SEND_PAYMENT_LINK
CASE_05331,CUST_05331,Allison Delacruz,7999,ABANDONED,NONE,2,0.43,45,True,ESCALATE_HUMAN
CASE_05332,CUST_05332,Amanda Jones,100000,FAILED,BANK_ERROR,0,0.95,15,False,ESCALATE_HUMAN
CASE_05333,CUST_05333,Amanda Morales,7999,FAILED,INSUFFICIENT_FUNDS,2,0.24,20,False,SEND_PAYMENT_LINK
CASE_05334,CUST_05334,Mark Cruz,2499,FAILED,NETWORK_ERROR,0,0.6,30,False,ESCALATE_HUMAN
CASE_05335,CUST_05335,Alyssa Woods,25000,FAILED,BANK_ERROR,1,0.72,30,False,ESCALATE_HUMAN
CASE_05336,CUST_05336,David Carney,9999,FAILED,CARD_DECLINED,0,0.41,20,False,SEND_PAYMENT_LINK
CASE_05337,CUST_05337,Noah Thomas,499,FAILED,CARD_DECLINED,1,0.76,5,False,SEND_PAYMENT_LINK
CASE_05338,CUST_05338,Erik Henderson,9999,ABANDONED,NONE,1,0.96,20,True,SEND_PAYMENT_LINK
CASE_05339,CUST_05339,Paul Miller,50000,FAILED,BANK_ERROR,1,0.32,30,False,ESCALATE_HUMAN
CASE_05340,CUST_05340,Ethan Cross,7999,FAILED,TIMEOUT,3,0.28,0,False,STOP
CASE_05341,CUST_05341,Megan Webster,9999,ABANDONED,NONE,0,0.93,0,True,SEND_PAYMENT_LINK
CASE_05342,CUST_05342,Taylor Murphy,7999,FAILED,BANK_ERROR,0,0.24,5,False,SEND_PAYMENT_LINK
CASE_05343,CUST_05343,Sara Montgomery,4999,FAILED,CARD_DECLINED,0,0.57,30,False,ESCALATE_HUMAN
CASE_05344,CUST_05344,Timothy Bradley,1499,FAILED,NETWORK_ERROR,1,0.78,45,False,ESCALATE_HUMAN
CASE_05345,CUST_05345,Tina Peterson,75000,FAILED,BANK_ERROR,1,0.67,0,False,ESCALATE_HUMAN
CASE_05346,CUST_05346,James Combs,100000,FAILED,CARD_DECLINED,3,0.83,0,False,STOP
CASE_05347,CUST_05347,Catherine Pratt,999,FAILED,INSUFFICIENT_FUNDS,1,0.22,0,False,SEND_PAYMENT_LINK
CASE_05348,CUST_05348,Donna Jackson,1499,FAILED,NETWORK_ERROR,0,0.89,45,False,ESCALATE_HUMAN
CASE_05349,CUST_05349,Anthony Harper,1499,FAILED,CARD_DECLINED,1,0.72,30,False,ESCALATE_HUMAN
CASE_05350,CUST_05350,Paul Rogers,100000,FAILED,BANK_ERROR,3,0.82,15,False,STOP
CASE_05351,CUST_05351,Megan Ramirez,4999,FAILED,NETWORK_ERROR,3,0.83,45,False,STOP
CASE_05352,CUST_05352,Desiree Villanueva,1499,FAILED,NETWORK_ERROR,1,0.32,45,False,ESCALATE_HUMAN
CASE_05353,CUST_05353,Chase Powell,100000,FAILED,TIMEOUT,1,0.54,45,False,ESCALATE_HUMAN
CASE_05354,CUST_05354,Sean Lee,499,FAILED,INSUFFICIENT_FUNDS,3,0.76,15,False,STOP
CASE_05355,CUST_05355,Melissa Rogers,25000,FAILED,BANK_ERROR,2,0.59,0,False,SEND_PAYMENT_LINK
CASE_05356,CUST_05356,Lynn Marks,9999,FAILED,NETWORK_ERROR,2,0.55,10,False,SEND_PAYMENT_LINK
CASE_05357,CUST_05357,Lisa Brown,7999,FAILED,INSUFFICIENT_FUNDS,3,0.37,45,False,STOP
CASE_05358,CUST_05358,Kristie Larson,15000,FAILED,NETWORK_ERROR,3,0.64,45,False,STOP
CASE_05359,CUST_05359,Rodney Sanchez,4999,FAILED,NETWORK_ERROR,0,0.85,10,False,RETRY_PAYMENT
CASE_05360,CUST_05360,Gregory Wagner,9999,FAILED,NETWORK_ERROR,3,0.57,0,False,STOP
CASE_05361,CUST_05361,Sean Moreno,9999,FAILED,BANK_ERROR,3,0.96,0,False,STOP
CASE_05362,CUST_05362,Tara Francis,25000,FAILED,BANK_ERROR,3,0.62,0,False,STOP
CASE_05363,CUST_05363,Ronald White,25000,FAILED,NETWORK_ERROR,0,0.77,20,False,RETRY_PAYMENT
CASE_05364,CUST_05364,Brandon Reynolds,4999,FAILED,NETWORK_ERROR,0,0.2,5,False,SEND_PAYMENT_LINK
CASE_05365,CUST_05365,Pamela Keller,15000,FAILED,CARD_DECLINED,3,0.23,20,False,STOP
CASE_05366,CUST_05366,Kendra Crawford,100000,ABANDONED,NONE,0,0.84,0,True,ESCALATE_HUMAN
CASE_05367,CUST_05367,Jeffrey Davis,100000,ABANDONED,NONE,3,0.44,30,True,STOP
CASE_05368,CUST_05368,Sean Chan,50000,FAILED,TIMEOUT,1,0.57,45,False,ESCALATE_HUMAN
CASE_05369,CUST_05369,Joyce Moses,2499,FAILED,BANK_ERROR,2,0.31,15,False,SEND_PAYMENT_LINK
CASE_05370,CUST_05370,Timothy Diaz,2499,FAILED,INSUFFICIENT_FUNDS,0,0.87,0,False,SEND_PAYMENT_LINK
CASE_05371,CUST_05371,Zachary Harris,999,FAILED,CARD_DECLINED,2,0.64,45,False,ESCALATE_HUMAN
CASE_05372,CUST_05372,Nathaniel Contreras,15000,FAILED,TIMEOUT,3,0.2,45,False,STOP
CASE_05373,CUST_05373,Scott Robinson,100000,ABANDONED,NONE,3,0.9,0,True,STOP
CASE_05374,CUST_05374,Stephen Macias,7999,FAILED,TIMEOUT,3,0.57,0,False,STOP
CASE_05375,CUST_05375,Haley Soto,100000,FAILED,NETWORK_ERROR,2,0.25,5,False,ESCALATE_HUMAN
CASE_05376,CUST_05376,Michael Pruitt,2499,ABANDONED,NONE,2,0.79,20,True,SEND_PAYMENT_LINK
CASE_05377,CUST_05377,Brittany Davis,15000,FAILED,INSUFFICIENT_FUNDS,3,0.27,0,False,STOP
CASE_05378,CUST_05378,Andrew Sullivan,7999,FAILED,TIMEOUT,0,0.94,0,False,RETRY_PAYMENT
CASE_05379,CUST_05379,Penny Barry,499,ABANDONED,NONE,0,0.85,30,True,ESCALATE_HUMAN
CASE_05380,CUST_05380,Aaron Hale,25000,FAILED,TIMEOUT,1,0.21,0,False,SEND_PAYMENT_LINK
CASE_05381,CUST_05381,Kelly Marshall,1499,FAILED,INSUFFICIENT_FUNDS,3,0.33,5,False,STOP
CASE_05382,CUST_05382,John Little,100000,FAILED,TIMEOUT,0,0.21,0,False,ESCALATE_HUMAN
CASE_05383,CUST_05383,Ruth Mckenzie,50000,ABANDONED,NONE,2,0.92,30,True,ESCALATE_HUMAN
CASE_05384,CUST_05384,Eric Rodriguez MD,4999,ABANDONED,NONE,2,0.71,20,True,SEND_PAYMENT_LINK
CASE_05385,CUST_05385,Sandra Sanchez,7999,ABANDONED,NONE,2,0.4,0,True,SEND_PAYMENT_LINK
CASE_05386,CUST_05386,Nicole Becker,7999,FAILED,NETWORK_ERROR,2,0.74,0,False,RETRY_PAYMENT
CASE_05387,CUST_05387,Cody Reese,999,ABANDONED,NONE,2,0.29,5,True,SEND_PAYMENT_LINK
CASE_05388,CUST_05388,Steven Robbins,15000,FAILED,TIMEOUT,2,0.27,5,False,SEND_PAYMENT_LINK
CASE_05389,CUST_05389,Mallory Palmer,2499,ABANDONED,NONE,1,0.89,20,True,SEND_PAYMENT_LINK
CASE_05390,CUST_05390,Patrick Blankenship,9999,ABANDONED,NONE,3,0.63,20,True,STOP
CASE_05391,CUST_05391,Tracey Casey,499,FAILED,INSUFFICIENT_FUNDS,3,0.81,30,False,STOP
CASE_05392,CUST_05392,Mark Jones,4999,FAILED,INSUFFICIENT_FUNDS,2,0.69,20,False,SEND_PAYMENT_LINK
CASE_05393,CUST_05393,Sarah Knapp,25000,FAILED,INSUFFICIENT_FUNDS,2,0.67,0,False,SEND_PAYMENT_LINK
CASE_05394,CUST_05394,Daniel Mosley,25000,FAILED,BANK_ERROR,2,0.6,0,False,RETRY_PAYMENT
CASE_05395,CUST_05395,Kimberly Morales,499,FAILED,NETWORK_ERROR,2,0.41,0,False,SEND_PAYMENT_LINK
CASE_05396,CUST_05396,Jacqueline Padilla,50000,ABANDONED,NONE,1,0.35,15,True,SEND_PAYMENT_LINK
CASE_05397,CUST_05397,Miranda Clay,2499,FAILED,BANK_ERROR,3,0.79,0,False,STOP
CASE_05398,CUST_05398,Julia King,999,FAILED,TIMEOUT,0,0.93,45,False,ESCALATE_HUMAN
CASE_05399,CUST_05399,Christine Williams,7999,FAILED,CARD_DECLINED,2,0.53,20,False,SEND_PAYMENT_LINK
CASE_05400,CUST_05400,Brittany Jones,25000,FAILED,CARD_DECLINED,1,0.85,0,False,SEND_PAYMENT_LINK
CASE_05401,CUST_05401,Gary Carr,2499,FAILED,CARD_DECLINED,3,0.29,5,False,STOP
CASE_05402,CUST_05402,Scott Gomez,499,ABANDONED,NONE,1,0.72,45,True,ESCALATE_HUMAN
CASE_05403,CUST_05403,Leslie Adams,499,FAILED,BANK_ERROR,1,0.73,20,False,RETRY_PAYMENT
CASE_05404,CUST_05404,Lindsey Booker,7999,ABANDONED,NONE,1,0.21,15,True,SEND_PAYMENT_LINK
CASE_05405,CUST_05405,Tyler Gutierrez,4999,FAILED,CARD_DECLINED,3,0.94,45,False,STOP
CASE_05406,CUST_05406,John Gonzalez,999,FAILED,TIMEOUT,2,0.58,10,False,SEND_PAYMENT_LINK
CASE_05407,CUST_05407,Justin Moody,25000,FAILED,NETWORK_ERROR,2,0.51,10,False,RETRY_PAYMENT
CASE_05408,CUST_05408,Brooke Gordon,2499,ABANDONED,NONE,0,0.59,45,True,ESCALATE_HUMAN
CASE_05409,CUST_05409,Jonathan Crawford,4999,ABANDONED,NONE,1,0.26,20,True,SEND_PAYMENT_LINK
CASE_05410,CUST_05410,Michael Jordan,999,ABANDONED,NONE,1,0.6,45,True,ESCALATE_HUMAN
CASE_05411,CUST_05411,Jeffrey Fowler,499,FAILED,INSUFFICIENT_FUNDS,1,0.7,0,False,SEND_PAYMENT_LINK
CASE_05412,CUST_05412,Emily Keller,9999,ABANDONED,NONE,3,0.7,45,True,STOP
CASE_05413,CUST_05413,Sara Blackwell,25000,ABANDONED,NONE,3,0.95,15,True,STOP
CASE_05414,CUST_05414,Elizabeth Wolfe,4999,FAILED,INSUFFICIENT_FUNDS,2,0.91,10,False,SEND_PAYMENT_LINK
CASE_05415,CUST_05415,Timothy Gross,999,FAILED,INSUFFICIENT_FUNDS,0,0.29,0,False,SEND_PAYMENT_LINK
CASE_05416,CUST_05416,Larry Hood,100000,FAILED,NETWORK_ERROR,0,0.75,20,False,ESCALATE_HUMAN
CASE_05417,CUST_05417,Jessica Holt,1499,ABANDONED,NONE,2,0.73,0,True,SEND_PAYMENT_LINK
CASE_05418,CUST_05418,Kyle Thomas,100000,FAILED,INSUFFICIENT_FUNDS,3,0.92,45,False,STOP
CASE_05419,CUST_05419,Abigail Martinez,50000,FAILED,TIMEOUT,1,0.87,45,False,ESCALATE_HUMAN
CASE_05420,CUST_05420,Juan Hamilton,4999,FAILED,NETWORK_ERROR,1,0.54,15,False,RETRY_PAYMENT
CASE_05421,CUST_05421,Angelica Steele,999,FAILED,NETWORK_ERROR,3,0.31,0,False,STOP
CASE_05422,CUST_05422,Sarah Stokes,100000,FAILED,TIMEOUT,3,0.22,20,False,STOP
CASE_05423,CUST_05423,Mike Wilson,7999,FAILED,CARD_DECLINED,0,0.89,5,False,SEND_PAYMENT_LINK
CASE_05424,CUST_05424,Diana Kaiser,999,ABANDONED,NONE,0,0.31,0,True,SEND_PAYMENT_LINK
CASE_05425,CUST_05425,Adam Lee,15000,FAILED,BANK_ERROR,1,0.24,30,False,ESCALATE_HUMAN
CASE_05426,CUST_05426,Jesus Lee,75000,FAILED,NETWORK_ERROR,0,0.63,0,False,ESCALATE_HUMAN
CASE_05427,CUST_05427,Lisa Lopez,4999,FAILED,NETWORK_ERROR,2,0.53,0,False,SEND_PAYMENT_LINK
CASE_05428,CUST_05428,Donna Weaver,999,FAILED,TIMEOUT,1,0.63,0,False,RETRY_PAYMENT
CASE_05429,CUST_05429,Shannon Cruz,1499,ABANDONED,NONE,0,0.92,20,True,SEND_PAYMENT_LINK
CASE_05430,CUST_05430,Renee Oneal,999,FAILED,INSUFFICIENT_FUNDS,2,0.7,45,False,ESCALATE_HUMAN
CASE_05431,CUST_05431,Mark Vaughan,7999,ABANDONED,NONE,3,0.39,20,True,STOP
CASE_05432,CUST_05432,Joseph Barnett,7999,FAILED,TIMEOUT,0,0.33,45,False,ESCALATE_HUMAN
CASE_05433,CUST_05433,Jennifer Lopez,75000,FAILED,INSUFFICIENT_FUNDS,1,0.26,0,False,ESCALATE_HUMAN
CASE_05434,CUST_05434,Lindsey Patterson,75000,ABANDONED,NONE,3,0.67,15,True,STOP
CASE_05435,CUST_05435,Eric Aguirre,50000,FAILED,NETWORK_ERROR,2,0.34,45,False,ESCALATE_HUMAN
CASE_05436,CUST_05436,Michael Collins,1499,FAILED,NETWORK_ERROR,0,0.46,0,False,SEND_PAYMENT_LINK
CASE_05437,CUST_05437,Derek Joyce,2499,FAILED,BANK_ERROR,1,0.85,45,False,ESCALATE_HUMAN
CASE_05438,CUST_05438,Kevin Parrish,25000,ABANDONED,NONE,0,0.83,0,True,SEND_PAYMENT_LINK
CASE_05439,CUST_05439,Jonathan Nichols,2499,FAILED,TIMEOUT,1,0.89,20,False,RETRY_PAYMENT
CASE_05440,CUST_05440,Suzanne Collins,25000,ABANDONED,NONE,2,0.3,30,True,ESCALATE_HUMAN
CASE_05441,CUST_05441,Karen Gonzales,100000,ABANDONED,NONE,3,0.31,45,True,STOP
CASE_05442,CUST_05442,Mrs. Gloria Cortez,100000,FAILED,BANK_ERROR,3,0.32,30,False,STOP
CASE_05443,CUST_05443,Jonathan Rice,100000,ABANDONED,NONE,0,0.78,0,True,ESCALATE_HUMAN
CASE_05444,CUST_05444,Miss Kathryn Butler,499,ABANDONED,NONE,3,0.65,10,True,STOP
CASE_05445,CUST_05445,Kevin Carpenter,15000,FAILED,TIMEOUT,3,0.35,45,False,STOP
CASE_05446,CUST_05446,Chris Velasquez,2499,FAILED,INSUFFICIENT_FUNDS,2,0.85,15,False,SEND_PAYMENT_LINK
CASE_05447,CUST_05447,Tracey Smith,15000,FAILED,INSUFFICIENT_FUNDS,3,0.34,0,False,STOP
CASE_05448,CUST_05448,Elizabeth Taylor,15000,ABANDONED,NONE,0,0.24,15,True,SEND_PAYMENT_LINK
CASE_05449,CUST_05449,Lori Kelly,2499,FAILED,CARD_DECLINED,2,0.76,30,False,ESCALATE_HUMAN
CASE_05450,CUST_05450,Jerry Barber,2499,FAILED,BANK_ERROR,3,0.38,0,False,STOP
CASE_05451,CUST_05451,Ashley Harrison,1499,FAILED,NETWORK_ERROR,0,0.45,0,False,SEND_PAYMENT_LINK
CASE_05452,CUST_05452,Yvette Casey,4999,FAILED,BANK_ERROR,2,0.47,10,False,SEND_PAYMENT_LINK
CASE_05453,CUST_05453,Karen Burton,9999,FAILED,CARD_DECLINED,3,0.91,30,False,STOP
CASE_05454,CUST_05454,Michael Smith,75000,FAILED,INSUFFICIENT_FUNDS,0,0.28,30,False,ESCALATE_HUMAN
CASE_05455,CUST_05455,Erin Williams,25000,FAILED,INSUFFICIENT_FUNDS,3,0.71,10,False,STOP
CASE_05456,CUST_05456,Alexander David,9999,ABANDONED,NONE,1,0.62,15,True,SEND_PAYMENT_LINK
CASE_05457,CUST_05457,William Henson,9999,FAILED,INSUFFICIENT_FUNDS,2,0.61,10,False,SEND_PAYMENT_LINK
CASE_05458,CUST_05458,Jessica Burton,100000,ABANDONED,NONE,3,0.8,5,True,STOP
CASE_05459,CUST_05459,Lisa Nelson,1499,FAILED,CARD_DECLINED,0,0.97,0,False,SEND_PAYMENT_LINK
CASE_05460,CUST_05460,Kelly Johns,4999,FAILED,INSUFFICIENT_FUNDS,3,0.93,30,False,STOP
CASE_05461,CUST_05461,Nathan Ramirez,499,FAILED,NETWORK_ERROR,1,0.39,10,False,SEND_PAYMENT_LINK
CASE_05462,CUST_05462,Edward King,7999,FAILED,BANK_ERROR,3,0.42,30,False,STOP
CASE_05463,CUST_05463,Elizabeth Banks,9999,FAILED,CARD_DECLINED,2,0.37,0,False,SEND_PAYMENT_LINK
CASE_05464,CUST_05464,Andrew Snyder,1499,FAILED,BANK_ERROR,1,0.66,0,False,SEND_PAYMENT_LINK
CASE_05465,CUST_05465,Jessica Johnson,2499,ABANDONED,NONE,0,0.89,20,True,SEND_PAYMENT_LINK
CASE_05466,CUST_05466,Sean Smith,1499,FAILED,BANK_ERROR,2,0.54,0,False,RETRY_PAYMENT
CASE_05467,CUST_05467,Andrew Williams,25000,FAILED,TIMEOUT,0,0.96,15,False,RETRY_PAYMENT
CASE_05468,CUST_05468,Jonathan Brewer,2499,FAILED,NETWORK_ERROR,2,0.87,5,False,RETRY_PAYMENT
CASE_05469,CUST_05469,Christian Daniels,7999,ABANDONED,NONE,3,0.22,30,True,STOP
CASE_05470,CUST_05470,Johnny Castillo,15000,FAILED,CARD_DECLINED,3,0.26,15,False,STOP
CASE_05471,CUST_05471,Alicia Clark,9999,FAILED,CARD_DECLINED,3,0.73,15,False,STOP
CASE_05472,CUST_05472,Jessica Williams,15000,FAILED,INSUFFICIENT_FUNDS,3,0.47,15,False,STOP
CASE_05473,CUST_05473,Julian Robinson,50000,FAILED,INSUFFICIENT_FUNDS,0,0.91,15,False,SEND_PAYMENT_LINK
CASE_05474,CUST_05474,Robert Hodge,2499,ABANDONED,NONE,1,0.65,0,True,SEND_PAYMENT_LINK
CASE_05475,CUST_05475,Timothy Henry,15000,FAILED,INSUFFICIENT_FUNDS,2,0.9,10,False,SEND_PAYMENT_LINK
CASE_05476,CUST_05476,Katie Sparks,999,FAILED,CARD_DECLINED,2,0.95,15,False,SEND_PAYMENT_LINK
CASE_05477,CUST_05477,Jose Lee,1499,FAILED,BANK_ERROR,0,0.95,45,False,ESCALATE_HUMAN
CASE_05478,CUST_05478,Jamie Barnes,75000,FAILED,TIMEOUT,3,0.72,0,False,STOP
CASE_05479,CUST_05479,Anthony Everett,999,FAILED,TIMEOUT,2,0.87,15,False,RETRY_PAYMENT
CASE_05480,CUST_05480,Leslie Davis,15000,FAILED,INSUFFICIENT_FUNDS,2,0.32,5,False,SEND_PAYMENT_LINK
CASE_05481,CUST_05481,Laura Cox,499,FAILED,NETWORK_ERROR,3,0.81,10,False,STOP
CASE_05482,CUST_05482,Veronica Baker,15000,FAILED,TIMEOUT,1,0.44,0,False,SEND_PAYMENT_LINK
CASE_05483,CUST_05483,Fred Ball,2499,FAILED,BANK_ERROR,1,0.78,0,False,RETRY_PAYMENT
CASE_05484,CUST_05484,Chase Mercer,1499,FAILED,INSUFFICIENT_FUNDS,0,0.79,0,False,SEND_PAYMENT_LINK
CASE_05485,CUST_05485,Sara Bray,50000,FAILED,NETWORK_ERROR,1,0.43,0,False,SEND_PAYMENT_LINK
CASE_05486,CUST_05486,Terri Burns,50000,FAILED,TIMEOUT,1,0.84,0,False,RETRY_PAYMENT
CASE_05487,CUST_05487,Dale Lopez,25000,FAILED,INSUFFICIENT_FUNDS,1,0.48,15,False,SEND_PAYMENT_LINK
CASE_05488,CUST_05488,Robert Lopez PhD,50000,FAILED,TIMEOUT,2,0.94,30,False,ESCALATE_HUMAN
CASE_05489,CUST_05489,Tyler Allen,50000,FAILED,TIMEOUT,1,0.84,5,False,RETRY_PAYMENT
CASE_05490,CUST_05490,Nathan Davis,1499,FAILED,INSUFFICIENT_FUNDS,3,0.21,45,False,STOP
CASE_05491,CUST_05491,Paula Frank DVM,50000,FAILED,TIMEOUT,1,0.84,5,False,RETRY_PAYMENT
CASE_05492,CUST_05492,Karen Kirk,4999,FAILED,NETWORK_ERROR,0,0.36,20,False,SEND_PAYMENT_LINK
CASE_05493,CUST_05493,Maria Ali,100000,FAILED,NETWORK_ERROR,3,0.64,0,False,STOP
CASE_05494,CUST_05494,Dana Ferrell,1499,ABANDONED,NONE,1,0.43,0,True,SEND_PAYMENT_LINK
CASE_05495,CUST_05495,Crystal Mcgee,999,FAILED,BANK_ERROR,0,0.82,0,False,RETRY_PAYMENT
CASE_05496,CUST_05496,Robert Jones,100000,FAILED,CARD_DECLINED,0,1.0,0,False,ESCALATE_HUMAN
CASE_05497,CUST_05497,Eric Webb,999,FAILED,CARD_DECLINED,2,0.65,0,False,SEND_PAYMENT_LINK
CASE_05498,CUST_05498,James Martinez DVM,50000,FAILED,CARD_DECLINED,0,0.66,20,False,SEND_PAYMENT_LINK
CASE_05499,CUST_05499,Jordan Bass,7999,FAILED,BANK_ERROR,0,0.86,0,False,RETRY_PAYMENT
CASE_05500,CUST_05500,Mindy Parks,75000,FAILED,CARD_DECLINED,1,0.26,5,False,ESCALATE_HUMAN
CASE_05501,CUST_05501,Amanda Callahan,2499,FAILED,NETWORK_ERROR,1,0.28,0,False,SEND_PAYMENT_LINK
CASE_05502,CUST_05502,Ann Butler,2499,ABANDONED,NONE,3,0.59,10,True,STOP
CASE_05503,CUST_05503,Heather Davis,100000,FAILED,NETWORK_ERROR,0,0.21,5,False,ESCALATE_HUMAN
CASE_05504,CUST_05504,Michael Martin,100000,FAILED,CARD_DECLINED,0,0.91,30,False,ESCALATE_HUMAN
CASE_05505,CUST_05505,Courtney Roberts,4999,FAILED,INSUFFICIENT_FUNDS,0,0.29,5,False,SEND_PAYMENT_LINK
CASE_05506,CUST_05506,Jordan Stanley,1499,FAILED,BANK_ERROR,2,0.96,10,False,RETRY_PAYMENT
CASE_05507,CUST_05507,Christopher Reese,50000,FAILED,NETWORK_ERROR,0,0.97,0,False,RETRY_PAYMENT
CASE_05508,CUST_05508,Robert Oneill,4999,ABANDONED,NONE,3,0.48,30,True,STOP
CASE_05509,CUST_05509,Zachary Stevenson,15000,FAILED,BANK_ERROR,2,0.77,30,False,ESCALATE_HUMAN
CASE_05510,CUST_05510,Leslie Mcpherson,1499,FAILED,TIMEOUT,3,0.8,5,False,STOP
CASE_05511,CUST_05511,Chad Russo,999,ABANDONED,NONE,0,0.87,30,True,ESCALATE_HUMAN
CASE_05512,CUST_05512,Linda Miller,75000,FAILED,TIMEOUT,0,0.45,30,False,ESCALATE_HUMAN
CASE_05513,CUST_05513,Annette West,499,FAILED,CARD_DECLINED,3,0.89,5,False,STOP
CASE_05514,CUST_05514,Matthew Adams,499,ABANDONED,NONE,3,0.9,0,True,STOP
CASE_05515,CUST_05515,Lauren Diaz,499,FAILED,CARD_DECLINED,2,0.52,20,False,SEND_PAYMENT_LINK
CASE_05516,CUST_05516,Samantha Miller,9999,FAILED,BANK_ERROR,1,0.37,30,False,ESCALATE_HUMAN
CASE_05517,CUST_05517,James Byrd,499,FAILED,NETWORK_ERROR,0,0.79,15,False,RETRY_PAYMENT
CASE_05518,CUST_05518,Debra Davidson,25000,FAILED,TIMEOUT,3,0.89,0,False,STOP
CASE_05519,CUST_05519,Melinda Shepard,4999,FAILED,CARD_DECLINED,3,0.36,0,False,STOP
CASE_05520,CUST_05520,Tracy May,2499,FAILED,BANK_ERROR,0,0.84,20,False,RETRY_PAYMENT
CASE_05521,CUST_05521,Robert Davis,7999,ABANDONED,NONE,2,0.43,45,True,ESCALATE_HUMAN
CASE_05522,CUST_05522,Regina Smith,100000,FAILED,CARD_DECLINED,1,0.39,15,False,ESCALATE_HUMAN
CASE_05523,CUST_05523,Patricia Allen,50000,FAILED,CARD_DECLINED,3,0.35,45,False,STOP
CASE_05524,CUST_05524,Mitchell Martin,7999,FAILED,INSUFFICIENT_FUNDS,2,0.79,15,False,SEND_PAYMENT_LINK
CASE_05525,CUST_05525,Travis Yates,7999,FAILED,BANK_ERROR,0,0.92,20,False,RETRY_PAYMENT
CASE_05526,CUST_05526,Bonnie Brooks,499,FAILED,INSUFFICIENT_FUNDS,1,0.82,5,False,SEND_PAYMENT_LINK
CASE_05527,CUST_05527,Cassie Mora,9999,ABANDONED,NONE,1,0.64,30,True,ESCALATE_HUMAN
CASE_05528,CUST_05528,Paul Luna,2499,ABANDONED,NONE,1,0.32,5,True,SEND_PAYMENT_LINK
CASE_05529,CUST_05529,Alejandro David,25000,FAILED,TIMEOUT,2,0.76,20,False,RETRY_PAYMENT
CASE_05530,CUST_05530,Thomas Roth,4999,ABANDONED,NONE,2,0.62,20,True,SEND_PAYMENT_LINK
CASE_05531,CUST_05531,Darrell Martinez,9999,FAILED,CARD_DECLINED,3,0.79,10,False,STOP
CASE_05532,CUST_05532,Michelle Blair,999,ABANDONED,NONE,1,0.59,0,True,SEND_PAYMENT_LINK
CASE_05533,CUST_05533,Anthony Martinez Jr.,1499,FAILED,NETWORK_ERROR,1,0.28,15,False,SEND_PAYMENT_LINK
CASE_05534,CUST_05534,Monica Frost,7999,FAILED,CARD_DECLINED,3,0.58,0,False,STOP
CASE_05535,CUST_05535,Tony Greer,999,FAILED,INSUFFICIENT_FUNDS,2,0.2,0,False,SEND_PAYMENT_LINK
CASE_05536,CUST_05536,Sara Olsen,999,FAILED,INSUFFICIENT_FUNDS,0,0.5,0,False,SEND_PAYMENT_LINK
CASE_05537,CUST_05537,James Mcdaniel,25000,FAILED,INSUFFICIENT_FUNDS,1,0.76,0,False,SEND_PAYMENT_LINK
CASE_05538,CUST_05538,Thomas Gilbert,999,ABANDONED,NONE,3,0.29,10,True,STOP
CASE_05539,CUST_05539,Emily Lopez,9999,FAILED,BANK_ERROR,3,0.26,45,False,STOP
CASE_05540,CUST_05540,Angelica Henson,50000,FAILED,NETWORK_ERROR,0,0.83,15,False,RETRY_PAYMENT
CASE_05541,CUST_05541,Steven Clark,7999,FAILED,NETWORK_ERROR,2,0.93,0,False,RETRY_PAYMENT
CASE_05542,CUST_05542,Jeremy Graves,100000,ABANDONED,NONE,1,0.5,10,True,ESCALATE_HUMAN
CASE_05543,CUST_05543,Christine Reyes,2499,ABANDONED,NONE,3,0.27,10,True,STOP
CASE_05544,CUST_05544,Aaron Andersen,499,FAILED,INSUFFICIENT_FUNDS,2,0.71,15,False,SEND_PAYMENT_LINK
CASE_05545,CUST_05545,John Miller DVM,4999,FAILED,CARD_DECLINED,2,0.74,20,False,SEND_PAYMENT_LINK
CASE_05546,CUST_05546,Margaret Anderson,499,FAILED,BANK_ERROR,0,0.88,0,False,RETRY_PAYMENT
CASE_05547,CUST_05547,Elizabeth Webster,50000,ABANDONED,NONE,1,0.32,0,True,SEND_PAYMENT_LINK
CASE_05548,CUST_05548,Ryan Jones,2499,ABANDONED,NONE,3,0.93,0,True,STOP
CASE_05549,CUST_05549,Jeffrey Conway,100000,FAILED,NETWORK_ERROR,1,0.51,45,False,ESCALATE_HUMAN
CASE_05550,CUST_05550,Barbara Fowler,2499,FAILED,TIMEOUT,2,0.87,30,False,ESCALATE_HUMAN
CASE_05551,CUST_05551,Jim Cook,499,FAILED,INSUFFICIENT_FUNDS,0,0.82,0,False,SEND_PAYMENT_LINK
CASE_05552,CUST_05552,Lucas Rodriguez,9999,FAILED,TIMEOUT,0,0.26,20,False,SEND_PAYMENT_LINK
CASE_05553,CUST_05553,Travis Davis,100000,FAILED,TIMEOUT,1,0.42,45,False,ESCALATE_HUMAN
CASE_05554,CUST_05554,Matthew White,75000,FAILED,CARD_DECLINED,2,0.35,30,False,ESCALATE_HUMAN
CASE_05555,CUST_05555,Margaret Bowman,15000,FAILED,TIMEOUT,3,0.34,30,False,STOP
CASE_05556,CUST_05556,Sean Perkins DVM,50000,FAILED,CARD_DECLINED,2,0.9,0,False,SEND_PAYMENT_LINK
CASE_05557,CUST_05557,Andrew Hernandez,1499,FAILED,INSUFFICIENT_FUNDS,2,0.69,20,False,SEND_PAYMENT_LINK
CASE_05558,CUST_05558,Jennifer Nolan,9999,FAILED,INSUFFICIENT_FUNDS,1,0.87,30,False,ESCALATE_HUMAN
CASE_05559,CUST_05559,Savannah Davidson,100000,FAILED,NETWORK_ERROR,1,0.58,0,False,ESCALATE_HUMAN
CASE_05560,CUST_05560,Sarah Dillon,25000,FAILED,TIMEOUT,0,0.53,0,False,SEND_PAYMENT_LINK
CASE_05561,CUST_05561,Charles Hawkins,15000,FAILED,INSUFFICIENT_FUNDS,2,0.57,10,False,SEND_PAYMENT_LINK
CASE_05562,CUST_05562,Samuel Turner,100000,FAILED,CARD_DECLINED,1,0.39,0,False,ESCALATE_HUMAN
CASE_05563,CUST_05563,Justin Davis,9999,FAILED,CARD_DECLINED,1,0.86,20,False,SEND_PAYMENT_LINK
CASE_05564,CUST_05564,Alex Boone,4999,ABANDONED,NONE,0,0.75,0,True,SEND_PAYMENT_LINK
CASE_05565,CUST_05565,Jorge Parsons DDS,499,FAILED,NETWORK_ERROR,0,0.57,0,False,RETRY_PAYMENT
CASE_05566,CUST_05566,Dale Ramos,100000,FAILED,INSUFFICIENT_FUNDS,3,0.52,0,False,STOP
CASE_05567,CUST_05567,Brooke Howell,100000,FAILED,TIMEOUT,2,0.9,10,False,ESCALATE_HUMAN
CASE_05568,CUST_05568,Connie Cooper,25000,FAILED,TIMEOUT,2,0.34,5,False,SEND_PAYMENT_LINK
CASE_05569,CUST_05569,Gregory Lara,7999,FAILED,BANK_ERROR,1,0.71,30,False,ESCALATE_HUMAN
CASE_05570,CUST_05570,Richard Rivers,1499,ABANDONED,NONE,2,0.89,30,True,ESCALATE_HUMAN
CASE_05571,CUST_05571,Vickie Graves,50000,FAILED,BANK_ERROR,0,0.93,20,False,RETRY_PAYMENT
CASE_05572,CUST_05572,Michael Stewart,7999,ABANDONED,NONE,2,0.71,30,True,ESCALATE_HUMAN
CASE_05573,CUST_05573,Bradley Johnson,999,FAILED,INSUFFICIENT_FUNDS,1,0.91,0,False,SEND_PAYMENT_LINK
CASE_05574,CUST_05574,Phillip Watson,25000,ABANDONED,NONE,0,0.74,45,True,ESCALATE_HUMAN
CASE_05575,CUST_05575,Jose Lopez,50000,FAILED,TIMEOUT,0,0.59,0,False,RETRY_PAYMENT
CASE_05576,CUST_05576,Donald Wilson,9999,FAILED,TIMEOUT,2,0.95,10,False,RETRY_PAYMENT
CASE_05577,CUST_05577,Samantha Boone,4999,ABANDONED,NONE,0,0.97,45,True,ESCALATE_HUMAN
CASE_05578,CUST_05578,Patricia Carter,2499,FAILED,CARD_DECLINED,3,0.49,10,False,STOP
CASE_05579,CUST_05579,Jessica Jones,1499,FAILED,NETWORK_ERROR,1,0.97,45,False,ESCALATE_HUMAN
CASE_05580,CUST_05580,Susan Burns,25000,FAILED,BANK_ERROR,1,0.6,30,False,ESCALATE_HUMAN
CASE_05581,CUST_05581,Matthew Stevens,4999,ABANDONED,NONE,3,0.2,30,True,STOP
CASE_05582,CUST_05582,Linda Wallace,25000,FAILED,BANK_ERROR,2,0.39,15,False,SEND_PAYMENT_LINK
CASE_05583,CUST_05583,Joseph Bennett,999,FAILED,TIMEOUT,0,0.64,0,False,SEND_PAYMENT_LINK
CASE_05584,CUST_05584,Gary Ortiz,9999,ABANDONED,NONE,0,0.69,20,True,SEND_PAYMENT_LINK
CASE_05585,CUST_05585,Morgan Obrien,9999,FAILED,BANK_ERROR,3,0.49,5,False,STOP
CASE_05586,CUST_05586,Janice Johnson,25000,FAILED,CARD_DECLINED,2,0.57,20,False,SEND_PAYMENT_LINK
CASE_05587,CUST_05587,Amber Mills,4999,ABANDONED,NONE,1,0.98,0,True,SEND_PAYMENT_LINK
CASE_05588,CUST_05588,Jill Dougherty,499,FAILED,NETWORK_ERROR,0,0.87,0,False,RETRY_PAYMENT
CASE_05589,CUST_05589,Stephen Shaw,15000,FAILED,BANK_ERROR,3,0.62,0,False,STOP
CASE_05590,CUST_05590,Rodney Barrett,25000,ABANDONED,NONE,3,0.8,5,True,STOP
CASE_05591,CUST_05591,Kari Summers,1499,FAILED,NETWORK_ERROR,0,0.66,45,False,ESCALATE_HUMAN
CASE_05592,CUST_05592,Ricardo Barnes,2499,FAILED,CARD_DECLINED,2,0.68,20,False,SEND_PAYMENT_LINK
CASE_05593,CUST_05593,Matthew Thompson,15000,FAILED,CARD_DECLINED,3,0.89,0,False,STOP
CASE_05594,CUST_05594,Sharon Rogers,50000,ABANDONED,NONE,2,0.25,30,True,ESCALATE_HUMAN
CASE_05595,CUST_05595,Kathy Faulkner,4999,FAILED,INSUFFICIENT_FUNDS,3,0.45,0,False,STOP
CASE_05596,CUST_05596,Michael Jones,9999,ABANDONED,NONE,3,0.49,10,True,STOP
CASE_05597,CUST_05597,Erik Walker,999,FAILED,CARD_DECLINED,0,0.56,10,False,SEND_PAYMENT_LINK
CASE_05598,CUST_05598,David Smith,15000,ABANDONED,NONE,2,0.2,0,True,SEND_PAYMENT_LINK
CASE_05599,CUST_05599,Leah Oneill,2499,FAILED,INSUFFICIENT_FUNDS,1,0.8,0,False,SEND_PAYMENT_LINK
CASE_05600,CUST_05600,Dana Potter,1499,ABANDONED,NONE,1,0.52,5,True,SEND_PAYMENT_LINK
CASE_05601,CUST_05601,Todd Jones,499,FAILED,BANK_ERROR,3,0.73,10,False,STOP
CASE_05602,CUST_05602,Michael Richards,7999,FAILED,INSUFFICIENT_FUNDS,3,0.38,0,False,STOP
CASE_05603,CUST_05603,Carl Parks,50000,FAILED,NETWORK_ERROR,2,0.82,0,False,RETRY_PAYMENT
CASE_05604,CUST_05604,Sheila Peters,100000,ABANDONED,NONE,1,0.47,20,True,ESCALATE_HUMAN
CASE_05605,CUST_05605,Ashley Edwards,25000,FAILED,BANK_ERROR,1,0.42,20,False,SEND_PAYMENT_LINK
CASE_05606,CUST_05606,Charles Boyd,100000,ABANDONED,NONE,2,0.3,15,True,ESCALATE_HUMAN
CASE_05607,CUST_05607,Brian Wright,100000,FAILED,NETWORK_ERROR,0,0.25,15,False,ESCALATE_HUMAN
CASE_05608,CUST_05608,Jim Austin,2499,ABANDONED,NONE,3,0.68,5,True,STOP
CASE_05609,CUST_05609,Erik Evans,2499,FAILED,NETWORK_ERROR,3,0.38,10,False,STOP
CASE_05610,CUST_05610,Anne Fowler,1499,FAILED,CARD_DECLINED,2,0.76,0,False,SEND_PAYMENT_LINK
CASE_05611,CUST_05611,Daniel Patterson,25000,FAILED,NETWORK_ERROR,1,0.92,5,False,RETRY_PAYMENT
CASE_05612,CUST_05612,Christopher Smith,15000,FAILED,BANK_ERROR,2,0.8,5,False,RETRY_PAYMENT
CASE_05613,CUST_05613,Eric Jackson,999,FAILED,BANK_ERROR,1,0.77,0,False,RETRY_PAYMENT
CASE_05614,CUST_05614,Tara Nguyen,499,FAILED,BANK_ERROR,1,0.4,0,False,SEND_PAYMENT_LINK
CASE_05615,CUST_05615,Lori Clark,2499,ABANDONED,NONE,0,0.41,5,True,SEND_PAYMENT_LINK
CASE_05616,CUST_05616,Deborah Gamble,2499,FAILED,TIMEOUT,1,0.63,15,False,RETRY_PAYMENT
CASE_05617,CUST_05617,Douglas Patterson,999,FAILED,INSUFFICIENT_FUNDS,3,0.91,0,False,STOP
CASE_05618,CUST_05618,Ethan Hood,4999,ABANDONED,NONE,1,0.55,45,True,ESCALATE_HUMAN
CASE_05619,CUST_05619,Jerry Hampton,100000,FAILED,TIMEOUT,3,0.96,20,False,STOP
CASE_05620,CUST_05620,Brendan Smith,25000,FAILED,NETWORK_ERROR,2,0.5,15,False,RETRY_PAYMENT
CASE_05621,CUST_05621,Lucas Walker,100000,FAILED,TIMEOUT,2,0.59,45,False,ESCALATE_HUMAN
CASE_05622,CUST_05622,Jonathan Hall,2499,ABANDONED,NONE,1,0.55,0,True,SEND_PAYMENT_LINK
CASE_05623,CUST_05623,Brian Hoffman,7999,FAILED,BANK_ERROR,3,0.36,20,False,STOP
CASE_05624,CUST_05624,Lori Hart,25000,FAILED,CARD_DECLINED,1,0.41,0,False,SEND_PAYMENT_LINK
CASE_05625,CUST_05625,Vincent Rios,25000,FAILED,CARD_DECLINED,0,0.38,30,False,ESCALATE_HUMAN
CASE_05626,CUST_05626,Brian Collins,50000,ABANDONED,NONE,1,0.74,0,True,SEND_PAYMENT_LINK
CASE_05627,CUST_05627,Sarah Grant,100000,FAILED,TIMEOUT,1,0.33,45,False,ESCALATE_HUMAN
CASE_05628,CUST_05628,Mackenzie Leonard,7999,ABANDONED,NONE,2,0.84,0,True,SEND_PAYMENT_LINK
CASE_05629,CUST_05629,William Davidson,75000,FAILED,BANK_ERROR,2,0.21,20,False,ESCALATE_HUMAN
CASE_05630,CUST_05630,Tammy Hickman,9999,ABANDONED,NONE,0,0.52,30,True,ESCALATE_HUMAN
CASE_05631,CUST_05631,Jessica Carter,2499,FAILED,NETWORK_ERROR,3,0.58,10,False,STOP
CASE_05632,CUST_05632,Tonya Blair,50000,ABANDONED,NONE,1,0.31,15,True,SEND_PAYMENT_LINK
CASE_05633,CUST_05633,Tracy Willis,100000,FAILED,TIMEOUT,1,0.62,0,False,ESCALATE_HUMAN
CASE_05634,CUST_05634,Cheryl Hays,4999,FAILED,NETWORK_ERROR,3,0.34,0,False,STOP
CASE_05635,CUST_05635,Isaiah Keller,7999,FAILED,CARD_DECLINED,3,0.39,30,False,STOP
CASE_05636,CUST_05636,Martha Morales,4999,FAILED,CARD_DECLINED,3,0.38,10,False,STOP
CASE_05637,CUST_05637,Steven Reeves,50000,FAILED,CARD_DECLINED,2,0.21,45,False,ESCALATE_HUMAN
CASE_05638,CUST_05638,Debra Rodriguez,50000,FAILED,INSUFFICIENT_FUNDS,2,0.53,20,False,SEND_PAYMENT_LINK
CASE_05639,CUST_05639,Charles Duffy,75000,FAILED,BANK_ERROR,0,0.58,45,False,ESCALATE_HUMAN
CASE_05640,CUST_05640,Jeffrey Williams,15000,FAILED,TIMEOUT,0,0.32,0,False,SEND_PAYMENT_LINK
CASE_05641,CUST_05641,Christopher Duncan,499,FAILED,NETWORK_ERROR,1,0.5,20,False,RETRY_PAYMENT
CASE_05642,CUST_05642,Edward Bowers,100000,FAILED,INSUFFICIENT_FUNDS,3,0.73,30,False,STOP
CASE_05643,CUST_05643,James Mcintyre,2499,FAILED,BANK_ERROR,1,0.43,45,False,ESCALATE_HUMAN
CASE_05644,CUST_05644,Kevin Little,15000,FAILED,CARD_DECLINED,1,0.68,0,False,SEND_PAYMENT_LINK
CASE_05645,CUST_05645,Joseph Baldwin,9999,ABANDONED,NONE,0,0.84,0,True,SEND_PAYMENT_LINK
CASE_05646,CUST_05646,Joseph Mccullough,499,FAILED,INSUFFICIENT_FUNDS,3,0.52,0,False,STOP
CASE_05647,CUST_05647,Michael Weaver,100000,ABANDONED,NONE,1,0.98,0,True,ESCALATE_HUMAN
CASE_05648,CUST_05648,Gabrielle James,9999,FAILED,INSUFFICIENT_FUNDS,3,0.82,45,False,STOP
CASE_05649,CUST_05649,Donna Anderson DDS,50000,FAILED,NETWORK_ERROR,2,0.69,10,False,RETRY_PAYMENT
CASE_05650,CUST_05650,Casey Johnson,9999,FAILED,CARD_DECLINED,0,0.68,30,False,ESCALATE_HUMAN
CASE_05651,CUST_05651,Kim Cordova,999,ABANDONED,NONE,2,0.93,15,True,SEND_PAYMENT_LINK
CASE_05652,CUST_05652,Haley Rojas,75000,FAILED,TIMEOUT,2,0.48,30,False,ESCALATE_HUMAN
CASE_05653,CUST_05653,Elizabeth King,2499,FAILED,NETWORK_ERROR,3,0.97,10,False,STOP
CASE_05654,CUST_05654,Ashley Wells,4999,ABANDONED,NONE,1,0.75,5,True,SEND_PAYMENT_LINK
CASE_05655,CUST_05655,Kyle Swanson,25000,ABANDONED,NONE,0,0.8,15,True,SEND_PAYMENT_LINK
CASE_05656,CUST_05656,Martin Hancock,1499,FAILED,INSUFFICIENT_FUNDS,3,0.55,0,False,STOP
CASE_05657,CUST_05657,Dr. James Lee,25000,FAILED,NETWORK_ERROR,2,0.79,30,False,ESCALATE_HUMAN
CASE_05658,CUST_05658,Jonathan Freeman,999,FAILED,NETWORK_ERROR,2,0.4,10,False,SEND_PAYMENT_LINK
CASE_05659,CUST_05659,Dustin Stevens,7999,FAILED,CARD_DECLINED,3,0.61,5,False,STOP
CASE_05660,CUST_05660,Tracy Medina,25000,FAILED,NETWORK_ERROR,1,0.8,0,False,RETRY_PAYMENT
CASE_05661,CUST_05661,Dr. Jonathan Cameron,1499,FAILED,TIMEOUT,3,0.42,0,False,STOP
CASE_05662,CUST_05662,Jamie Petersen MD,4999,FAILED,INSUFFICIENT_FUNDS,1,0.49,45,False,ESCALATE_HUMAN
CASE_05663,CUST_05663,Miranda Villegas,9999,FAILED,BANK_ERROR,0,0.35,0,False,SEND_PAYMENT_LINK
CASE_05664,CUST_05664,James Williams,75000,FAILED,NETWORK_ERROR,0,0.86,45,False,ESCALATE_HUMAN
CASE_05665,CUST_05665,Kristin Torres,15000,FAILED,TIMEOUT,0,0.37,10,False,SEND_PAYMENT_LINK
CASE_05666,CUST_05666,Brenda Rasmussen,9999,FAILED,NETWORK_ERROR,3,0.2,10,False,STOP
CASE_05667,CUST_05667,Brittany Alvarado,50000,FAILED,BANK_ERROR,3,0.52,30,False,STOP
CASE_05668,CUST_05668,Chris Elliott,4999,ABANDONED,NONE,3,0.79,0,True,STOP
CASE_05669,CUST_05669,Crystal Davis,75000,FAILED,NETWORK_ERROR,0,0.35,0,False,ESCALATE_HUMAN
CASE_05670,CUST_05670,Charles Zavala,7999,FAILED,BANK_ERROR,3,0.76,15,False,STOP
CASE_05671,CUST_05671,Joseph Gutierrez,25000,ABANDONED,NONE,0,0.71,0,True,SEND_PAYMENT_LINK
CASE_05672,CUST_05672,Michael Cooper,499,FAILED,TIMEOUT,2,0.62,5,False,RETRY_PAYMENT
CASE_05673,CUST_05673,Steven Briggs,7999,FAILED,CARD_DECLINED,3,0.77,20,False,STOP
CASE_05674,CUST_05674,Jennifer Chaney,499,FAILED,BANK_ERROR,2,0.45,0,False,SEND_PAYMENT_LINK
CASE_05675,CUST_05675,Amber Rodriguez,499,FAILED,CARD_DECLINED,2,0.83,30,False,ESCALATE_HUMAN
CASE_05676,CUST_05676,Guy Morales,2499,FAILED,TIMEOUT,0,0.25,10,False,SEND_PAYMENT_LINK
CASE_05677,CUST_05677,Kenneth Mcdonald,7999,ABANDONED,NONE,0,0.97,0,True,SEND_PAYMENT_LINK
CASE_05678,CUST_05678,Joel Howard,7999,FAILED,NETWORK_ERROR,0,0.68,0,False,RETRY_PAYMENT
CASE_05679,CUST_05679,Makayla Gordon,9999,FAILED,TIMEOUT,2,0.47,0,False,SEND_PAYMENT_LINK
CASE_05680,CUST_05680,Marilyn Harrington,75000,FAILED,CARD_DECLINED,3,0.63,0,False,STOP
CASE_05681,CUST_05681,Joseph Marshall,25000,ABANDONED,NONE,3,0.26,0,True,STOP
CASE_05682,CUST_05682,Christina Jackson,25000,FAILED,INSUFFICIENT_FUNDS,1,0.68,5,False,SEND_PAYMENT_LINK
CASE_05683,CUST_05683,Amy Yang,100000,FAILED,CARD_DECLINED,2,0.21,0,False,ESCALATE_HUMAN
CASE_05684,CUST_05684,Mrs. Christina Dorsey,50000,ABANDONED,NONE,0,0.32,5,True,SEND_PAYMENT_LINK
CASE_05685,CUST_05685,Joshua Keith,2499,FAILED,TIMEOUT,1,0.42,15,False,SEND_PAYMENT_LINK
CASE_05686,CUST_05686,Tracy Mueller,1499,FAILED,TIMEOUT,2,0.23,0,False,SEND_PAYMENT_LINK
CASE_05687,CUST_05687,Pamela Drake,2499,ABANDONED,NONE,0,0.95,30,True,ESCALATE_HUMAN
CASE_05688,CUST_05688,John James,15000,FAILED,CARD_DECLINED,2,0.51,30,False,ESCALATE_HUMAN
CASE_05689,CUST_05689,Kevin Holden,4999,FAILED,NETWORK_ERROR,3,0.28,0,False,STOP
CASE_05690,CUST_05690,Julian Booth,9999,FAILED,TIMEOUT,1,0.93,20,False,RETRY_PAYMENT
CASE_05691,CUST_05691,Mr. Gary Miller,50000,FAILED,TIMEOUT,3,0.45,0,False,STOP
CASE_05692,CUST_05692,Cesar Hall,1499,FAILED,TIMEOUT,3,0.24,0,False,STOP
CASE_05693,CUST_05693,Karla Washington,25000,FAILED,TIMEOUT,1,0.89,5,False,RETRY_PAYMENT
CASE_05694,CUST_05694,Bradley Neal,75000,FAILED,BANK_ERROR,0,0.35,15,False,ESCALATE_HUMAN
CASE_05695,CUST_05695,Audrey Medina,50000,ABANDONED,NONE,1,0.25,0,True,SEND_PAYMENT_LINK
CASE_05696,CUST_05696,Marvin White,2499,FAILED,INSUFFICIENT_FUNDS,2,0.68,45,False,ESCALATE_HUMAN
CASE_05697,CUST_05697,Jessica Sawyer,75000,FAILED,TIMEOUT,3,0.71,20,False,STOP
CASE_05698,CUST_05698,Ashley King,25000,FAILED,INSUFFICIENT_FUNDS,2,0.22,0,False,SEND_PAYMENT_LINK
CASE_05699,CUST_05699,Crystal Carter,999,FAILED,BANK_ERROR,0,0.87,20,False,RETRY_PAYMENT
CASE_05700,CUST_05700,Alexander Martin,499,FAILED,NETWORK_ERROR,2,0.82,45,False,ESCALATE_HUMAN
CASE_05701,CUST_05701,Jessica Church,499,FAILED,INSUFFICIENT_FUNDS,3,0.87,45,False,STOP
CASE_05702,CUST_05702,Jessica Bell,100000,FAILED,CARD_DECLINED,3,0.93,10,False,STOP
CASE_05703,CUST_05703,Leah Brown,499,FAILED,INSUFFICIENT_FUNDS,3,0.65,10,False,STOP
CASE_05704,CUST_05704,Richard Stewart,4999,FAILED,TIMEOUT,3,0.21,15,False,STOP
CASE_05705,CUST_05705,Kelly Spears,25000,FAILED,NETWORK_ERROR,1,0.75,30,False,ESCALATE_HUMAN
CASE_05706,CUST_05706,Kristen Campbell,4999,FAILED,NETWORK_ERROR,3,0.68,5,False,STOP
CASE_05707,CUST_05707,Jay Chavez,75000,FAILED,CARD_DECLINED,0,0.59,0,False,ESCALATE_HUMAN
CASE_05708,CUST_05708,Timothy Wilson,50000,FAILED,TIMEOUT,2,0.31,0,False,SEND_PAYMENT_LINK
CASE_05709,CUST_05709,Jack Morris,4999,FAILED,NETWORK_ERROR,3,0.93,0,False,STOP
CASE_05710,CUST_05710,Teresa Rose,7999,FAILED,CARD_DECLINED,2,0.56,20,False,SEND_PAYMENT_LINK
CASE_05711,CUST_05711,Alexander Brooks,50000,FAILED,CARD_DECLINED,2,0.36,0,False,SEND_PAYMENT_LINK
CASE_05712,CUST_05712,Sarah Hess,4999,ABANDONED,NONE,1,0.62,20,True,SEND_PAYMENT_LINK
CASE_05713,CUST_05713,Karen Crawford,999,ABANDONED,NONE,2,0.74,20,True,SEND_PAYMENT_LINK
CASE_05714,CUST_05714,Patricia Wells,25000,FAILED,CARD_DECLINED,0,0.31,20,False,SEND_PAYMENT_LINK
CASE_05715,CUST_05715,Shannon Richardson,1499,ABANDONED,NONE,3,0.27,20,True,STOP
CASE_05716,CUST_05716,Deborah Nichols,9999,FAILED,CARD_DECLINED,3,0.55,5,False,STOP
CASE_05717,CUST_05717,Bradley Hall,4999,FAILED,INSUFFICIENT_FUNDS,3,0.9,20,False,STOP
CASE_05718,CUST_05718,John Mcfarland,15000,FAILED,TIMEOUT,3,0.5,0,False,STOP
CASE_05719,CUST_05719,Lisa Pratt,15000,ABANDONED,NONE,2,0.24,0,True,SEND_PAYMENT_LINK
CASE_05720,CUST_05720,Jessica Tran,7999,ABANDONED,NONE,1,0.37,0,True,SEND_PAYMENT_LINK
CASE_05721,CUST_05721,Jonathan Holt,7999,FAILED,INSUFFICIENT_FUNDS,1,0.97,15,False,SEND_PAYMENT_LINK
CASE_05722,CUST_05722,Madison Ferguson,1499,FAILED,NETWORK_ERROR,0,0.2,15,False,SEND_PAYMENT_LINK
CASE_05723,CUST_05723,Cassie Miller,100000,FAILED,CARD_DECLINED,3,0.9,30,False,STOP
CASE_05724,CUST_05724,Larry Humphrey,1499,FAILED,INSUFFICIENT_FUNDS,0,0.47,0,False,SEND_PAYMENT_LINK
CASE_05725,CUST_05725,Daniel Miller,499,FAILED,BANK_ERROR,2,0.36,0,False,SEND_PAYMENT_LINK
CASE_05726,CUST_05726,Robert Proctor,2499,FAILED,CARD_DECLINED,2,0.5,20,False,SEND_PAYMENT_LINK
CASE_05727,CUST_05727,Daniel Webb,499,FAILED,CARD_DECLINED,1,0.43,0,False,SEND_PAYMENT_LINK
CASE_05728,CUST_05728,Kelly Page,2499,FAILED,BANK_ERROR,0,0.21,0,False,SEND_PAYMENT_LINK
CASE_05729,CUST_05729,Barbara Hernandez,1499,FAILED,INSUFFICIENT_FUNDS,1,0.78,10,False,SEND_PAYMENT_LINK
CASE_05730,CUST_05730,Jean Alvarez,100000,FAILED,INSUFFICIENT_FUNDS,0,0.85,45,False,ESCALATE_HUMAN
CASE_05731,CUST_05731,Mary Gordon,15000,FAILED,INSUFFICIENT_FUNDS,1,0.74,30,False,ESCALATE_HUMAN
CASE_05732,CUST_05732,Kevin Ware,15000,FAILED,INSUFFICIENT_FUNDS,0,0.81,0,False,SEND_PAYMENT_LINK
CASE_05733,CUST_05733,Adam Luna MD,999,ABANDONED,NONE,1,0.38,5,True,SEND_PAYMENT_LINK
CASE_05734,CUST_05734,Ronald Pitts,15000,FAILED,CARD_DECLINED,0,0.72,0,False,SEND_PAYMENT_LINK
CASE_05735,CUST_05735,Marissa Rodriguez,75000,ABANDONED,NONE,1,0.89,0,True,ESCALATE_HUMAN
CASE_05736,CUST_05736,Ann Mason,9999,FAILED,NETWORK_ERROR,3,0.85,15,False,STOP
CASE_05737,CUST_05737,Amanda Contreras,7999,ABANDONED,NONE,3,0.98,15,True,STOP
CASE_05738,CUST_05738,Dustin Goodwin,1499,ABANDONED,NONE,1,0.81,10,True,SEND_PAYMENT_LINK
CASE_05739,CUST_05739,Brian Phillips,25000,FAILED,BANK_ERROR,3,0.86,0,False,STOP
CASE_05740,CUST_05740,David Gardner,7999,FAILED,INSUFFICIENT_FUNDS,1,0.3,15,False,SEND_PAYMENT_LINK
CASE_05741,CUST_05741,Vanessa Nelson,2499,FAILED,TIMEOUT,0,0.92,45,False,ESCALATE_HUMAN
CASE_05742,CUST_05742,Tamara Bridges MD,75000,FAILED,CARD_DECLINED,0,0.46,5,False,ESCALATE_HUMAN
CASE_05743,CUST_05743,Douglas Pacheco,4999,FAILED,INSUFFICIENT_FUNDS,1,0.64,45,False,ESCALATE_HUMAN
CASE_05744,CUST_05744,Sarah Morgan,1499,ABANDONED,NONE,1,0.21,10,True,SEND_PAYMENT_LINK
CASE_05745,CUST_05745,Teresa Mason,15000,ABANDONED,NONE,3,0.55,20,True,STOP
CASE_05746,CUST_05746,Julie Alvarez,100000,FAILED,CARD_DECLINED,1,0.63,30,False,ESCALATE_HUMAN
CASE_05747,CUST_05747,Ricardo Berry,4999,FAILED,CARD_DECLINED,3,0.26,0,False,STOP
CASE_05748,CUST_05748,Marc Sanchez,499,ABANDONED,NONE,2,0.37,5,True,SEND_PAYMENT_LINK
CASE_05749,CUST_05749,Jonathan Harrison,100000,ABANDONED,NONE,2,0.68,0,True,ESCALATE_HUMAN
CASE_05750,CUST_05750,Christopher Christensen,7999,FAILED,NETWORK_ERROR,1,0.28,0,False,SEND_PAYMENT_LINK
CASE_05751,CUST_05751,Thomas Williams,15000,FAILED,TIMEOUT,2,0.83,10,False,RETRY_PAYMENT
CASE_05752,CUST_05752,Mario Bell,2499,FAILED,TIMEOUT,0,0.84,0,False,RETRY_PAYMENT
CASE_05753,CUST_05753,Rebecca Foster,4999,FAILED,INSUFFICIENT_FUNDS,1,0.67,20,False,SEND_PAYMENT_LINK
CASE_05754,CUST_05754,Scott Wise,4999,FAILED,NETWORK_ERROR,2,0.42,5,False,SEND_PAYMENT_LINK
CASE_05755,CUST_05755,Jennifer Everett,2499,FAILED,CARD_DECLINED,3,0.28,0,False,STOP
CASE_05756,CUST_05756,Lisa Baker,75000,FAILED,BANK_ERROR,1,0.85,10,False,ESCALATE_HUMAN
CASE_05757,CUST_05757,Nicholas Clark,50000,ABANDONED,NONE,1,0.7,30,True,ESCALATE_HUMAN
CASE_05758,CUST_05758,Ryan Lyons,499,FAILED,TIMEOUT,0,0.8,10,False,RETRY_PAYMENT
CASE_05759,CUST_05759,Keith Schwartz,2499,FAILED,INSUFFICIENT_FUNDS,3,0.49,45,False,STOP
CASE_05760,CUST_05760,Christopher Larson,100000,FAILED,CARD_DECLINED,3,0.7,45,False,STOP
CASE_05761,CUST_05761,Ryan Ramirez,25000,FAILED,NETWORK_ERROR,3,0.24,0,False,STOP
CASE_05762,CUST_05762,Colleen Molina,999,FAILED,CARD_DECLINED,1,0.6,10,False,SEND_PAYMENT_LINK
CASE_05763,CUST_05763,Jacqueline Gould,2499,ABANDONED,NONE,3,0.98,5,True,STOP
CASE_05764,CUST_05764,Joseph Bryant,25000,FAILED,NETWORK_ERROR,2,0.67,0,False,SEND_PAYMENT_LINK
CASE_05765,CUST_05765,Debbie Summers,2499,FAILED,TIMEOUT,1,0.33,5,False,SEND_PAYMENT_LINK
CASE_05766,CUST_05766,Madison Torres,50000,FAILED,INSUFFICIENT_FUNDS,0,0.94,30,False,ESCALATE_HUMAN
CASE_05767,CUST_05767,Dr. Anthony Gill MD,499,FAILED,NETWORK_ERROR,1,0.75,10,False,RETRY_PAYMENT
CASE_05768,CUST_05768,Angela Miller,100000,FAILED,NETWORK_ERROR,3,0.45,30,False,STOP
CASE_05769,CUST_05769,Craig Martin,100000,ABANDONED,NONE,2,0.21,0,True,ESCALATE_HUMAN
CASE_05770,CUST_05770,Teresa Garrett,2499,ABANDONED,NONE,3,0.53,15,True,STOP
CASE_05771,CUST_05771,Erin Holder,9999,FAILED,TIMEOUT,3,0.5,0,False,STOP
CASE_05772,CUST_05772,Elizabeth Austin,1499,FAILED,TIMEOUT,1,0.83,45,False,ESCALATE_HUMAN
CASE_05773,CUST_05773,Sabrina Hart,1499,FAILED,CARD_DECLINED,1,0.89,45,False,ESCALATE_HUMAN
CASE_05774,CUST_05774,Paula Smith,9999,FAILED,NETWORK_ERROR,2,0.81,0,False,RETRY_PAYMENT
CASE_05775,CUST_05775,Richard Morales,9999,FAILED,BANK_ERROR,1,0.36,0,False,SEND_PAYMENT_LINK
CASE_05776,CUST_05776,Dennis Moore,4999,FAILED,CARD_DECLINED,3,0.66,0,False,STOP
CASE_05777,CUST_05777,Andrew Williams,9999,ABANDONED,NONE,3,0.23,10,True,STOP
CASE_05778,CUST_05778,David Thomas,25000,FAILED,BANK_ERROR,0,0.35,10,False,SEND_PAYMENT_LINK
CASE_05779,CUST_05779,Monica Norton,75000,FAILED,BANK_ERROR,2,0.62,10,False,ESCALATE_HUMAN
CASE_05780,CUST_05780,Robert Castillo,50000,FAILED,TIMEOUT,2,0.99,20,False,RETRY_PAYMENT
CASE_05781,CUST_05781,Nicole Wilcox,7999,FAILED,BANK_ERROR,2,0.35,0,False,SEND_PAYMENT_LINK
CASE_05782,CUST_05782,Christina Cook,9999,FAILED,NETWORK_ERROR,0,0.58,0,False,RETRY_PAYMENT
CASE_05783,CUST_05783,Brian Shelton,100000,FAILED,NETWORK_ERROR,2,0.7,45,False,ESCALATE_HUMAN
CASE_05784,CUST_05784,Charles Ware,999,FAILED,NETWORK_ERROR,2,0.66,15,False,SEND_PAYMENT_LINK
CASE_05785,CUST_05785,Alice Carlson,25000,FAILED,CARD_DECLINED,2,0.33,5,False,SEND_PAYMENT_LINK
CASE_05786,CUST_05786,Christopher Gonzalez,15000,FAILED,TIMEOUT,1,0.81,20,False,RETRY_PAYMENT
CASE_05787,CUST_05787,Steven Jones,2499,ABANDONED,NONE,2,0.66,0,True,SEND_PAYMENT_LINK
CASE_05788,CUST_05788,Alexander Stafford,15000,ABANDONED,NONE,3,0.54,30,True,STOP
CASE_05789,CUST_05789,Chad Schultz,15000,ABANDONED,NONE,2,0.65,15,True,SEND_PAYMENT_LINK
CASE_05790,CUST_05790,John Cruz,25000,ABANDONED,NONE,0,0.37,10,True,SEND_PAYMENT_LINK
CASE_05791,CUST_05791,Randall Hernandez,999,ABANDONED,NONE,2,1.0,0,True,SEND_PAYMENT_LINK
CASE_05792,CUST_05792,Carolyn Farmer,50000,FAILED,BANK_ERROR,0,0.97,45,False,ESCALATE_HUMAN
CASE_05793,CUST_05793,Donald Moore,4999,FAILED,NETWORK_ERROR,3,0.88,5,False,STOP
CASE_05794,CUST_05794,Jamie Coleman,2499,FAILED,NETWORK_ERROR,3,0.29,0,False,STOP
CASE_05795,CUST_05795,Danielle White,499,FAILED,TIMEOUT,0,0.38,0,False,SEND_PAYMENT_LINK
CASE_05796,CUST_05796,Sara Santos,7999,FAILED,CARD_DECLINED,0,0.45,0,False,SEND_PAYMENT_LINK
CASE_05797,CUST_05797,Dustin Williams,100000,FAILED,NETWORK_ERROR,2,0.6,0,False,ESCALATE_HUMAN
CASE_05798,CUST_05798,Renee Johnson,999,FAILED,CARD_DECLINED,0,0.27,45,False,ESCALATE_HUMAN
CASE_05799,CUST_05799,Hannah Burch,9999,FAILED,NETWORK_ERROR,2,0.86,0,False,RETRY_PAYMENT
CASE_05800,CUST_05800,Shannon Sanchez,4999,FAILED,INSUFFICIENT_FUNDS,3,0.38,0,False,STOP
CASE_05801,CUST_05801,Jennifer Maynard,9999,ABANDONED,NONE,3,0.57,5,True,STOP
CASE_05802,CUST_05802,Mary Valentine,9999,ABANDONED,NONE,1,0.98,20,True,SEND_PAYMENT_LINK
CASE_05803,CUST_05803,Grant Mitchell,999,FAILED,BANK_ERROR,1,0.57,20,False,RETRY_PAYMENT
CASE_05804,CUST_05804,Adam Malone,75000,FAILED,TIMEOUT,2,0.61,20,False,ESCALATE_HUMAN
CASE_05805,CUST_05805,Matthew Franco,50000,ABANDONED,NONE,1,0.92,15,True,SEND_PAYMENT_LINK
CASE_05806,CUST_05806,John Lee PhD,50000,ABANDONED,NONE,0,0.73,15,True,SEND_PAYMENT_LINK
CASE_05807,CUST_05807,Brandon Davila,7999,ABANDONED,NONE,1,0.33,30,True,ESCALATE_HUMAN
CASE_05808,CUST_05808,Billy Williams,15000,FAILED,TIMEOUT,0,0.75,10,False,RETRY_PAYMENT
CASE_05809,CUST_05809,Donna Gates,75000,FAILED,NETWORK_ERROR,3,0.36,0,False,STOP
CASE_05810,CUST_05810,Kevin Martin,100000,ABANDONED,NONE,0,0.85,20,True,ESCALATE_HUMAN
CASE_05811,CUST_05811,Yvonne Wolfe,25000,FAILED,NETWORK_ERROR,3,0.8,0,False,STOP
CASE_05812,CUST_05812,Jessica Marshall,25000,FAILED,CARD_DECLINED,3,0.36,15,False,STOP
CASE_05813,CUST_05813,Michael Williams,25000,ABANDONED,NONE,3,0.89,10,True,STOP
CASE_05814,CUST_05814,Laura Jones,2499,FAILED,NETWORK_ERROR,2,0.42,30,False,ESCALATE_HUMAN
CASE_05815,CUST_05815,Richard Matthews,499,FAILED,NETWORK_ERROR,1,0.32,20,False,SEND_PAYMENT_LINK
CASE_05816,CUST_05816,Scott Lane,15000,ABANDONED,NONE,2,0.68,10,True,SEND_PAYMENT_LINK
CASE_05817,CUST_05817,David Colon,100000,FAILED,CARD_DECLINED,3,0.72,20,False,STOP
CASE_05818,CUST_05818,Carrie Johnson,9999,FAILED,CARD_DECLINED,2,0.98,0,False,SEND_PAYMENT_LINK
CASE_05819,CUST_05819,Michael Garza,7999,FAILED,BANK_ERROR,2,0.88,10,False,RETRY_PAYMENT
CASE_05820,CUST_05820,Jessica Bryant,7999,FAILED,BANK_ERROR,2,0.22,15,False,SEND_PAYMENT_LINK
CASE_05821,CUST_05821,Andrea Young,2499,ABANDONED,NONE,3,0.34,0,True,STOP
CASE_05822,CUST_05822,Thomas Frazier,25000,FAILED,CARD_DECLINED,3,0.45,5,False,STOP
CASE_05823,CUST_05823,Allen Jacobson,75000,FAILED,INSUFFICIENT_FUNDS,0,0.39,15,False,ESCALATE_HUMAN
CASE_05824,CUST_05824,Steven Welch,4999,FAILED,NETWORK_ERROR,0,0.5,45,False,ESCALATE_HUMAN
CASE_05825,CUST_05825,Heather Johnson,2499,FAILED,CARD_DECLINED,2,0.94,5,False,SEND_PAYMENT_LINK
CASE_05826,CUST_05826,Martin Wright,1499,FAILED,BANK_ERROR,3,0.68,10,False,STOP
CASE_05827,CUST_05827,Cassie Cook,100000,FAILED,INSUFFICIENT_FUNDS,0,0.58,30,False,ESCALATE_HUMAN
CASE_05828,CUST_05828,Jeremy Diaz,2499,FAILED,INSUFFICIENT_FUNDS,0,0.48,20,False,SEND_PAYMENT_LINK
CASE_05829,CUST_05829,Kimberly Davila,2499,FAILED,INSUFFICIENT_FUNDS,0,0.45,0,False,SEND_PAYMENT_LINK
CASE_05830,CUST_05830,Alan Scott,100000,FAILED,NETWORK_ERROR,2,0.61,45,False,ESCALATE_HUMAN
CASE_05831,CUST_05831,Thomas Stewart,15000,ABANDONED,NONE,1,0.36,10,True,SEND_PAYMENT_LINK
CASE_05832,CUST_05832,Carla Burke,9999,ABANDONED,NONE,2,0.72,10,True,SEND_PAYMENT_LINK
CASE_05833,CUST_05833,Harold Reeves,100000,ABANDONED,NONE,3,0.8,5,True,STOP
CASE_05834,CUST_05834,Kayla Young,2499,FAILED,NETWORK_ERROR,1,0.86,30,False,ESCALATE_HUMAN
CASE_05835,CUST_05835,Brad Phillips,4999,FAILED,INSUFFICIENT_FUNDS,1,0.83,10,False,SEND_PAYMENT_LINK
CASE_05836,CUST_05836,Mr. Benjamin Hanson,999,FAILED,TIMEOUT,0,0.34,30,False,ESCALATE_HUMAN
CASE_05837,CUST_05837,Anthony Mccall,9999,FAILED,NETWORK_ERROR,0,0.75,15,False,RETRY_PAYMENT
CASE_05838,CUST_05838,Kathleen Gray,999,ABANDONED,NONE,2,0.98,10,True,SEND_PAYMENT_LINK
CASE_05839,CUST_05839,Collin Johnston,50000,ABANDONED,NONE,3,0.65,30,True,STOP
CASE_05840,CUST_05840,Deborah Simpson,2499,FAILED,BANK_ERROR,0,0.54,10,False,RETRY_PAYMENT
CASE_05841,CUST_05841,Michelle Rosario,7999,ABANDONED,NONE,2,0.42,30,True,ESCALATE_HUMAN
CASE_05842,CUST_05842,Jorge Morgan,25000,FAILED,INSUFFICIENT_FUNDS,0,0.96,15,False,SEND_PAYMENT_LINK
CASE_05843,CUST_05843,Ann Henderson,75000,FAILED,NETWORK_ERROR,0,0.35,30,False,ESCALATE_HUMAN
CASE_05844,CUST_05844,Michelle Weiss,499,ABANDONED,NONE,3,0.47,30,True,STOP
CASE_05845,CUST_05845,Bryan Mata,499,ABANDONED,NONE,0,0.71,45,True,ESCALATE_HUMAN
CASE_05846,CUST_05846,Casey Olsen,75000,FAILED,BANK_ERROR,1,0.39,20,False,ESCALATE_HUMAN
CASE_05847,CUST_05847,Rebecca Hall,999,FAILED,CARD_DECLINED,0,0.3,30,False,ESCALATE_HUMAN
CASE_05848,CUST_05848,Christopher Henderson,15000,FAILED,INSUFFICIENT_FUNDS,2,0.97,0,False,SEND_PAYMENT_LINK
CASE_05849,CUST_05849,Stacey Jackson,100000,FAILED,BANK_ERROR,3,0.53,45,False,STOP
CASE_05850,CUST_05850,Catherine Santiago,15000,FAILED,INSUFFICIENT_FUNDS,0,0.59,0,False,SEND_PAYMENT_LINK
CASE_05851,CUST_05851,Eric Hatfield,499,ABANDONED,NONE,2,0.3,0,True,SEND_PAYMENT_LINK
CASE_05852,CUST_05852,Sarah King,9999,FAILED,TIMEOUT,3,0.23,30,False,STOP
CASE_05853,CUST_05853,Juan Nelson,25000,FAILED,CARD_DECLINED,2,0.55,10,False,SEND_PAYMENT_LINK
CASE_05854,CUST_05854,Michael Carey,25000,FAILED,TIMEOUT,1,0.4,15,False,SEND_PAYMENT_LINK
CASE_05855,CUST_05855,Michael Sloan,15000,FAILED,NETWORK_ERROR,2,0.73,0,False,SEND_PAYMENT_LINK
CASE_05856,CUST_05856,Angela Villegas,4999,FAILED,NETWORK_ERROR,1,0.61,0,False,RETRY_PAYMENT
CASE_05857,CUST_05857,Christian Daniels,15000,FAILED,NETWORK_ERROR,2,0.4,0,False,SEND_PAYMENT_LINK
CASE_05858,CUST_05858,Nicole Myers,9999,ABANDONED,NONE,2,0.8,45,True,ESCALATE_HUMAN
CASE_05859,CUST_05859,Gina Stone,4999,FAILED,INSUFFICIENT_FUNDS,0,0.64,15,False,SEND_PAYMENT_LINK
CASE_05860,CUST_05860,Jamie Moore,100000,FAILED,TIMEOUT,1,1.0,0,False,ESCALATE_HUMAN
CASE_05861,CUST_05861,Sandra Brown,15000,FAILED,NETWORK_ERROR,0,0.88,15,False,RETRY_PAYMENT
CASE_05862,CUST_05862,Judith Jones,1499,ABANDONED,NONE,0,0.3,15,True,SEND_PAYMENT_LINK
CASE_05863,CUST_05863,Mr. Joshua Pittman PhD,1499,FAILED,TIMEOUT,1,0.69,20,False,RETRY_PAYMENT
CASE_05864,CUST_05864,Holly Compton,2499,FAILED,CARD_DECLINED,1,0.93,15,False,SEND_PAYMENT_LINK
CASE_05865,CUST_05865,Nicole Wilcox,9999,FAILED,INSUFFICIENT_FUNDS,0,0.98,0,False,SEND_PAYMENT_LINK
CASE_05866,CUST_05866,Aaron Farrell,15000,FAILED,INSUFFICIENT_FUNDS,2,0.84,0,False,SEND_PAYMENT_LINK
CASE_05867,CUST_05867,Christina Rogers,1499,ABANDONED,NONE,1,0.94,0,True,SEND_PAYMENT_LINK
CASE_05868,CUST_05868,Denise Ortiz,999,FAILED,CARD_DECLINED,2,0.37,45,False,ESCALATE_HUMAN
CASE_05869,CUST_05869,Kaitlin Smith,7999,FAILED,TIMEOUT,2,0.3,0,False,SEND_PAYMENT_LINK
CASE_05870,CUST_05870,Jeffery Thomas,75000,FAILED,TIMEOUT,3,0.95,0,False,STOP
CASE_05871,CUST_05871,Debra Griffith,499,FAILED,CARD_DECLINED,0,0.83,0,False,SEND_PAYMENT_LINK
CASE_05872,CUST_05872,Jennifer Abbott,50000,FAILED,TIMEOUT,2,0.44,10,False,SEND_PAYMENT_LINK
CASE_05873,CUST_05873,Ashley Hunt,100000,ABANDONED,NONE,1,0.93,15,True,ESCALATE_HUMAN
CASE_05874,CUST_05874,Dana Ross,15000,ABANDONED,NONE,3,0.91,45,True,STOP
CASE_05875,CUST_05875,James Taylor,100000,FAILED,INSUFFICIENT_FUNDS,2,0.71,15,False,ESCALATE_HUMAN
CASE_05876,CUST_05876,Jeffrey King,2499,FAILED,INSUFFICIENT_FUNDS,0,0.63,30,False,ESCALATE_HUMAN
CASE_05877,CUST_05877,Ana Chandler,1499,FAILED,CARD_DECLINED,1,0.55,10,False,SEND_PAYMENT_LINK
CASE_05878,CUST_05878,Corey Morales,1499,FAILED,TIMEOUT,2,0.35,15,False,SEND_PAYMENT_LINK
CASE_05879,CUST_05879,Stephanie Heath,7999,ABANDONED,NONE,3,0.82,45,True,STOP
CASE_05880,CUST_05880,Jennifer Garcia,75000,FAILED,INSUFFICIENT_FUNDS,2,0.67,5,False,ESCALATE_HUMAN
CASE_05881,CUST_05881,Mark Thompson,499,FAILED,CARD_DECLINED,3,0.78,15,False,STOP
CASE_05882,CUST_05882,Anthony Irwin,4999,FAILED,CARD_DECLINED,3,0.51,15,False,STOP
CASE_05883,CUST_05883,Austin Howell Jr.,499,FAILED,CARD_DECLINED,2,0.67,0,False,SEND_PAYMENT_LINK
CASE_05884,CUST_05884,Christopher Norris,100000,FAILED,TIMEOUT,1,0.72,10,False,ESCALATE_HUMAN
CASE_05885,CUST_05885,Melinda Parks,9999,FAILED,TIMEOUT,1,0.93,0,False,RETRY_PAYMENT
CASE_05886,CUST_05886,Steven Carey,15000,ABANDONED,NONE,2,0.48,15,True,SEND_PAYMENT_LINK
CASE_05887,CUST_05887,Paul Jimenez,50000,FAILED,INSUFFICIENT_FUNDS,2,0.61,0,False,SEND_PAYMENT_LINK
CASE_05888,CUST_05888,David Gray,25000,FAILED,BANK_ERROR,3,0.55,15,False,STOP
CASE_05889,CUST_05889,Sharon Thompson,4999,ABANDONED,NONE,3,0.7,30,True,STOP
CASE_05890,CUST_05890,Jennifer Herrera,4999,FAILED,CARD_DECLINED,1,0.5,0,False,SEND_PAYMENT_LINK
CASE_05891,CUST_05891,Mr. James Bruce MD,1499,FAILED,CARD_DECLINED,3,0.32,10,False,STOP
CASE_05892,CUST_05892,Rita Dawson,100000,FAILED,NETWORK_ERROR,3,0.69,0,False,STOP
CASE_05893,CUST_05893,Megan Hernandez,15000,FAILED,INSUFFICIENT_FUNDS,2,0.91,10,False,SEND_PAYMENT_LINK
CASE_05894,CUST_05894,Joseph Waters,25000,FAILED,CARD_DECLINED,3,0.57,10,False,STOP
CASE_05895,CUST_05895,George Mccoy,100000,FAILED,NETWORK_ERROR,3,0.31,15,False,STOP
CASE_05896,CUST_05896,Donald Smith,9999,ABANDONED,NONE,0,0.32,15,True,SEND_PAYMENT_LINK
CASE_05897,CUST_05897,Mary Wiley,50000,FAILED,INSUFFICIENT_FUNDS,0,0.94,30,False,ESCALATE_HUMAN
CASE_05898,CUST_05898,Sherry Livingston,9999,ABANDONED,NONE,2,0.7,0,True,SEND_PAYMENT_LINK
CASE_05899,CUST_05899,Daniel Cain,9999,FAILED,TIMEOUT,1,0.93,0,False,RETRY_PAYMENT
CASE_05900,CUST_05900,Joseph King,15000,FAILED,NETWORK_ERROR,3,0.49,0,False,STOP
CASE_05901,CUST_05901,Jessica Winters,4999,FAILED,TIMEOUT,1,0.42,30,False,ESCALATE_HUMAN
CASE_05902,CUST_05902,James Martinez,75000,FAILED,TIMEOUT,2,0.43,15,False,ESCALATE_HUMAN
CASE_05903,CUST_05903,Kelsey Hale,7999,FAILED,INSUFFICIENT_FUNDS,2,0.48,15,False,SEND_PAYMENT_LINK
CASE_05904,CUST_05904,Henry Greer,7999,ABANDONED,NONE,1,0.97,20,True,SEND_PAYMENT_LINK
CASE_05905,CUST_05905,Amanda Porter,25000,FAILED,BANK_ERROR,2,0.84,30,False,ESCALATE_HUMAN
CASE_05906,CUST_05906,Debra Allen,100000,ABANDONED,NONE,3,0.61,45,True,STOP
CASE_05907,CUST_05907,Kimberly Aguilar,50000,FAILED,TIMEOUT,2,0.99,0,False,RETRY_PAYMENT
CASE_05908,CUST_05908,George Acosta,499,ABANDONED,NONE,0,0.43,0,True,SEND_PAYMENT_LINK
CASE_05909,CUST_05909,Richard Gross,15000,FAILED,INSUFFICIENT_FUNDS,2,0.74,45,False,ESCALATE_HUMAN
CASE_05910,CUST_05910,Michelle Barnett,7999,FAILED,TIMEOUT,3,0.67,5,False,STOP
CASE_05911,CUST_05911,Tara Lane,9999,ABANDONED,NONE,0,0.82,5,True,SEND_PAYMENT_LINK
CASE_05912,CUST_05912,Mr. Zachary Barnes,999,ABANDONED,NONE,0,0.62,45,True,ESCALATE_HUMAN
CASE_05913,CUST_05913,Ronald Bryan,25000,FAILED,TIMEOUT,0,0.23,15,False,SEND_PAYMENT_LINK
CASE_05914,CUST_05914,John Kennedy PhD,25000,FAILED,CARD_DECLINED,0,0.27,15,False,SEND_PAYMENT_LINK
CASE_05915,CUST_05915,Steven Taylor,2499,FAILED,TIMEOUT,1,0.52,0,False,RETRY_PAYMENT
CASE_05916,CUST_05916,Marissa Johnson,100000,FAILED,BANK_ERROR,1,0.95,20,False,ESCALATE_HUMAN
CASE_05917,CUST_05917,Janet Valdez,2499,ABANDONED,NONE,0,0.35,0,True,SEND_PAYMENT_LINK
CASE_05918,CUST_05918,Tammy Murphy,75000,FAILED,CARD_DECLINED,3,0.62,0,False,STOP
CASE_05919,CUST_05919,Rebekah Neal,25000,FAILED,CARD_DECLINED,2,0.43,30,False,ESCALATE_HUMAN
CASE_05920,CUST_05920,Nathan Gomez,25000,FAILED,NETWORK_ERROR,3,0.55,5,False,STOP
CASE_05921,CUST_05921,Taylor Henry,100000,FAILED,BANK_ERROR,0,0.63,10,False,ESCALATE_HUMAN
CASE_05922,CUST_05922,Kendra Melendez,25000,FAILED,BANK_ERROR,2,0.35,20,False,SEND_PAYMENT_LINK
CASE_05923,CUST_05923,Katherine Roberts,9999,FAILED,NETWORK_ERROR,2,0.32,20,False,SEND_PAYMENT_LINK
CASE_05924,CUST_05924,David Torres,4999,FAILED,TIMEOUT,2,0.57,45,False,ESCALATE_HUMAN
CASE_05925,CUST_05925,Matthew Reed,2499,FAILED,NETWORK_ERROR,3,0.53,30,False,STOP
CASE_05926,CUST_05926,Michael Smith,50000,FAILED,CARD_DECLINED,0,0.75,45,False,ESCALATE_HUMAN
CASE_05927,CUST_05927,Judy Pacheco,15000,ABANDONED,NONE,2,0.42,0,True,SEND_PAYMENT_LINK
CASE_05928,CUST_05928,Ryan Moran,4999,ABANDONED,NONE,3,0.73,10,True,STOP
CASE_05929,CUST_05929,Matthew Harris,4999,ABANDONED,NONE,1,0.99,15,True,SEND_PAYMENT_LINK
CASE_05930,CUST_05930,Abigail Martinez,2499,FAILED,INSUFFICIENT_FUNDS,2,0.85,20,False,SEND_PAYMENT_LINK
CASE_05931,CUST_05931,Lisa Macdonald,4999,FAILED,BANK_ERROR,2,0.21,0,False,SEND_PAYMENT_LINK
CASE_05932,CUST_05932,Susan Burns,75000,ABANDONED,NONE,0,0.88,20,True,ESCALATE_HUMAN
CASE_05933,CUST_05933,Brian Coleman,4999,ABANDONED,NONE,3,0.53,45,True,STOP
CASE_05934,CUST_05934,Robert Smith,999,FAILED,CARD_DECLINED,1,0.87,0,False,SEND_PAYMENT_LINK
CASE_05935,CUST_05935,Elizabeth Barker,2499,FAILED,INSUFFICIENT_FUNDS,3,0.65,0,False,STOP
CASE_05936,CUST_05936,Melissa Valentine,1499,FAILED,BANK_ERROR,3,0.37,30,False,STOP
CASE_05937,CUST_05937,Sarah Nixon,100000,FAILED,TIMEOUT,3,0.74,0,False,STOP
CASE_05938,CUST_05938,Katherine James,2499,ABANDONED,NONE,3,0.94,45,True,STOP
CASE_05939,CUST_05939,Calvin Cooper,7999,ABANDONED,NONE,1,0.24,10,True,SEND_PAYMENT_LINK
CASE_05940,CUST_05940,Bruce Fisher,7999,FAILED,CARD_DECLINED,3,0.75,15,False,STOP
CASE_05941,CUST_05941,Charles Bryant,75000,ABANDONED,NONE,3,0.72,15,True,STOP
CASE_05942,CUST_05942,Nicole Diaz,15000,ABANDONED,NONE,0,0.24,15,True,SEND_PAYMENT_LINK
CASE_05943,CUST_05943,Daniel Sanchez,7999,FAILED,BANK_ERROR,3,0.71,30,False,STOP
CASE_05944,CUST_05944,Selena Robinson,75000,ABANDONED,NONE,2,0.71,10,True,ESCALATE_HUMAN
CASE_05945,CUST_05945,Teresa Daniels,2499,ABANDONED,NONE,1,0.33,0,True,SEND_PAYMENT_LINK
CASE_05946,CUST_05946,Jonathon Mathews,7999,ABANDONED,NONE,0,0.4,20,True,SEND_PAYMENT_LINK
CASE_05947,CUST_05947,John Lee,7999,FAILED,INSUFFICIENT_FUNDS,2,0.34,0,False,SEND_PAYMENT_LINK
CASE_05948,CUST_05948,Ronald Terry,4999,FAILED,TIMEOUT,3,0.55,30,False,STOP
CASE_05949,CUST_05949,Mark Hill,100000,FAILED,INSUFFICIENT_FUNDS,1,0.24,15,False,ESCALATE_HUMAN
CASE_05950,CUST_05950,Ashlee Rivers,999,FAILED,CARD_DECLINED,2,0.74,0,False,SEND_PAYMENT_LINK
CASE_05951,CUST_05951,Jason Sharp,7999,ABANDONED,NONE,2,0.7,5,True,SEND_PAYMENT_LINK
CASE_05952,CUST_05952,Kaitlyn Gonzalez,2499,FAILED,CARD_DECLINED,2,0.24,0,False,SEND_PAYMENT_LINK
CASE_05953,CUST_05953,Patrick Atkins,75000,FAILED,BANK_ERROR,1,0.87,45,False,ESCALATE_HUMAN
CASE_05954,CUST_05954,Jose Boone,15000,ABANDONED,NONE,3,0.77,5,True,STOP
CASE_05955,CUST_05955,John Ryan,1499,ABANDONED,NONE,0,0.82,0,True,SEND_PAYMENT_LINK
CASE_05956,CUST_05956,Kim Lam,2499,FAILED,CARD_DECLINED,0,0.2,0,False,SEND_PAYMENT_LINK
CASE_05957,CUST_05957,Anna Wong,100000,FAILED,NETWORK_ERROR,0,0.23,0,False,ESCALATE_HUMAN
CASE_05958,CUST_05958,Ashlee Hall,1499,FAILED,CARD_DECLINED,2,0.48,10,False,SEND_PAYMENT_LINK
CASE_05959,CUST_05959,Cindy Roth,50000,ABANDONED,NONE,2,0.69,0,True,SEND_PAYMENT_LINK
CASE_05960,CUST_05960,Cynthia Palmer,7999,FAILED,NETWORK_ERROR,0,0.76,15,False,RETRY_PAYMENT
CASE_05961,CUST_05961,Robert Ramirez,50000,ABANDONED,NONE,0,0.97,10,True,SEND_PAYMENT_LINK
CASE_05962,CUST_05962,Michael Salinas,2499,FAILED,CARD_DECLINED,1,0.24,0,False,SEND_PAYMENT_LINK
CASE_05963,CUST_05963,William Colon,75000,ABANDONED,NONE,3,0.79,15,True,STOP
CASE_05964,CUST_05964,Isabella Warren,999,FAILED,TIMEOUT,3,0.26,0,False,STOP
CASE_05965,CUST_05965,Kara Hernandez,1499,FAILED,NETWORK_ERROR,3,0.43,5,False,STOP
CASE_05966,CUST_05966,Mallory Smith,15000,FAILED,INSUFFICIENT_FUNDS,3,0.39,0,False,STOP
CASE_05967,CUST_05967,Craig Flores,499,FAILED,BANK_ERROR,0,0.69,30,False,ESCALATE_HUMAN
CASE_05968,CUST_05968,Lauren Rosales,4999,FAILED,TIMEOUT,1,0.53,20,False,RETRY_PAYMENT
CASE_05969,CUST_05969,Savannah Davis,499,FAILED,BANK_ERROR,1,0.52,20,False,SEND_PAYMENT_LINK
CASE_05970,CUST_05970,Darlene Mason,7999,FAILED,NETWORK_ERROR,1,0.4,15,False,SEND_PAYMENT_LINK
CASE_05971,CUST_05971,Ricardo Oneal,7999,FAILED,BANK_ERROR,3,0.57,0,False,STOP
CASE_05972,CUST_05972,Luke Lee,499,FAILED,NETWORK_ERROR,3,0.8,0,False,STOP
CASE_05973,CUST_05973,Daniel Hill,15000,FAILED,TIMEOUT,0,0.21,15,False,SEND_PAYMENT_LINK
CASE_05974,CUST_05974,Chad Smith,100000,ABANDONED,NONE,3,0.23,0,True,STOP
CASE_05975,CUST_05975,John Stone,7999,ABANDONED,NONE,0,0.82,0,True,SEND_PAYMENT_LINK
CASE_05976,CUST_05976,Marisa Garcia,999,FAILED,NETWORK_ERROR,3,0.9,5,False,STOP
CASE_05977,CUST_05977,Christopher Foster,1499,FAILED,INSUFFICIENT_FUNDS,1,0.66,5,False,SEND_PAYMENT_LINK
CASE_05978,CUST_05978,Paula Williams,100000,FAILED,TIMEOUT,2,0.42,10,False,ESCALATE_HUMAN
CASE_05979,CUST_05979,Bryan Welch,100000,FAILED,TIMEOUT,3,0.46,0,False,STOP
CASE_05980,CUST_05980,Rhonda Miller,15000,FAILED,BANK_ERROR,1,0.89,45,False,ESCALATE_HUMAN
CASE_05981,CUST_05981,Kimberly Keith,2499,FAILED,BANK_ERROR,2,0.34,10,False,SEND_PAYMENT_LINK
CASE_05982,CUST_05982,Daniel Murray,9999,FAILED,INSUFFICIENT_FUNDS,0,0.66,0,False,SEND_PAYMENT_LINK
CASE_05983,CUST_05983,Steven Mullins,100000,FAILED,INSUFFICIENT_FUNDS,0,0.88,0,False,ESCALATE_HUMAN
CASE_05984,CUST_05984,Denise Morrow,7999,FAILED,CARD_DECLINED,0,0.82,0,False,SEND_PAYMENT_LINK
CASE_05985,CUST_05985,Brandon Paul,499,FAILED,BANK_ERROR,2,0.51,15,False,SEND_PAYMENT_LINK
CASE_05986,CUST_05986,Duane Mays,2499,ABANDONED,NONE,1,0.81,0,True,SEND_PAYMENT_LINK
CASE_05987,CUST_05987,Paul Graves,7999,ABANDONED,NONE,2,0.76,5,True,SEND_PAYMENT_LINK
CASE_05988,CUST_05988,Alexandra Jennings,15000,FAILED,TIMEOUT,2,0.3,10,False,SEND_PAYMENT_LINK
CASE_05989,CUST_05989,Michael Collins,2499,ABANDONED,NONE,3,0.23,0,True,STOP
CASE_05990,CUST_05990,Jaime Mann,999,ABANDONED,NONE,0,0.86,10,True,SEND_PAYMENT_LINK
CASE_05991,CUST_05991,Matthew Pollard,15000,FAILED,TIMEOUT,1,0.47,0,False,SEND_PAYMENT_LINK
CASE_05992,CUST_05992,Joanne Anderson,25000,FAILED,BANK_ERROR,3,0.27,45,False,STOP
CASE_05993,CUST_05993,Chelsea Larson,7999,ABANDONED,NONE,0,0.56,30,True,ESCALATE_HUMAN
CASE_05994,CUST_05994,Melissa Anderson,7999,FAILED,INSUFFICIENT_FUNDS,0,0.59,5,False,SEND_PAYMENT_LINK
CASE_05995,CUST_05995,Antonio Padilla,100000,FAILED,TIMEOUT,0,0.98,15,False,ESCALATE_HUMAN
CASE_05996,CUST_05996,Jeremy Young,100000,FAILED,CARD_DECLINED,0,0.82,45,False,ESCALATE_HUMAN
CASE_05997,CUST_05997,Dwayne Martinez,2499,FAILED,TIMEOUT,3,0.67,20,False,STOP
CASE_05998,CUST_05998,Cody Watson,4999,ABANDONED,NONE,0,0.62,10,True,SEND_PAYMENT_LINK
CASE_05999,CUST_05999,Ivan Hernandez,100000,FAILED,TIMEOUT,3,0.48,10,False,STOP
CASE_06000,CUST_06000,Kendra Anderson,7999,FAILED,INSUFFICIENT_FUNDS,1,0.95,15,False,SEND_PAYMENT_LINK
CASE_06001,CUST_06001,Abigail Mitchell,15000,FAILED,NETWORK_ERROR,3,0.89,0,False,STOP
CASE_06002,CUST_06002,Dr. Nancy Brown,50000,FAILED,NETWORK_ERROR,1,0.9,30,False,ESCALATE_HUMAN
CASE_06003,CUST_06003,Justin Compton,25000,FAILED,NETWORK_ERROR,1,0.72,0,False,RETRY_PAYMENT
CASE_06004,CUST_06004,Patricia King,50000,FAILED,NETWORK_ERROR,0,0.81,20,False,RETRY_PAYMENT
CASE_06005,CUST_06005,Anthony Gutierrez,100000,FAILED,TIMEOUT,3,0.61,0,False,STOP
CASE_06006,CUST_06006,David Jones,100000,FAILED,TIMEOUT,1,0.55,0,False,ESCALATE_HUMAN
CASE_06007,CUST_06007,Nathaniel Blackburn,50000,FAILED,CARD_DECLINED,2,0.88,0,False,SEND_PAYMENT_LINK
CASE_06008,CUST_06008,Michael Owens,999,ABANDONED,NONE,0,0.24,5,True,SEND_PAYMENT_LINK
CASE_06009,CUST_06009,Brittany Butler,1499,ABANDONED,NONE,3,0.73,45,True,STOP
CASE_06010,CUST_06010,Joseph Macdonald,499,FAILED,CARD_DECLINED,3,0.57,30,False,STOP
CASE_06011,CUST_06011,Lisa Roberson,15000,FAILED,TIMEOUT,2,0.74,30,False,ESCALATE_HUMAN
CASE_06012,CUST_06012,Joel Zimmerman,1499,ABANDONED,NONE,1,0.9,0,True,SEND_PAYMENT_LINK
CASE_06013,CUST_06013,Dwayne Smith,999,FAILED,NETWORK_ERROR,3,0.44,0,False,STOP
CASE_06014,CUST_06014,Morgan Campbell,15000,ABANDONED,NONE,1,0.71,15,True,SEND_PAYMENT_LINK
CASE_06015,CUST_06015,Christopher Hernandez,9999,FAILED,CARD_DECLINED,1,0.32,15,False,SEND_PAYMENT_LINK
CASE_06016,CUST_06016,Jennifer Harper,999,FAILED,INSUFFICIENT_FUNDS,3,0.39,30,False,STOP
CASE_06017,CUST_06017,Elizabeth Aguilar,4999,FAILED,INSUFFICIENT_FUNDS,0,0.24,15,False,SEND_PAYMENT_LINK
CASE_06018,CUST_06018,Sonya Lopez,999,ABANDONED,NONE,3,0.8,45,True,STOP
CASE_06019,CUST_06019,Jessica Sanford,9999,ABANDONED,NONE,1,0.49,0,True,SEND_PAYMENT_LINK
CASE_06020,CUST_06020,Mr. Erik Jarvis II,25000,FAILED,TIMEOUT,3,0.78,10,False,STOP
CASE_06021,CUST_06021,Daniel Walters,25000,ABANDONED,NONE,2,0.6,5,True,SEND_PAYMENT_LINK
CASE_06022,CUST_06022,Tracy Stone,7999,FAILED,CARD_DECLINED,2,0.37,5,False,SEND_PAYMENT_LINK
CASE_06023,CUST_06023,Candice Logan,7999,ABANDONED,NONE,3,0.8,0,True,STOP
CASE_06024,CUST_06024,Regina Mullins,7999,FAILED,TIMEOUT,0,0.69,0,False,SEND_PAYMENT_LINK
CASE_06025,CUST_06025,Tiffany Chapman,4999,ABANDONED,NONE,0,0.32,30,True,ESCALATE_HUMAN
CASE_06026,CUST_06026,Margaret Lane,999,FAILED,CARD_DECLINED,3,0.97,5,False,STOP
CASE_06027,CUST_06027,Samuel Rodriguez,2499,FAILED,BANK_ERROR,0,0.37,0,False,SEND_PAYMENT_LINK
CASE_06028,CUST_06028,Mrs. Angela Leach DVM,2499,ABANDONED,NONE,1,0.23,20,True,SEND_PAYMENT_LINK
CASE_06029,CUST_06029,Madison Rodriguez,25000,FAILED,CARD_DECLINED,3,0.5,5,False,STOP
CASE_06030,CUST_06030,Zachary Shepard,7999,FAILED,BANK_ERROR,3,0.75,0,False,STOP
CASE_06031,CUST_06031,Michelle Shaw,1499,FAILED,CARD_DECLINED,3,0.4,45,False,STOP
CASE_06032,CUST_06032,Nicole Adams,999,FAILED,BANK_ERROR,1,0.52,5,False,RETRY_PAYMENT
CASE_06033,CUST_06033,Linda Campbell,7999,FAILED,NETWORK_ERROR,1,0.66,0,False,SEND_PAYMENT_LINK
CASE_06034,CUST_06034,John Kirby,1499,FAILED,TIMEOUT,3,0.72,45,False,STOP
CASE_06035,CUST_06035,Toni Collins,9999,FAILED,TIMEOUT,1,0.65,10,False,SEND_PAYMENT_LINK
CASE_06036,CUST_06036,Samantha Frazier,15000,FAILED,TIMEOUT,2,0.46,30,False,ESCALATE_HUMAN
CASE_06037,CUST_06037,Crystal Wright,100000,ABANDONED,NONE,3,0.82,0,True,STOP
CASE_06038,CUST_06038,Russell Marshall,15000,FAILED,BANK_ERROR,0,0.93,10,False,RETRY_PAYMENT
CASE_06039,CUST_06039,Curtis Forbes,2499,FAILED,INSUFFICIENT_FUNDS,1,0.48,45,False,ESCALATE_HUMAN
CASE_06040,CUST_06040,Dawn Rodriguez,100000,FAILED,TIMEOUT,2,0.6,0,False,ESCALATE_HUMAN
CASE_06041,CUST_06041,Nicholas Norton,50000,FAILED,NETWORK_ERROR,1,0.24,10,False,SEND_PAYMENT_LINK
CASE_06042,CUST_06042,Marcus Mayer,25000,FAILED,BANK_ERROR,3,0.67,15,False,STOP
CASE_06043,CUST_06043,Jimmy Navarro,15000,FAILED,NETWORK_ERROR,1,0.91,10,False,RETRY_PAYMENT
CASE_06044,CUST_06044,Kevin Waters,2499,FAILED,CARD_DECLINED,0,0.53,20,False,SEND_PAYMENT_LINK
CASE_06045,CUST_06045,Angela Bruce,15000,FAILED,CARD_DECLINED,2,0.46,20,False,SEND_PAYMENT_LINK
CASE_06046,CUST_06046,Rodney Gomez,50000,FAILED,BANK_ERROR,2,0.41,0,False,SEND_PAYMENT_LINK
CASE_06047,CUST_06047,Donna Flowers,499,FAILED,TIMEOUT,2,0.32,30,False,ESCALATE_HUMAN
CASE_06048,CUST_06048,Robert Sanford,100000,ABANDONED,NONE,2,0.7,15,True,ESCALATE_HUMAN
CASE_06049,CUST_06049,Edwin Graham,4999,FAILED,TIMEOUT,0,0.29,45,False,ESCALATE_HUMAN
CASE_06050,CUST_06050,David Mendoza,999,ABANDONED,NONE,0,0.37,0,True,SEND_PAYMENT_LINK
CASE_06051,CUST_06051,John Ellis,75000,FAILED,INSUFFICIENT_FUNDS,3,0.98,15,False,STOP
CASE_06052,CUST_06052,Kaylee Martin,2499,FAILED,CARD_DECLINED,0,0.28,15,False,SEND_PAYMENT_LINK
CASE_06053,CUST_06053,Evan Jordan,100000,ABANDONED,NONE,0,0.88,10,True,ESCALATE_HUMAN
CASE_06054,CUST_06054,Sarah Castillo,15000,FAILED,NETWORK_ERROR,0,0.71,20,False,RETRY_PAYMENT
CASE_06055,CUST_06055,Donald Pierce,75000,FAILED,NETWORK_ERROR,1,0.44,15,False,ESCALATE_HUMAN
CASE_06056,CUST_06056,Michael Lewis,7999,FAILED,NETWORK_ERROR,1,0.2,0,False,SEND_PAYMENT_LINK
CASE_06057,CUST_06057,Kelly Riddle,999,FAILED,INSUFFICIENT_FUNDS,2,0.83,0,False,SEND_PAYMENT_LINK
CASE_06058,CUST_06058,Teresa Johnson,1499,FAILED,CARD_DECLINED,2,0.2,0,False,SEND_PAYMENT_LINK
CASE_06059,CUST_06059,Carlos Williams,15000,FAILED,INSUFFICIENT_FUNDS,1,0.42,20,False,SEND_PAYMENT_LINK
CASE_06060,CUST_06060,Pamela Miller,499,FAILED,INSUFFICIENT_FUNDS,3,0.75,0,False,STOP
CASE_06061,CUST_06061,Allison Brown,9999,FAILED,BANK_ERROR,0,0.24,15,False,SEND_PAYMENT_LINK
CASE_06062,CUST_06062,Donna Lopez,999,ABANDONED,NONE,1,0.47,0,True,SEND_PAYMENT_LINK
CASE_06063,CUST_06063,Patrick Long,4999,FAILED,BANK_ERROR,0,0.93,0,False,RETRY_PAYMENT
CASE_06064,CUST_06064,Emily Glover,4999,FAILED,NETWORK_ERROR,2,0.52,20,False,RETRY_PAYMENT
CASE_06065,CUST_06065,Angela Lewis,50000,FAILED,NETWORK_ERROR,2,0.73,0,False,RETRY_PAYMENT
CASE_06066,CUST_06066,Rebekah Bryant,7999,FAILED,TIMEOUT,1,0.37,5,False,SEND_PAYMENT_LINK
CASE_06067,CUST_06067,Amanda Dillon,9999,ABANDONED,NONE,2,0.78,0,True,SEND_PAYMENT_LINK
CASE_06068,CUST_06068,Misty Martin,1499,FAILED,CARD_DECLINED,0,0.46,20,False,SEND_PAYMENT_LINK
CASE_06069,CUST_06069,David Blake,100000,FAILED,CARD_DECLINED,0,0.55,0,False,ESCALATE_HUMAN
CASE_06070,CUST_06070,Cassandra Mueller,75000,FAILED,NETWORK_ERROR,1,0.65,15,False,ESCALATE_HUMAN
CASE_06071,CUST_06071,Taylor Moore,1499,FAILED,CARD_DECLINED,1,0.34,0,False,SEND_PAYMENT_LINK
CASE_06072,CUST_06072,Sandra Sanchez,75000,FAILED,INSUFFICIENT_FUNDS,1,0.66,10,False,ESCALATE_HUMAN
CASE_06073,CUST_06073,Timothy Leon,25000,FAILED,INSUFFICIENT_FUNDS,0,0.43,0,False,SEND_PAYMENT_LINK
CASE_06074,CUST_06074,Michael Gonzales,2499,FAILED,NETWORK_ERROR,1,0.66,10,False,SEND_PAYMENT_LINK
CASE_06075,CUST_06075,Mr. John Scott,9999,FAILED,BANK_ERROR,0,0.92,0,False,RETRY_PAYMENT
CASE_06076,CUST_06076,Sarah Webb,100000,FAILED,TIMEOUT,3,0.44,0,False,STOP
CASE_06077,CUST_06077,Adam Johnson,1499,FAILED,CARD_DECLINED,2,0.76,20,False,SEND_PAYMENT_LINK
CASE_06078,CUST_06078,Tracy Rodriguez,50000,ABANDONED,NONE,3,0.49,10,True,STOP
CASE_06079,CUST_06079,Stephanie Herman,25000,FAILED,CARD_DECLINED,1,0.57,0,False,SEND_PAYMENT_LINK
CASE_06080,CUST_06080,Anthony Nelson,2499,ABANDONED,NONE,3,0.91,15,True,STOP
CASE_06081,CUST_06081,Renee Novak MD,50000,FAILED,NETWORK_ERROR,2,0.97,0,False,RETRY_PAYMENT
CASE_06082,CUST_06082,Karen Douglas,7999,FAILED,BANK_ERROR,0,0.65,0,False,SEND_PAYMENT_LINK
CASE_06083,CUST_06083,Matthew Hill,999,FAILED,TIMEOUT,2,0.91,5,False,RETRY_PAYMENT
CASE_06084,CUST_06084,Nicole Mitchell,999,FAILED,NETWORK_ERROR,1,0.91,5,False,RETRY_PAYMENT
CASE_06085,CUST_06085,Brian Smith,4999,FAILED,CARD_DECLINED,2,0.95,0,False,SEND_PAYMENT_LINK
CASE_06086,CUST_06086,Samuel Watson,100000,FAILED,BANK_ERROR,2,0.52,20,False,ESCALATE_HUMAN
CASE_06087,CUST_06087,Mark Davis,15000,FAILED,BANK_ERROR,1,0.21,0,False,SEND_PAYMENT_LINK
CASE_06088,CUST_06088,Michael Lane,7999,FAILED,INSUFFICIENT_FUNDS,1,0.39,20,False,SEND_PAYMENT_LINK
CASE_06089,CUST_06089,Jasmine Anthony,15000,FAILED,NETWORK_ERROR,3,0.51,10,False,STOP
CASE_06090,CUST_06090,Jesse Vega III,1499,FAILED,CARD_DECLINED,3,0.71,20,False,STOP
CASE_06091,CUST_06091,Daniel Cook,100000,ABANDONED,NONE,3,0.44,45,True,STOP
CASE_06092,CUST_06092,Michael Ramirez,100000,ABANDONED,NONE,3,0.89,0,True,STOP
CASE_06093,CUST_06093,Amy Jones,499,ABANDONED,NONE,2,0.34,10,True,SEND_PAYMENT_LINK
CASE_06094,CUST_06094,Jennifer Rodriguez,100000,FAILED,TIMEOUT,1,0.87,0,False,ESCALATE_HUMAN
CASE_06095,CUST_06095,Kelly Noble,7999,FAILED,TIMEOUT,3,0.97,0,False,STOP
CASE_06096,CUST_06096,Alexander Malone,4999,ABANDONED,NONE,1,0.48,0,True,SEND_PAYMENT_LINK
CASE_06097,CUST_06097,Alexander Neal,9999,FAILED,INSUFFICIENT_FUNDS,0,0.55,45,False,ESCALATE_HUMAN
CASE_06098,CUST_06098,Melvin Allen,50000,FAILED,CARD_DECLINED,1,0.59,20,False,SEND_PAYMENT_LINK
CASE_06099,CUST_06099,Bryan Haney,100000,FAILED,CARD_DECLINED,2,0.76,5,False,ESCALATE_HUMAN
CASE_06100,CUST_06100,William Reed,25000,FAILED,CARD_DECLINED,1,0.84,45,False,ESCALATE_HUMAN
CASE_06101,CUST_06101,James Bond,50000,FAILED,NETWORK_ERROR,1,0.98,0,False,RETRY_PAYMENT
CASE_06102,CUST_06102,Miguel Wilson,15000,ABANDONED,NONE,0,0.58,0,True,SEND_PAYMENT_LINK
CASE_06103,CUST_06103,Catherine Lopez,4999,FAILED,BANK_ERROR,2,0.92,30,False,ESCALATE_HUMAN
CASE_06104,CUST_06104,David Martinez,75000,FAILED,TIMEOUT,2,0.66,0,False,ESCALATE_HUMAN
CASE_06105,CUST_06105,Peter Brown,999,ABANDONED,NONE,1,0.74,5,True,SEND_PAYMENT_LINK
CASE_06106,CUST_06106,Christopher Wright,7999,FAILED,INSUFFICIENT_FUNDS,3,0.78,15,False,STOP
CASE_06107,CUST_06107,Deanna Williams,499,ABANDONED,NONE,0,0.6,15,True,SEND_PAYMENT_LINK
CASE_06108,CUST_06108,Sarah Myers,499,FAILED,CARD_DECLINED,2,0.73,20,False,SEND_PAYMENT_LINK
CASE_06109,CUST_06109,John Cannon,2499,FAILED,NETWORK_ERROR,3,0.6,20,False,STOP
CASE_06110,CUST_06110,Joyce Chapman,1499,FAILED,BANK_ERROR,0,0.85,15,False,RETRY_PAYMENT
CASE_06111,CUST_06111,Tonya Johnson,999,FAILED,CARD_DECLINED,2,0.79,10,False,SEND_PAYMENT_LINK
CASE_06112,CUST_06112,Carrie Hill,100000,FAILED,BANK_ERROR,2,0.67,15,False,ESCALATE_HUMAN
CASE_06113,CUST_06113,Veronica Rose,999,FAILED,BANK_ERROR,0,0.79,0,False,RETRY_PAYMENT
CASE_06114,CUST_06114,Evelyn Brown,7999,FAILED,TIMEOUT,3,0.37,15,False,STOP
CASE_06115,CUST_06115,Melissa Diaz,999,FAILED,TIMEOUT,3,0.6,15,False,STOP
CASE_06116,CUST_06116,Emma Rush,999,FAILED,NETWORK_ERROR,1,0.52,15,False,SEND_PAYMENT_LINK
CASE_06117,CUST_06117,Michael Klein,499,FAILED,TIMEOUT,2,0.25,5,False,SEND_PAYMENT_LINK
CASE_06118,CUST_06118,William White,15000,FAILED,BANK_ERROR,1,0.41,20,False,SEND_PAYMENT_LINK
CASE_06119,CUST_06119,Adam Harrison,100000,ABANDONED,NONE,3,0.89,0,True,STOP
CASE_06120,CUST_06120,Casey Stanley,100000,FAILED,BANK_ERROR,1,0.71,45,False,ESCALATE_HUMAN
CASE_06121,CUST_06121,Michael Stevenson,999,FAILED,CARD_DECLINED,0,0.55,45,False,ESCALATE_HUMAN
CASE_06122,CUST_06122,James Holmes,50000,FAILED,INSUFFICIENT_FUNDS,2,0.74,15,False,SEND_PAYMENT_LINK
CASE_06123,CUST_06123,Matthew Castillo,999,FAILED,BANK_ERROR,3,0.8,20,False,STOP
CASE_06124,CUST_06124,Tiffany Newman,2499,ABANDONED,NONE,1,0.26,10,True,SEND_PAYMENT_LINK
CASE_06125,CUST_06125,Todd David,50000,FAILED,BANK_ERROR,0,0.92,45,False,ESCALATE_HUMAN
CASE_06126,CUST_06126,Adam Mcgee,25000,ABANDONED,NONE,1,0.98,0,True,SEND_PAYMENT_LINK
CASE_06127,CUST_06127,Carl Owen,9999,FAILED,CARD_DECLINED,2,0.74,0,False,SEND_PAYMENT_LINK
CASE_06128,CUST_06128,Sara Walker,499,FAILED,CARD_DECLINED,0,0.61,0,False,SEND_PAYMENT_LINK
CASE_06129,CUST_06129,Daniel Schultz,2499,ABANDONED,NONE,2,0.64,15,True,SEND_PAYMENT_LINK
CASE_06130,CUST_06130,Alexis Ramirez,100000,FAILED,TIMEOUT,0,0.3,45,False,ESCALATE_HUMAN
CASE_06131,CUST_06131,Ashley Harris,1499,FAILED,TIMEOUT,2,0.22,0,False,SEND_PAYMENT_LINK
CASE_06132,CUST_06132,Gabrielle Cruz,15000,FAILED,BANK_ERROR,2,0.98,0,False,RETRY_PAYMENT
CASE_06133,CUST_06133,Jessica Williams,9999,ABANDONED,NONE,3,0.71,5,True,STOP
CASE_06134,CUST_06134,Paul Black,1499,FAILED,INSUFFICIENT_FUNDS,3,0.89,0,False,STOP
CASE_06135,CUST_06135,Jason Cannon,2499,FAILED,TIMEOUT,2,0.35,10,False,SEND_PAYMENT_LINK
CASE_06136,CUST_06136,Kristin Craig,75000,ABANDONED,NONE,2,0.37,5,True,ESCALATE_HUMAN
CASE_06137,CUST_06137,Dillon Bowman,4999,FAILED,BANK_ERROR,0,0.23,15,False,SEND_PAYMENT_LINK
CASE_06138,CUST_06138,John Norton,999,FAILED,TIMEOUT,2,0.87,0,False,RETRY_PAYMENT
CASE_06139,CUST_06139,Jeffrey Baker,999,FAILED,INSUFFICIENT_FUNDS,0,0.36,5,False,SEND_PAYMENT_LINK
CASE_06140,CUST_06140,Mr. Brendan Stafford,7999,FAILED,INSUFFICIENT_FUNDS,3,0.66,0,False,STOP
CASE_06141,CUST_06141,Patricia Glenn,499,ABANDONED,NONE,1,0.75,0,True,SEND_PAYMENT_LINK
CASE_06142,CUST_06142,Julie Martin,75000,FAILED,CARD_DECLINED,2,0.54,30,False,ESCALATE_HUMAN
CASE_06143,CUST_06143,Darlene Price,1499,FAILED,NETWORK_ERROR,3,0.84,0,False,STOP
CASE_06144,CUST_06144,Donna Taylor DVM,100000,ABANDONED,NONE,3,0.59,30,True,STOP
CASE_06145,CUST_06145,Jeremy Garcia,100000,ABANDONED,NONE,2,0.89,5,True,ESCALATE_HUMAN
CASE_06146,CUST_06146,Jennifer Maxwell,25000,ABANDONED,NONE,3,0.73,0,True,STOP
CASE_06147,CUST_06147,Caitlin Norris,2499,FAILED,CARD_DECLINED,1,0.69,0,False,SEND_PAYMENT_LINK
CASE_06148,CUST_06148,Steven Smith,499,FAILED,CARD_DECLINED,3,0.38,10,False,STOP
CASE_06149,CUST_06149,Jennifer Villa,7999,FAILED,CARD_DECLINED,2,0.46,45,False,ESCALATE_HUMAN
CASE_06150,CUST_06150,Alexander Williams,9999,FAILED,NETWORK_ERROR,1,0.42,45,False,ESCALATE_HUMAN
CASE_06151,CUST_06151,Stuart Rangel,25000,FAILED,NETWORK_ERROR,3,0.82,0,False,STOP
CASE_06152,CUST_06152,Karen Jones,2499,FAILED,INSUFFICIENT_FUNDS,3,0.84,45,False,STOP
CASE_06153,CUST_06153,Linda Kelley,7999,FAILED,CARD_DECLINED,0,0.81,45,False,ESCALATE_HUMAN
CASE_06154,CUST_06154,Michael Valdez,75000,FAILED,BANK_ERROR,3,0.78,0,False,STOP
CASE_06155,CUST_06155,Michael Diaz,7999,FAILED,INSUFFICIENT_FUNDS,1,0.81,0,False,SEND_PAYMENT_LINK
CASE_06156,CUST_06156,Lisa Marsh,15000,FAILED,CARD_DECLINED,2,0.4,20,False,SEND_PAYMENT_LINK
CASE_06157,CUST_06157,Joseph White,2499,FAILED,NETWORK_ERROR,3,0.21,0,False,STOP
CASE_06158,CUST_06158,Alexander Browning,100000,ABANDONED,NONE,0,0.81,5,True,ESCALATE_HUMAN
CASE_06159,CUST_06159,Noah Lopez,15000,FAILED,BANK_ERROR,0,0.75,15,False,RETRY_PAYMENT
CASE_06160,CUST_06160,Amanda Jones,7999,FAILED,INSUFFICIENT_FUNDS,1,0.74,10,False,SEND_PAYMENT_LINK
CASE_06161,CUST_06161,James Miller,4999,FAILED,NETWORK_ERROR,3,0.56,45,False,STOP
CASE_06162,CUST_06162,Charles Freeman,25000,FAILED,BANK_ERROR,0,0.81,0,False,RETRY_PAYMENT
CASE_06163,CUST_06163,Nicole Lambert,100000,FAILED,NETWORK_ERROR,1,0.74,0,False,ESCALATE_HUMAN
CASE_06164,CUST_06164,Jon Johnson,4999,FAILED,CARD_DECLINED,2,0.6,0,False,SEND_PAYMENT_LINK
CASE_06165,CUST_06165,Bradley Alexander,999,FAILED,INSUFFICIENT_FUNDS,3,0.28,30,False,STOP
CASE_06166,CUST_06166,Vanessa Wyatt,7999,ABANDONED,NONE,0,0.91,10,True,SEND_PAYMENT_LINK
CASE_06167,CUST_06167,Jerry Brown,999,FAILED,INSUFFICIENT_FUNDS,3,0.53,0,False,STOP
CASE_06168,CUST_06168,Amy Graves,25000,ABANDONED,NONE,2,0.96,0,True,SEND_PAYMENT_LINK
CASE_06169,CUST_06169,Savannah Allen,9999,FAILED,INSUFFICIENT_FUNDS,2,0.86,30,False,ESCALATE_HUMAN
CASE_06170,CUST_06170,John Brown,499,FAILED,CARD_DECLINED,3,0.58,0,False,STOP
CASE_06171,CUST_06171,Laurie Nichols,499,FAILED,CARD_DECLINED,3,0.57,0,False,STOP
CASE_06172,CUST_06172,Jeremiah Mcmillan PhD,2499,FAILED,BANK_ERROR,2,0.57,0,False,SEND_PAYMENT_LINK
CASE_06173,CUST_06173,Timothy Brown,75000,FAILED,BANK_ERROR,0,0.57,0,False,ESCALATE_HUMAN
CASE_06174,CUST_06174,Jonathon Miller,4999,ABANDONED,NONE,3,0.82,30,True,STOP
CASE_06175,CUST_06175,Lindsey Powell,75000,FAILED,CARD_DECLINED,0,0.8,0,False,ESCALATE_HUMAN
CASE_06176,CUST_06176,Jonathan Vargas,4999,FAILED,CARD_DECLINED,0,0.84,30,False,ESCALATE_HUMAN
CASE_06177,CUST_06177,Stephen Rogers,50000,FAILED,INSUFFICIENT_FUNDS,3,0.87,0,False,STOP
CASE_06178,CUST_06178,Andrew Martinez,4999,ABANDONED,NONE,0,0.43,45,True,ESCALATE_HUMAN
CASE_06179,CUST_06179,Ralph Hernandez,999,FAILED,BANK_ERROR,0,0.27,20,False,SEND_PAYMENT_LINK
CASE_06180,CUST_06180,Kelsey Jenkins,4999,FAILED,BANK_ERROR,1,0.27,10,False,SEND_PAYMENT_LINK
CASE_06181,CUST_06181,Susan Anderson,7999,ABANDONED,NONE,2,0.28,0,True,SEND_PAYMENT_LINK
CASE_06182,CUST_06182,Regina Lowe,1499,ABANDONED,NONE,2,0.68,30,True,ESCALATE_HUMAN
CASE_06183,CUST_06183,Aaron Jones,499,FAILED,BANK_ERROR,2,0.39,30,False,ESCALATE_HUMAN
CASE_06184,CUST_06184,Christy Thompson,4999,FAILED,BANK_ERROR,2,0.91,30,False,ESCALATE_HUMAN
CASE_06185,CUST_06185,Dustin Taylor,4999,FAILED,INSUFFICIENT_FUNDS,1,0.5,15,False,SEND_PAYMENT_LINK
CASE_06186,CUST_06186,Helen Mayer,999,FAILED,BANK_ERROR,0,0.26,15,False,SEND_PAYMENT_LINK
CASE_06187,CUST_06187,Lisa Hensley,4999,FAILED,TIMEOUT,0,0.67,0,False,SEND_PAYMENT_LINK
CASE_06188,CUST_06188,Adrian Jackson,499,ABANDONED,NONE,0,0.59,5,True,SEND_PAYMENT_LINK
CASE_06189,CUST_06189,Sara Harris,100000,ABANDONED,NONE,1,0.24,0,True,ESCALATE_HUMAN
CASE_06190,CUST_06190,Patrick Carroll,7999,FAILED,BANK_ERROR,0,0.98,10,False,RETRY_PAYMENT
CASE_06191,CUST_06191,Samantha Andrade,4999,FAILED,NETWORK_ERROR,3,0.72,5,False,STOP
CASE_06192,CUST_06192,Peter Patel,100000,FAILED,BANK_ERROR,2,0.74,15,False,ESCALATE_HUMAN
CASE_06193,CUST_06193,Mr. Jeffrey Bennett,9999,FAILED,TIMEOUT,3,0.29,15,False,STOP
CASE_06194,CUST_06194,Richard Rodriguez,75000,FAILED,INSUFFICIENT_FUNDS,1,0.53,0,False,ESCALATE_HUMAN
CASE_06195,CUST_06195,Sara Shelton,25000,FAILED,INSUFFICIENT_FUNDS,2,0.37,15,False,SEND_PAYMENT_LINK
CASE_06196,CUST_06196,John Lutz MD,25000,FAILED,NETWORK_ERROR,1,0.78,15,False,RETRY_PAYMENT
CASE_06197,CUST_06197,Marissa Walker,499,FAILED,INSUFFICIENT_FUNDS,2,0.97,0,False,SEND_PAYMENT_LINK
CASE_06198,CUST_06198,Matthew Johnston,2499,FAILED,BANK_ERROR,2,0.64,5,False,SEND_PAYMENT_LINK
CASE_06199,CUST_06199,Jeffrey Chavez,25000,FAILED,BANK_ERROR,2,0.9,0,False,RETRY_PAYMENT
CASE_06200,CUST_06200,Cheryl Schmidt,25000,FAILED,INSUFFICIENT_FUNDS,0,0.94,30,False,ESCALATE_HUMAN
CASE_06201,CUST_06201,Tina Patrick,7999,FAILED,NETWORK_ERROR,0,0.67,30,False,ESCALATE_HUMAN
CASE_06202,CUST_06202,Roger Green,2499,FAILED,INSUFFICIENT_FUNDS,2,0.93,15,False,SEND_PAYMENT_LINK
CASE_06203,CUST_06203,Cindy Henderson,1499,FAILED,NETWORK_ERROR,3,0.59,10,False,STOP
CASE_06204,CUST_06204,Lydia Reynolds,4999,FAILED,CARD_DECLINED,3,0.41,5,False,STOP
CASE_06205,CUST_06205,Christopher Smith,499,FAILED,NETWORK_ERROR,2,0.85,0,False,RETRY_PAYMENT
CASE_06206,CUST_06206,Stephanie Jones,9999,FAILED,NETWORK_ERROR,1,0.51,45,False,ESCALATE_HUMAN
CASE_06207,CUST_06207,John Ross,9999,FAILED,NETWORK_ERROR,2,0.84,5,False,RETRY_PAYMENT
CASE_06208,CUST_06208,Kenneth Patterson,15000,ABANDONED,NONE,1,0.83,45,True,ESCALATE_HUMAN
CASE_06209,CUST_06209,Jimmy Klein,7999,FAILED,NETWORK_ERROR,0,0.67,0,False,RETRY_PAYMENT
CASE_06210,CUST_06210,Dale Holder,4999,FAILED,NETWORK_ERROR,1,0.89,10,False,RETRY_PAYMENT
CASE_06211,CUST_06211,Michelle Clark,7999,FAILED,CARD_DECLINED,3,0.23,20,False,STOP
CASE_06212,CUST_06212,Kevin Anderson,499,FAILED,BANK_ERROR,2,0.57,30,False,ESCALATE_HUMAN
CASE_06213,CUST_06213,Nicholas Jones,50000,FAILED,NETWORK_ERROR,1,0.49,0,False,SEND_PAYMENT_LINK
CASE_06214,CUST_06214,Shirley Gonzalez,100000,ABANDONED,NONE,2,0.36,20,True,ESCALATE_HUMAN
CASE_06215,CUST_06215,Michael Young,499,FAILED,BANK_ERROR,2,0.25,5,False,SEND_PAYMENT_LINK
CASE_06216,CUST_06216,Cynthia Adkins,100000,FAILED,BANK_ERROR,2,0.96,0,False,ESCALATE_HUMAN
CASE_06217,CUST_06217,Felicia Huang,15000,FAILED,BANK_ERROR,1,0.54,30,False,ESCALATE_HUMAN
CASE_06218,CUST_06218,Cynthia James,50000,FAILED,CARD_DECLINED,3,0.78,15,False,STOP
CASE_06219,CUST_06219,Mark Hurst,4999,FAILED,CARD_DECLINED,2,0.87,45,False,ESCALATE_HUMAN
CASE_06220,CUST_06220,Christina Ryan,999,FAILED,NETWORK_ERROR,1,0.78,30,False,ESCALATE_HUMAN
CASE_06221,CUST_06221,Allen Butler,100000,FAILED,BANK_ERROR,3,0.78,45,False,STOP
CASE_06222,CUST_06222,Nathan Burton,2499,FAILED,BANK_ERROR,2,0.92,0,False,RETRY_PAYMENT
CASE_06223,CUST_06223,Christopher Thomas,2499,FAILED,NETWORK_ERROR,1,0.58,0,False,RETRY_PAYMENT
CASE_06224,CUST_06224,Jamie Ross,4999,FAILED,INSUFFICIENT_FUNDS,0,0.42,20,False,SEND_PAYMENT_LINK
CASE_06225,CUST_06225,Brian Miller,7999,FAILED,TIMEOUT,0,0.33,20,False,SEND_PAYMENT_LINK
CASE_06226,CUST_06226,Ian Jacobs,2499,FAILED,TIMEOUT,0,0.48,0,False,SEND_PAYMENT_LINK
CASE_06227,CUST_06227,Valerie Bryant,100000,FAILED,CARD_DECLINED,1,0.23,10,False,ESCALATE_HUMAN
CASE_06228,CUST_06228,Theresa Bryan,75000,FAILED,CARD_DECLINED,2,0.34,45,False,ESCALATE_HUMAN
CASE_06229,CUST_06229,Michael Lynch,100000,FAILED,NETWORK_ERROR,3,0.59,10,False,STOP
CASE_06230,CUST_06230,Sarah Stevenson,1499,FAILED,CARD_DECLINED,1,0.45,10,False,SEND_PAYMENT_LINK
CASE_06231,CUST_06231,Miguel Payne,2499,FAILED,NETWORK_ERROR,1,0.79,0,False,RETRY_PAYMENT
CASE_06232,CUST_06232,Kristine Kim,100000,ABANDONED,NONE,1,0.69,0,True,ESCALATE_HUMAN
CASE_06233,CUST_06233,Maria Williamson,999,FAILED,TIMEOUT,0,0.21,20,False,SEND_PAYMENT_LINK
CASE_06234,CUST_06234,Mr. Miguel Blankenship DDS,499,ABANDONED,NONE,3,0.81,0,True,STOP
CASE_06235,CUST_06235,Justin Williams,4999,FAILED,INSUFFICIENT_FUNDS,3,0.97,20,False,STOP
CASE_06236,CUST_06236,Gary Scott,7999,FAILED,NETWORK_ERROR,0,0.49,15,False,SEND_PAYMENT_LINK
CASE_06237,CUST_06237,Jonathan Herrera,15000,FAILED,TIMEOUT,0,0.48,0,False,SEND_PAYMENT_LINK
CASE_06238,CUST_06238,Robert Williams,25000,FAILED,TIMEOUT,3,0.38,15,False,STOP
CASE_06239,CUST_06239,Rachel Hansen,499,ABANDONED,NONE,1,0.87,30,True,ESCALATE_HUMAN
CASE_06240,CUST_06240,Matthew Freeman,15000,FAILED,TIMEOUT,1,0.69,5,False,SEND_PAYMENT_LINK
CASE_06241,CUST_06241,Gloria Avila,4999,FAILED,INSUFFICIENT_FUNDS,2,0.24,0,False,SEND_PAYMENT_LINK
CASE_06242,CUST_06242,Erika Navarro,75000,ABANDONED,NONE,2,0.69,0,True,ESCALATE_HUMAN
CASE_06243,CUST_06243,Samuel Castillo,25000,FAILED,NETWORK_ERROR,0,0.2,0,False,SEND_PAYMENT_LINK
CASE_06244,CUST_06244,Raymond Watson,15000,FAILED,BANK_ERROR,0,0.65,30,False,ESCALATE_HUMAN
CASE_06245,CUST_06245,Ashley Ray,999,FAILED,TIMEOUT,2,0.48,5,False,SEND_PAYMENT_LINK
CASE_06246,CUST_06246,Doris Weeks,50000,FAILED,CARD_DECLINED,3,0.82,0,False,STOP
CASE_06247,CUST_06247,Ruben Coleman,2499,FAILED,TIMEOUT,2,0.85,45,False,ESCALATE_HUMAN
CASE_06248,CUST_06248,Kathleen Hansen,100000,ABANDONED,NONE,2,0.29,15,True,ESCALATE_HUMAN
CASE_06249,CUST_06249,Maria Fleming,15000,FAILED,BANK_ERROR,1,0.36,45,False,ESCALATE_HUMAN
CASE_06250,CUST_06250,Robert Robles,25000,FAILED,NETWORK_ERROR,0,0.91,10,False,RETRY_PAYMENT
CASE_06251,CUST_06251,Jordan Lopez,999,ABANDONED,NONE,2,0.21,10,True,SEND_PAYMENT_LINK
CASE_06252,CUST_06252,Gabrielle Wright,999,FAILED,TIMEOUT,0,0.55,45,False,ESCALATE_HUMAN
CASE_06253,CUST_06253,David Rodriguez,9999,ABANDONED,NONE,2,0.61,30,True,ESCALATE_HUMAN
CASE_06254,CUST_06254,Angela Garrett,7999,FAILED,CARD_DECLINED,2,0.96,0,False,SEND_PAYMENT_LINK
CASE_06255,CUST_06255,Sarah Smith,50000,FAILED,CARD_DECLINED,0,0.44,0,False,ESCALATE_HUMAN
CASE_06256,CUST_06256,April Smith,15000,FAILED,BANK_ERROR,3,0.53,10,False,STOP
CASE_06257,CUST_06257,George Murphy,75000,ABANDONED,NONE,1,0.56,45,True,ESCALATE_HUMAN
CASE_06258,CUST_06258,Anthony Palmer,9999,FAILED,TIMEOUT,0,0.43,0,False,SEND_PAYMENT_LINK
CASE_06259,CUST_06259,Bryce Cruz,499,FAILED,BANK_ERROR,2,0.81,15,False,RETRY_PAYMENT
CASE_06260,CUST_06260,Hector Watts,499,FAILED,NETWORK_ERROR,1,0.28,20,False,SEND_PAYMENT_LINK
CASE_06261,CUST_06261,Roy Smith,4999,FAILED,INSUFFICIENT_FUNDS,1,0.89,10,False,SEND_PAYMENT_LINK
CASE_06262,CUST_06262,Michael Kramer,999,ABANDONED,NONE,3,0.56,0,True,STOP
CASE_06263,CUST_06263,Barbara Walker,15000,ABANDONED,NONE,2,0.63,30,True,ESCALATE_HUMAN
CASE_06264,CUST_06264,Jessica Smith,4999,FAILED,TIMEOUT,0,0.52,20,False,RETRY_PAYMENT
CASE_06265,CUST_06265,Rachel Davidson,1499,ABANDONED,NONE,2,0.96,45,True,ESCALATE_HUMAN
CASE_06266,CUST_06266,Jeffrey Jones,15000,FAILED,CARD_DECLINED,3,0.63,15,False,STOP
CASE_06267,CUST_06267,Crystal Martinez,2499,ABANDONED,NONE,3,0.24,0,True,STOP
CASE_06268,CUST_06268,Joshua Newman,4999,FAILED,TIMEOUT,3,0.79,15,False,STOP
CASE_06269,CUST_06269,Ricardo Short,75000,FAILED,INSUFFICIENT_FUNDS,1,0.99,30,False,ESCALATE_HUMAN
CASE_06270,CUST_06270,Wayne Pollard,25000,FAILED,INSUFFICIENT_FUNDS,3,0.2,0,False,STOP
CASE_06271,CUST_06271,Erin Sanchez,15000,FAILED,NETWORK_ERROR,2,0.25,45,False,ESCALATE_HUMAN
CASE_06272,CUST_06272,William Gordon,15000,FAILED,NETWORK_ERROR,1,0.99,0,False,RETRY_PAYMENT
CASE_06273,CUST_06273,Jason Callahan,499,FAILED,BANK_ERROR,3,0.96,15,False,STOP
CASE_06274,CUST_06274,Robert Mitchell,15000,FAILED,BANK_ERROR,2,0.51,30,False,ESCALATE_HUMAN
CASE_06275,CUST_06275,Elizabeth Alexander,1499,FAILED,BANK_ERROR,1,0.2,45,False,ESCALATE_HUMAN
CASE_06276,CUST_06276,Linda Hawkins,7999,ABANDONED,NONE,2,0.83,0,True,SEND_PAYMENT_LINK
CASE_06277,CUST_06277,Kimberly Bradshaw,7999,FAILED,BANK_ERROR,2,0.35,20,False,SEND_PAYMENT_LINK
CASE_06278,CUST_06278,Terry Watkins,9999,FAILED,TIMEOUT,0,0.9,15,False,RETRY_PAYMENT
CASE_06279,CUST_06279,David Collins,15000,FAILED,NETWORK_ERROR,0,0.76,5,False,RETRY_PAYMENT
CASE_06280,CUST_06280,Patricia Brown,499,FAILED,INSUFFICIENT_FUNDS,0,0.86,5,False,SEND_PAYMENT_LINK
CASE_06281,CUST_06281,Elizabeth Baxter,75000,ABANDONED,NONE,2,0.72,0,True,ESCALATE_HUMAN
CASE_06282,CUST_06282,Stephanie Morales,50000,FAILED,NETWORK_ERROR,2,0.69,30,False,ESCALATE_HUMAN
CASE_06283,CUST_06283,Alex Hill,100000,ABANDONED,NONE,0,0.79,0,True,ESCALATE_HUMAN
CASE_06284,CUST_06284,Rebecca Soto,9999,FAILED,TIMEOUT,3,0.42,20,False,STOP
CASE_06285,CUST_06285,Melissa Guerrero,999,FAILED,BANK_ERROR,1,0.9,0,False,RETRY_PAYMENT
CASE_06286,CUST_06286,Robert Wells,499,FAILED,CARD_DECLINED,0,0.78,30,False,ESCALATE_HUMAN
CASE_06287,CUST_06287,Geoffrey Bennett,4999,FAILED,BANK_ERROR,3,0.65,0,False,STOP
CASE_06288,CUST_06288,Jay Nicholson,75000,ABANDONED,NONE,1,0.6,30,True,ESCALATE_HUMAN
CASE_06289,CUST_06289,Faith Cunningham,9999,FAILED,TIMEOUT,2,0.91,30,False,ESCALATE_HUMAN
CASE_06290,CUST_06290,Robert Freeman,4999,FAILED,INSUFFICIENT_FUNDS,2,0.98,45,False,ESCALATE_HUMAN
CASE_06291,CUST_06291,Luis Simmons,9999,ABANDONED,NONE,0,0.62,10,True,SEND_PAYMENT_LINK
CASE_06292,CUST_06292,Katie Li,25000,ABANDONED,NONE,2,0.25,0,True,SEND_PAYMENT_LINK
CASE_06293,CUST_06293,Chris Hunter,15000,FAILED,BANK_ERROR,0,0.4,45,False,ESCALATE_HUMAN
CASE_06294,CUST_06294,Rhonda Wilson,25000,ABANDONED,NONE,1,0.53,10,True,SEND_PAYMENT_LINK
CASE_06295,CUST_06295,Cynthia Spencer,75000,FAILED,TIMEOUT,1,0.31,5,False,ESCALATE_HUMAN
CASE_06296,CUST_06296,Nicholas Jackson,50000,FAILED,TIMEOUT,2,0.65,0,False,RETRY_PAYMENT
CASE_06297,CUST_06297,Brandon Pace,100000,FAILED,BANK_ERROR,1,0.73,0,False,ESCALATE_HUMAN
CASE_06298,CUST_06298,Mary Gregory,4999,FAILED,CARD_DECLINED,2,0.94,15,False,SEND_PAYMENT_LINK
CASE_06299,CUST_06299,Mathew Chen,9999,ABANDONED,NONE,3,0.26,10,True,STOP
CASE_06300,CUST_06300,Jennifer Craig,999,ABANDONED,NONE,3,0.51,10,True,STOP
CASE_06301,CUST_06301,Henry Moore,7999,ABANDONED,NONE,1,0.66,0,True,SEND_PAYMENT_LINK
CASE_06302,CUST_06302,Paul Smith,9999,FAILED,INSUFFICIENT_FUNDS,3,0.72,30,False,STOP
CASE_06303,CUST_06303,Kevin Gibson,75000,ABANDONED,NONE,3,0.95,30,True,STOP
CASE_06304,CUST_06304,Mr. Allen Wallace Jr.,100000,ABANDONED,NONE,3,0.52,10,True,STOP
CASE_06305,CUST_06305,Kyle Jones,15000,ABANDONED,NONE,0,0.65,0,True,SEND_PAYMENT_LINK
CASE_06306,CUST_06306,Tommy Hoffman,499,FAILED,BANK_ERROR,3,0.45,15,False,STOP
CASE_06307,CUST_06307,Clifford Valdez,1499,FAILED,NETWORK_ERROR,2,0.25,45,False,ESCALATE_HUMAN
CASE_06308,CUST_06308,James Cooper,25000,ABANDONED,NONE,1,0.67,45,True,ESCALATE_HUMAN
CASE_06309,CUST_06309,Andrew Dawson,15000,FAILED,NETWORK_ERROR,2,0.44,10,False,SEND_PAYMENT_LINK
CASE_06310,CUST_06310,Dylan Patel,1499,FAILED,TIMEOUT,3,0.26,45,False,STOP
CASE_06311,CUST_06311,Ronald Herrera,7999,FAILED,NETWORK_ERROR,1,0.68,45,False,ESCALATE_HUMAN
CASE_06312,CUST_06312,Louis Brooks,15000,FAILED,CARD_DECLINED,3,0.83,10,False,STOP
CASE_06313,CUST_06313,Julia Simmons,499,FAILED,NETWORK_ERROR,3,0.31,20,False,STOP
CASE_06314,CUST_06314,Eric Lee,9999,FAILED,CARD_DECLINED,0,0.4,0,False,SEND_PAYMENT_LINK
CASE_06315,CUST_06315,Danielle Pierce,4999,FAILED,TIMEOUT,1,0.27,5,False,SEND_PAYMENT_LINK
CASE_06316,CUST_06316,Andrew Alvarado,50000,FAILED,BANK_ERROR,0,0.92,0,False,RETRY_PAYMENT
CASE_06317,CUST_06317,Kaitlyn Jones,999,FAILED,TIMEOUT,3,0.48,45,False,STOP
CASE_06318,CUST_06318,Julia Welch,25000,FAILED,INSUFFICIENT_FUNDS,3,0.46,0,False,STOP
CASE_06319,CUST_06319,Chelsea Crane,100000,FAILED,INSUFFICIENT_FUNDS,1,0.66,0,False,ESCALATE_HUMAN
CASE_06320,CUST_06320,Veronica Cooper,7999,FAILED,INSUFFICIENT_FUNDS,1,0.53,30,False,ESCALATE_HUMAN
CASE_06321,CUST_06321,Joshua Zavala,4999,FAILED,NETWORK_ERROR,1,0.45,30,False,ESCALATE_HUMAN
CASE_06322,CUST_06322,Brian Wong,50000,FAILED,CARD_DECLINED,3,0.77,0,False,STOP
CASE_06323,CUST_06323,Rachel Lee,75000,FAILED,INSUFFICIENT_FUNDS,2,0.98,20,False,ESCALATE_HUMAN
CASE_06324,CUST_06324,Melissa Hunter,50000,ABANDONED,NONE,1,0.73,5,True,SEND_PAYMENT_LINK
CASE_06325,CUST_06325,Douglas Schultz,25000,FAILED,CARD_DECLINED,3,0.73,0,False,STOP
CASE_06326,CUST_06326,Andrea Collins,15000,FAILED,INSUFFICIENT_FUNDS,3,0.92,0,False,STOP
CASE_06327,CUST_06327,Christine Lindsey,50000,FAILED,NETWORK_ERROR,1,0.41,20,False,SEND_PAYMENT_LINK
CASE_06328,CUST_06328,Margaret Taylor,50000,FAILED,NETWORK_ERROR,3,0.76,0,False,STOP
CASE_06329,CUST_06329,Julie Martinez,50000,FAILED,NETWORK_ERROR,2,0.31,45,False,ESCALATE_HUMAN
CASE_06330,CUST_06330,Ashley Fuller,7999,FAILED,NETWORK_ERROR,3,0.35,30,False,STOP
CASE_06331,CUST_06331,Paul Woodard,50000,FAILED,TIMEOUT,0,0.3,30,False,ESCALATE_HUMAN
CASE_06332,CUST_06332,Joseph Cook,999,FAILED,CARD_DECLINED,2,0.88,0,False,SEND_PAYMENT_LINK
CASE_06333,CUST_06333,Karen Jennings,499,FAILED,CARD_DECLINED,3,0.33,0,False,STOP
CASE_06334,CUST_06334,Ashley Palmer,999,FAILED,TIMEOUT,0,0.71,15,False,SEND_PAYMENT_LINK
CASE_06335,CUST_06335,Angela Yoder,9999,FAILED,INSUFFICIENT_FUNDS,2,0.53,0,False,SEND_PAYMENT_LINK
CASE_06336,CUST_06336,Craig Little,1499,FAILED,TIMEOUT,3,0.47,20,False,STOP
CASE_06337,CUST_06337,George Hall,2499,FAILED,CARD_DECLINED,1,0.99,15,False,SEND_PAYMENT_LINK
CASE_06338,CUST_06338,Lisa Hudson,499,FAILED,INSUFFICIENT_FUNDS,1,0.79,20,False,SEND_PAYMENT_LINK
CASE_06339,CUST_06339,Elizabeth Brown,1499,FAILED,BANK_ERROR,0,0.96,0,False,RETRY_PAYMENT
CASE_06340,CUST_06340,Deborah Obrien,2499,FAILED,NETWORK_ERROR,2,0.45,45,False,ESCALATE_HUMAN
CASE_06341,CUST_06341,Laura Mcgee,4999,FAILED,INSUFFICIENT_FUNDS,1,0.25,10,False,SEND_PAYMENT_LINK
CASE_06342,CUST_06342,Warren Jimenez,25000,FAILED,BANK_ERROR,2,0.24,10,False,SEND_PAYMENT_LINK
CASE_06343,CUST_06343,Veronica James,7999,FAILED,CARD_DECLINED,1,0.79,5,False,SEND_PAYMENT_LINK
CASE_06344,CUST_06344,Shannon Walls,1499,FAILED,CARD_DECLINED,3,0.22,10,False,STOP
CASE_06345,CUST_06345,Jeremy Fox,4999,FAILED,INSUFFICIENT_FUNDS,1,0.27,0,False,SEND_PAYMENT_LINK
CASE_06346,CUST_06346,Daniel George,15000,ABANDONED,NONE,0,0.74,0,True,SEND_PAYMENT_LINK
CASE_06347,CUST_06347,Jacqueline Pollard,2499,FAILED,BANK_ERROR,1,0.81,30,False,ESCALATE_HUMAN
CASE_06348,CUST_06348,Michael Stevens,15000,FAILED,NETWORK_ERROR,3,0.48,10,False,STOP
CASE_06349,CUST_06349,Michael Morris,15000,ABANDONED,NONE,0,0.55,30,True,ESCALATE_HUMAN
CASE_06350,CUST_06350,Brittany Lyons,7999,ABANDONED,NONE,1,0.47,10,True,SEND_PAYMENT_LINK
CASE_06351,CUST_06351,Donna Brooks,25000,FAILED,INSUFFICIENT_FUNDS,3,0.95,0,False,STOP
CASE_06352,CUST_06352,Michelle Maxwell,9999,ABANDONED,NONE,3,0.28,5,True,STOP
CASE_06353,CUST_06353,Jerry Owen,50000,FAILED,CARD_DECLINED,1,0.69,0,False,SEND_PAYMENT_LINK
CASE_06354,CUST_06354,Andrea Brennan,499,FAILED,TIMEOUT,2,0.25,0,False,SEND_PAYMENT_LINK
CASE_06355,CUST_06355,Brandon Martinez,2499,FAILED,BANK_ERROR,1,0.66,20,False,RETRY_PAYMENT
CASE_06356,CUST_06356,Tyler Graves II,50000,FAILED,CARD_DECLINED,1,0.91,30,False,ESCALATE_HUMAN
CASE_06357,CUST_06357,Jessica Vasquez,15000,FAILED,BANK_ERROR,0,0.87,0,False,RETRY_PAYMENT
CASE_06358,CUST_06358,Jenna Smith,2499,ABANDONED,NONE,0,0.75,0,True,SEND_PAYMENT_LINK
CASE_06359,CUST_06359,Jennifer Bryant,1499,ABANDONED,NONE,2,0.68,15,True,SEND_PAYMENT_LINK
CASE_06360,CUST_06360,Brenda Salinas,7999,ABANDONED,NONE,0,0.96,0,True,SEND_PAYMENT_LINK
CASE_06361,CUST_06361,Benjamin Grant,999,FAILED,NETWORK_ERROR,1,0.99,0,False,RETRY_PAYMENT
CASE_06362,CUST_06362,Robert Woods,100000,ABANDONED,NONE,2,0.68,0,True,ESCALATE_HUMAN
CASE_06363,CUST_06363,Kristina Williams,499,FAILED,INSUFFICIENT_FUNDS,1,0.52,5,False,SEND_PAYMENT_LINK
CASE_06364,CUST_06364,Whitney Johnson,9999,FAILED,INSUFFICIENT_FUNDS,2,0.37,0,False,SEND_PAYMENT_LINK
CASE_06365,CUST_06365,Rachel Jones,100000,ABANDONED,NONE,0,0.4,0,True,ESCALATE_HUMAN
CASE_06366,CUST_06366,Sydney Morse,100000,FAILED,TIMEOUT,3,0.7,0,False,STOP
CASE_06367,CUST_06367,Catherine Holmes,15000,ABANDONED,NONE,1,0.46,30,True,ESCALATE_HUMAN
CASE_06368,CUST_06368,Curtis Alvarez,25000,FAILED,CARD_DECLINED,3,0.94,15,False,STOP
CASE_06369,CUST_06369,James Perry,75000,ABANDONED,NONE,0,0.25,5,True,ESCALATE_HUMAN
CASE_06370,CUST_06370,Stephen Rhodes,2499,FAILED,BANK_ERROR,0,0.21,0,False,SEND_PAYMENT_LINK
CASE_06371,CUST_06371,Lisa Cook,499,ABANDONED,NONE,1,0.71,0,True,SEND_PAYMENT_LINK
CASE_06372,CUST_06372,Cynthia Buck,7999,ABANDONED,NONE,3,0.95,15,True,STOP
CASE_06373,CUST_06373,Erin Davis,4999,ABANDONED,NONE,2,0.64,0,True,SEND_PAYMENT_LINK
CASE_06374,CUST_06374,Brandy Jennings,15000,FAILED,CARD_DECLINED,2,0.97,0,False,SEND_PAYMENT_LINK
CASE_06375,CUST_06375,Christina Frazier,2499,FAILED,INSUFFICIENT_FUNDS,3,0.71,5,False,STOP
CASE_06376,CUST_06376,Melissa Young,1499,FAILED,NETWORK_ERROR,2,0.72,20,False,SEND_PAYMENT_LINK
CASE_06377,CUST_06377,Matthew Hendricks,25000,FAILED,TIMEOUT,2,0.44,20,False,SEND_PAYMENT_LINK
CASE_06378,CUST_06378,Lisa Wheeler,100000,FAILED,INSUFFICIENT_FUNDS,0,0.57,30,False,ESCALATE_HUMAN
CASE_06379,CUST_06379,Jessica Cook,2499,FAILED,TIMEOUT,2,0.29,30,False,ESCALATE_HUMAN
CASE_06380,CUST_06380,Brian Ellison,9999,ABANDONED,NONE,2,0.76,15,True,SEND_PAYMENT_LINK
CASE_06381,CUST_06381,Christopher Powell,50000,ABANDONED,NONE,2,0.83,0,True,SEND_PAYMENT_LINK
CASE_06382,CUST_06382,Breanna Archer,499,FAILED,BANK_ERROR,3,0.8,0,False,STOP
CASE_06383,CUST_06383,Mary Murray,1499,ABANDONED,NONE,2,0.61,0,True,SEND_PAYMENT_LINK
CASE_06384,CUST_06384,Karen Harvey,999,FAILED,CARD_DECLINED,1,0.35,0,False,SEND_PAYMENT_LINK
CASE_06385,CUST_06385,David Mckinney,7999,FAILED,INSUFFICIENT_FUNDS,2,0.48,15,False,SEND_PAYMENT_LINK
CASE_06386,CUST_06386,William Richardson,100000,FAILED,NETWORK_ERROR,1,0.38,20,False,ESCALATE_HUMAN
CASE_06387,CUST_06387,Austin Padilla,9999,FAILED,INSUFFICIENT_FUNDS,0,0.43,20,False,SEND_PAYMENT_LINK
CASE_06388,CUST_06388,Thomas Lopez,4999,FAILED,TIMEOUT,1,0.7,30,False,ESCALATE_HUMAN
CASE_06389,CUST_06389,Samuel Smith,499,FAILED,BANK_ERROR,3,0.32,45,False,STOP
CASE_06390,CUST_06390,Joel Pittman,1499,FAILED,TIMEOUT,1,0.49,0,False,SEND_PAYMENT_LINK
CASE_06391,CUST_06391,Erica Collins,4999,FAILED,CARD_DECLINED,1,0.33,15,False,SEND_PAYMENT_LINK
CASE_06392,CUST_06392,Manuel Morrison,499,FAILED,INSUFFICIENT_FUNDS,3,0.92,45,False,STOP
CASE_06393,CUST_06393,Peter Thomas,4999,FAILED,NETWORK_ERROR,3,0.74,15,False,STOP
CASE_06394,CUST_06394,Tracy Hernandez,2499,FAILED,CARD_DECLINED,3,0.63,5,False,STOP
CASE_06395,CUST_06395,Diana Curry,75000,FAILED,NETWORK_ERROR,3,0.57,0,False,STOP
CASE_06396,CUST_06396,Christian Johnson,499,ABANDONED,NONE,1,0.45,20,True,SEND_PAYMENT_LINK
CASE_06397,CUST_06397,Amanda Wilson,9999,ABANDONED,NONE,3,0.69,45,True,STOP
CASE_06398,CUST_06398,Edward Moore,2499,ABANDONED,NONE,0,0.74,10,True,SEND_PAYMENT_LINK
CASE_06399,CUST_06399,William Bernard,2499,ABANDONED,NONE,1,0.9,15,True,SEND_PAYMENT_LINK
CASE_06400,CUST_06400,Kyle Savage,100000,FAILED,CARD_DECLINED,2,0.47,0,False,ESCALATE_HUMAN
CASE_06401,CUST_06401,Gregory Walker,7999,ABANDONED,NONE,1,0.66,0,True,SEND_PAYMENT_LINK
CASE_06402,CUST_06402,Kelly Carter,9999,ABANDONED,NONE,1,0.37,0,True,SEND_PAYMENT_LINK
CASE_06403,CUST_06403,Michelle Byrd,7999,ABANDONED,NONE,1,0.59,10,True,SEND_PAYMENT_LINK
CASE_06404,CUST_06404,Randy Reynolds,100000,ABANDONED,NONE,1,0.58,0,True,ESCALATE_HUMAN
CASE_06405,CUST_06405,John Wallace,100000,FAILED,NETWORK_ERROR,1,0.35,5,False,ESCALATE_HUMAN
CASE_06406,CUST_06406,Annette Barnett,4999,FAILED,NETWORK_ERROR,3,0.52,0,False,STOP
CASE_06407,CUST_06407,Brandon Walls,7999,FAILED,INSUFFICIENT_FUNDS,3,0.27,0,False,STOP
CASE_06408,CUST_06408,William Noble,9999,ABANDONED,NONE,1,0.6,45,True,ESCALATE_HUMAN
CASE_06409,CUST_06409,Amy Jackson,9999,ABANDONED,NONE,1,0.42,10,True,SEND_PAYMENT_LINK
CASE_06410,CUST_06410,Renee Black,50000,FAILED,TIMEOUT,1,0.74,15,False,RETRY_PAYMENT
CASE_06411,CUST_06411,Holly Black,9999,FAILED,NETWORK_ERROR,0,0.38,10,False,SEND_PAYMENT_LINK
CASE_06412,CUST_06412,Cynthia Drake,4999,FAILED,CARD_DECLINED,1,0.76,5,False,SEND_PAYMENT_LINK
CASE_06413,CUST_06413,Richard Hudson,999,FAILED,CARD_DECLINED,0,0.3,5,False,SEND_PAYMENT_LINK
CASE_06414,CUST_06414,Mindy Torres,4999,ABANDONED,NONE,3,0.67,0,True,STOP
CASE_06415,CUST_06415,Kimberly Alvarez,75000,FAILED,NETWORK_ERROR,3,0.68,5,False,STOP
CASE_06416,CUST_06416,Danielle Tucker,75000,FAILED,TIMEOUT,1,0.33,0,False,ESCALATE_HUMAN
CASE_06417,CUST_06417,Robert Rosario,999,ABANDONED,NONE,1,0.28,15,True,SEND_PAYMENT_LINK
CASE_06418,CUST_06418,Teresa Moore,1499,FAILED,TIMEOUT,1,0.39,0,False,SEND_PAYMENT_LINK
CASE_06419,CUST_06419,Henry Soto,7999,FAILED,BANK_ERROR,0,0.94,5,False,RETRY_PAYMENT
CASE_06420,CUST_06420,Nancy Tanner,9999,FAILED,TIMEOUT,2,0.81,45,False,ESCALATE_HUMAN
CASE_06421,CUST_06421,Joseph Anderson,1499,FAILED,BANK_ERROR,3,0.24,5,False,STOP
CASE_06422,CUST_06422,Richard Olson,999,ABANDONED,NONE,3,0.35,0,True,STOP
CASE_06423,CUST_06423,Jason Bauer,1499,FAILED,CARD_DECLINED,0,0.92,5,False,SEND_PAYMENT_LINK
CASE_06424,CUST_06424,Kristin Heath,999,ABANDONED,NONE,3,0.71,20,True,STOP
CASE_06425,CUST_06425,Grant Graham,50000,FAILED,TIMEOUT,0,0.75,0,False,RETRY_PAYMENT
CASE_06426,CUST_06426,Joshua Sanders,15000,ABANDONED,NONE,2,0.87,5,True,SEND_PAYMENT_LINK
CASE_06427,CUST_06427,Jaime Kelly,1499,FAILED,INSUFFICIENT_FUNDS,1,0.41,5,False,SEND_PAYMENT_LINK
CASE_06428,CUST_06428,Stacy Glass,25000,ABANDONED,NONE,0,0.5,0,True,SEND_PAYMENT_LINK
CASE_06429,CUST_06429,Sarah Navarro,7999,FAILED,NETWORK_ERROR,2,0.55,0,False,RETRY_PAYMENT
CASE_06430,CUST_06430,Randall Brown,75000,FAILED,CARD_DECLINED,3,0.21,30,False,STOP
CASE_06431,CUST_06431,David Mcbride,1499,FAILED,TIMEOUT,2,0.24,5,False,SEND_PAYMENT_LINK
CASE_06432,CUST_06432,Kendra Cox,75000,FAILED,CARD_DECLINED,1,0.43,0,False,ESCALATE_HUMAN
CASE_06433,CUST_06433,Toni Lin,1499,FAILED,BANK_ERROR,0,0.5,0,False,RETRY_PAYMENT
CASE_06434,CUST_06434,David Jones,50000,FAILED,BANK_ERROR,2,0.76,45,False,ESCALATE_HUMAN
CASE_06435,CUST_06435,Jason Ramsey,2499,FAILED,INSUFFICIENT_FUNDS,1,0.77,20,False,SEND_PAYMENT_LINK
CASE_06436,CUST_06436,Jeffrey Daniels,1499,FAILED,BANK_ERROR,0,0.91,0,False,RETRY_PAYMENT
CASE_06437,CUST_06437,Kaitlyn Potts MD,2499,FAILED,TIMEOUT,3,0.57,15,False,STOP
CASE_06438,CUST_06438,Jeffrey Mahoney,100000,FAILED,BANK_ERROR,1,0.33,20,False,ESCALATE_HUMAN
CASE_06439,CUST_06439,Nancy Herrera,15000,FAILED,TIMEOUT,0,0.52,45,False,ESCALATE_HUMAN
CASE_06440,CUST_06440,John Young,999,FAILED,NETWORK_ERROR,3,0.84,45,False,STOP
CASE_06441,CUST_06441,Jill Jones,9999,FAILED,CARD_DECLINED,0,0.34,0,False,SEND_PAYMENT_LINK
CASE_06442,CUST_06442,Susan Torres,7999,FAILED,CARD_DECLINED,3,0.9,0,False,STOP
CASE_06443,CUST_06443,Jennifer Glover,9999,ABANDONED,NONE,1,0.82,0,True,SEND_PAYMENT_LINK
CASE_06444,CUST_06444,Hannah Leonard,1499,FAILED,CARD_DECLINED,2,0.27,15,False,SEND_PAYMENT_LINK
CASE_06445,CUST_06445,Vanessa Duncan,2499,FAILED,INSUFFICIENT_FUNDS,0,0.49,5,False,SEND_PAYMENT_LINK
CASE_06446,CUST_06446,David Brown,999,FAILED,TIMEOUT,0,0.73,0,False,RETRY_PAYMENT
CASE_06447,CUST_06447,Stephanie Medina,7999,FAILED,CARD_DECLINED,2,0.6,0,False,SEND_PAYMENT_LINK
CASE_06448,CUST_06448,Laura Cruz,25000,FAILED,NETWORK_ERROR,3,0.56,5,False,STOP
CASE_06449,CUST_06449,Jamie Griffin,15000,FAILED,NETWORK_ERROR,3,0.69,0,False,STOP
CASE_06450,CUST_06450,Brian Bonilla,100000,FAILED,CARD_DECLINED,1,1.0,30,False,ESCALATE_HUMAN
CASE_06451,CUST_06451,Corey Miller,9999,FAILED,INSUFFICIENT_FUNDS,0,0.47,45,False,ESCALATE_HUMAN
CASE_06452,CUST_06452,Monica Gonzalez,2499,FAILED,INSUFFICIENT_FUNDS,0,0.27,0,False,SEND_PAYMENT_LINK
CASE_06453,CUST_06453,Richard Rice,15000,FAILED,NETWORK_ERROR,3,0.39,0,False,STOP
CASE_06454,CUST_06454,John Caldwell,25000,FAILED,CARD_DECLINED,0,0.29,45,False,ESCALATE_HUMAN
CASE_06455,CUST_06455,Tanya Delacruz,2499,FAILED,TIMEOUT,2,0.29,0,False,SEND_PAYMENT_LINK
CASE_06456,CUST_06456,Brittany Mcdonald,999,FAILED,INSUFFICIENT_FUNDS,0,0.54,5,False,SEND_PAYMENT_LINK
CASE_06457,CUST_06457,Dennis Mccoy,9999,FAILED,TIMEOUT,0,0.49,0,False,SEND_PAYMENT_LINK
CASE_06458,CUST_06458,Shannon Rios,4999,FAILED,NETWORK_ERROR,2,0.25,30,False,ESCALATE_HUMAN
CASE_06459,CUST_06459,Mark Smith,75000,FAILED,NETWORK_ERROR,0,0.78,30,False,ESCALATE_HUMAN
CASE_06460,CUST_06460,Cody Giles,499,ABANDONED,NONE,2,0.63,30,True,ESCALATE_HUMAN
CASE_06461,CUST_06461,Brett Martin,50000,ABANDONED,NONE,3,0.96,0,True,STOP
CASE_06462,CUST_06462,Wendy Dixon,1499,FAILED,TIMEOUT,3,0.79,0,False,STOP
CASE_06463,CUST_06463,Andrea Warren,4999,FAILED,CARD_DECLINED,0,0.95,45,False,ESCALATE_HUMAN
CASE_06464,CUST_06464,Jeffery Scott,75000,FAILED,CARD_DECLINED,0,0.93,0,False,ESCALATE_HUMAN
CASE_06465,CUST_06465,Jesse Collins,4999,FAILED,NETWORK_ERROR,3,0.84,20,False,STOP
CASE_06466,CUST_06466,Jordan Black,15000,ABANDONED,NONE,3,0.92,15,True,STOP
CASE_06467,CUST_06467,Cynthia Carr,1499,FAILED,CARD_DECLINED,3,0.79,0,False,STOP
CASE_06468,CUST_06468,Jason Hernandez,15000,FAILED,CARD_DECLINED,1,0.83,30,False,ESCALATE_HUMAN
CASE_06469,CUST_06469,Taylor Murphy,9999,FAILED,INSUFFICIENT_FUNDS,0,0.95,30,False,ESCALATE_HUMAN
CASE_06470,CUST_06470,Terry Morales,15000,FAILED,BANK_ERROR,1,0.73,45,False,ESCALATE_HUMAN
CASE_06471,CUST_06471,Amber Rodriguez,499,FAILED,INSUFFICIENT_FUNDS,1,0.44,45,False,ESCALATE_HUMAN
CASE_06472,CUST_06472,Jeffrey Bradley,1499,ABANDONED,NONE,3,0.73,15,True,STOP
CASE_06473,CUST_06473,Dawn Jones,2499,FAILED,TIMEOUT,2,0.71,0,False,RETRY_PAYMENT
CASE_06474,CUST_06474,Dennis Bailey,25000,ABANDONED,NONE,1,0.49,45,True,ESCALATE_HUMAN
CASE_06475,CUST_06475,Nicole Fisher,15000,FAILED,NETWORK_ERROR,1,0.7,5,False,RETRY_PAYMENT
CASE_06476,CUST_06476,Carlos Donaldson,100000,FAILED,NETWORK_ERROR,0,0.33,10,False,ESCALATE_HUMAN
CASE_06477,CUST_06477,Tina Brooks,499,FAILED,CARD_DECLINED,3,0.73,5,False,STOP
CASE_06478,CUST_06478,Joshua Ross,100000,FAILED,NETWORK_ERROR,2,0.63,10,False,ESCALATE_HUMAN
CASE_06479,CUST_06479,Corey Young,1499,ABANDONED,NONE,1,0.67,5,True,SEND_PAYMENT_LINK
CASE_06480,CUST_06480,Jessica Wilson,7999,ABANDONED,NONE,2,0.3,5,True,SEND_PAYMENT_LINK
CASE_06481,CUST_06481,Dorothy Hernandez,50000,FAILED,CARD_DECLINED,3,0.73,20,False,STOP
CASE_06482,CUST_06482,Anita Wheeler,1499,FAILED,NETWORK_ERROR,1,0.47,5,False,SEND_PAYMENT_LINK
CASE_06483,CUST_06483,Reginald Pearson,2499,FAILED,TIMEOUT,3,0.7,0,False,STOP
CASE_06484,CUST_06484,Lindsay George,999,ABANDONED,NONE,3,0.36,10,True,STOP
CASE_06485,CUST_06485,Kelly Arnold,499,FAILED,INSUFFICIENT_FUNDS,1,0.27,20,False,SEND_PAYMENT_LINK
CASE_06486,CUST_06486,Victoria Rodriguez,100000,FAILED,INSUFFICIENT_FUNDS,2,0.34,20,False,ESCALATE_HUMAN
CASE_06487,CUST_06487,James Young II,2499,ABANDONED,NONE,1,0.84,45,True,ESCALATE_HUMAN
CASE_06488,CUST_06488,Keith Collins,25000,ABANDONED,NONE,1,0.91,5,True,SEND_PAYMENT_LINK
CASE_06489,CUST_06489,Kimberly Cox,7999,ABANDONED,NONE,0,0.43,10,True,SEND_PAYMENT_LINK
CASE_06490,CUST_06490,Johnny Foster,7999,FAILED,TIMEOUT,2,0.36,10,False,SEND_PAYMENT_LINK
CASE_06491,CUST_06491,Megan Williams,1499,FAILED,TIMEOUT,0,0.57,10,False,SEND_PAYMENT_LINK
CASE_06492,CUST_06492,Jason Fisher,4999,FAILED,CARD_DECLINED,2,0.58,10,False,SEND_PAYMENT_LINK
CASE_06493,CUST_06493,Michael Lara,1499,FAILED,CARD_DECLINED,2,0.34,10,False,SEND_PAYMENT_LINK
CASE_06494,CUST_06494,Tiffany Butler,9999,FAILED,CARD_DECLINED,0,0.92,0,False,SEND_PAYMENT_LINK
CASE_06495,CUST_06495,Mackenzie Owens,1499,FAILED,TIMEOUT,3,0.42,30,False,STOP
CASE_06496,CUST_06496,Anthony King,75000,FAILED,INSUFFICIENT_FUNDS,3,0.43,45,False,STOP
CASE_06497,CUST_06497,Kyle Brown,15000,FAILED,INSUFFICIENT_FUNDS,3,0.78,15,False,STOP
CASE_06498,CUST_06498,Kiara Barker,2499,ABANDONED,NONE,2,0.81,0,True,SEND_PAYMENT_LINK
CASE_06499,CUST_06499,Tiffany Harrington,7999,FAILED,TIMEOUT,0,0.57,0,False,RETRY_PAYMENT
CASE_06500,CUST_06500,April Myers,75000,FAILED,CARD_DECLINED,1,0.89,30,False,ESCALATE_HUMAN
CASE_06501,CUST_06501,Samuel Black,50000,FAILED,BANK_ERROR,0,0.47,30,False,ESCALATE_HUMAN
CASE_06502,CUST_06502,Jason Patterson,25000,FAILED,INSUFFICIENT_FUNDS,2,0.79,0,False,SEND_PAYMENT_LINK
CASE_06503,CUST_06503,Mr. Benjamin Allen Jr.,499,FAILED,BANK_ERROR,2,0.52,10,False,SEND_PAYMENT_LINK
CASE_06504,CUST_06504,Karen Bates,2499,ABANDONED,NONE,3,0.95,10,True,STOP
CASE_06505,CUST_06505,Stephen Scott,2499,FAILED,TIMEOUT,2,0.71,0,False,RETRY_PAYMENT
CASE_06506,CUST_06506,Julie Bonilla,100000,ABANDONED,NONE,0,0.78,20,True,ESCALATE_HUMAN
CASE_06507,CUST_06507,Emily Shannon,50000,ABANDONED,NONE,1,0.8,10,True,SEND_PAYMENT_LINK
CASE_06508,CUST_06508,Thomas Noble,50000,FAILED,BANK_ERROR,0,0.62,30,False,ESCALATE_HUMAN
CASE_06509,CUST_06509,Sheila Perry,50000,FAILED,NETWORK_ERROR,2,0.21,0,False,SEND_PAYMENT_LINK
CASE_06510,CUST_06510,Eugene Gomez,4999,ABANDONED,NONE,0,0.48,0,True,SEND_PAYMENT_LINK
CASE_06511,CUST_06511,Philip Solis,999,FAILED,BANK_ERROR,2,0.2,5,False,SEND_PAYMENT_LINK
CASE_06512,CUST_06512,Bryan Stone,999,ABANDONED,NONE,0,0.2,10,True,SEND_PAYMENT_LINK
CASE_06513,CUST_06513,Robert Powell,499,FAILED,NETWORK_ERROR,1,0.65,45,False,ESCALATE_HUMAN
CASE_06514,CUST_06514,Brianna Gonzalez,9999,FAILED,BANK_ERROR,0,0.94,0,False,RETRY_PAYMENT
CASE_06515,CUST_06515,Dawn Christensen,25000,ABANDONED,NONE,0,0.41,45,True,ESCALATE_HUMAN
CASE_06516,CUST_06516,Rita Williams,4999,FAILED,INSUFFICIENT_FUNDS,0,0.88,20,False,SEND_PAYMENT_LINK
CASE_06517,CUST_06517,Valerie Kennedy,9999,ABANDONED,NONE,2,0.33,0,True,SEND_PAYMENT_LINK
CASE_06518,CUST_06518,James Mcgrath,75000,FAILED,INSUFFICIENT_FUNDS,0,0.42,10,False,ESCALATE_HUMAN
CASE_06519,CUST_06519,Kristin Woods,1499,FAILED,NETWORK_ERROR,0,0.71,5,False,SEND_PAYMENT_LINK
CASE_06520,CUST_06520,Jennifer Jones,1499,FAILED,CARD_DECLINED,3,0.25,15,False,STOP
CASE_06521,CUST_06521,Mr. Benjamin Murillo,50000,FAILED,BANK_ERROR,2,0.79,10,False,RETRY_PAYMENT
CASE_06522,CUST_06522,David Ali,15000,FAILED,NETWORK_ERROR,3,0.37,30,False,STOP
CASE_06523,CUST_06523,Beth Sandoval,100000,FAILED,CARD_DECLINED,1,0.22,15,False,ESCALATE_HUMAN
CASE_06524,CUST_06524,Craig Smith,15000,ABANDONED,NONE,3,0.73,45,True,STOP
CASE_06525,CUST_06525,Monica Smith,2499,ABANDONED,NONE,3,0.55,30,True,STOP
CASE_06526,CUST_06526,Katie Gonzalez,4999,FAILED,TIMEOUT,2,0.67,10,False,SEND_PAYMENT_LINK
CASE_06527,CUST_06527,Brian Harris,25000,FAILED,INSUFFICIENT_FUNDS,0,0.82,5,False,SEND_PAYMENT_LINK
CASE_06528,CUST_06528,Joseph Vega,50000,FAILED,BANK_ERROR,2,0.98,20,False,RETRY_PAYMENT
CASE_06529,CUST_06529,Nicholas Kelly,100000,FAILED,BANK_ERROR,2,0.81,20,False,ESCALATE_HUMAN
CASE_06530,CUST_06530,Jeffrey Wright,50000,ABANDONED,NONE,3,0.77,20,True,STOP
CASE_06531,CUST_06531,Dustin Mckinney,2499,FAILED,INSUFFICIENT_FUNDS,3,0.93,20,False,STOP
CASE_06532,CUST_06532,John Chapman,499,ABANDONED,NONE,2,0.88,0,True,SEND_PAYMENT_LINK
CASE_06533,CUST_06533,Debra Avery,999,FAILED,TIMEOUT,2,0.3,0,False,SEND_PAYMENT_LINK
CASE_06534,CUST_06534,Alex Hicks,75000,FAILED,NETWORK_ERROR,2,0.87,10,False,ESCALATE_HUMAN
CASE_06535,CUST_06535,Joan Owens,999,FAILED,BANK_ERROR,2,0.48,10,False,SEND_PAYMENT_LINK
CASE_06536,CUST_06536,David Wade,499,FAILED,CARD_DECLINED,1,0.46,15,False,SEND_PAYMENT_LINK
CASE_06537,CUST_06537,Teresa Taylor,2499,FAILED,BANK_ERROR,2,0.71,30,False,ESCALATE_HUMAN
CASE_06538,CUST_06538,Christopher Chapman,15000,FAILED,TIMEOUT,3,0.78,20,False,STOP
CASE_06539,CUST_06539,Yvonne Rivera,75000,FAILED,INSUFFICIENT_FUNDS,3,0.92,30,False,STOP
CASE_06540,CUST_06540,Joshua Nielsen,4999,FAILED,BANK_ERROR,2,0.26,0,False,SEND_PAYMENT_LINK
CASE_06541,CUST_06541,Dr. Gregory Parker,7999,FAILED,NETWORK_ERROR,3,0.83,0,False,STOP
CASE_06542,CUST_06542,James Harris,999,ABANDONED,NONE,2,0.82,0,True,SEND_PAYMENT_LINK
CASE_06543,CUST_06543,Matthew Morton,15000,FAILED,CARD_DECLINED,2,0.65,20,False,SEND_PAYMENT_LINK
CASE_06544,CUST_06544,Sandra Valenzuela,7999,FAILED,BANK_ERROR,3,0.6,0,False,STOP
CASE_06545,CUST_06545,Laura Powell,1499,FAILED,BANK_ERROR,2,0.42,30,False,ESCALATE_HUMAN
CASE_06546,CUST_06546,Steve Collins,499,FAILED,CARD_DECLINED,2,0.81,15,False,SEND_PAYMENT_LINK
CASE_06547,CUST_06547,John Lewis,50000,FAILED,BANK_ERROR,2,0.31,15,False,SEND_PAYMENT_LINK
CASE_06548,CUST_06548,Joseph Clark,15000,FAILED,BANK_ERROR,2,0.26,5,False,SEND_PAYMENT_LINK
CASE_06549,CUST_06549,Dr. Deborah Wilcox,75000,ABANDONED,NONE,3,0.76,15,True,STOP
CASE_06550,CUST_06550,Emily Chen,1499,FAILED,NETWORK_ERROR,0,0.45,20,False,SEND_PAYMENT_LINK
CASE_06551,CUST_06551,Yolanda Thomas,100000,FAILED,TIMEOUT,2,0.25,15,False,ESCALATE_HUMAN
CASE_06552,CUST_06552,Andrew Paul,1499,FAILED,NETWORK_ERROR,1,0.36,20,False,SEND_PAYMENT_LINK
CASE_06553,CUST_06553,Ashley Miller,999,FAILED,CARD_DECLINED,3,0.62,5,False,STOP
CASE_06554,CUST_06554,Justin Williams,15000,FAILED,CARD_DECLINED,1,0.72,15,False,SEND_PAYMENT_LINK
CASE_06555,CUST_06555,Carla King,50000,FAILED,BANK_ERROR,0,0.43,0,False,SEND_PAYMENT_LINK
CASE_06556,CUST_06556,Michelle Hayes,15000,FAILED,NETWORK_ERROR,0,0.99,5,False,RETRY_PAYMENT
CASE_06557,CUST_06557,John Hall,100000,FAILED,TIMEOUT,2,0.43,0,False,ESCALATE_HUMAN
CASE_06558,CUST_06558,Robert Greer,25000,FAILED,BANK_ERROR,3,0.72,20,False,STOP
CASE_06559,CUST_06559,Lisa Fry,499,FAILED,TIMEOUT,1,0.27,30,False,ESCALATE_HUMAN
CASE_06560,CUST_06560,Kevin Mason,25000,FAILED,BANK_ERROR,0,0.23,5,False,SEND_PAYMENT_LINK
CASE_06561,CUST_06561,Stephen Castro,9999,ABANDONED,NONE,3,0.6,30,True,STOP
CASE_06562,CUST_06562,Vanessa Smith,15000,ABANDONED,NONE,1,0.88,15,True,SEND_PAYMENT_LINK
CASE_06563,CUST_06563,Brian Thompson,15000,ABANDONED,NONE,2,0.49,10,True,SEND_PAYMENT_LINK
CASE_06564,CUST_06564,Patrick Carter,7999,FAILED,BANK_ERROR,2,0.92,45,False,ESCALATE_HUMAN
CASE_06565,CUST_06565,Kelly Horton,999,FAILED,INSUFFICIENT_FUNDS,1,0.49,0,False,SEND_PAYMENT_LINK
CASE_06566,CUST_06566,Michael Terrell,999,FAILED,BANK_ERROR,3,0.7,15,False,STOP
CASE_06567,CUST_06567,Greg Young,7999,FAILED,BANK_ERROR,0,0.63,0,False,RETRY_PAYMENT
CASE_06568,CUST_06568,Kelly Patel,2499,FAILED,TIMEOUT,1,0.49,0,False,SEND_PAYMENT_LINK
CASE_06569,CUST_06569,William Fernandez,4999,FAILED,INSUFFICIENT_FUNDS,0,0.57,0,False,SEND_PAYMENT_LINK
CASE_06570,CUST_06570,Sandra Sheppard,9999,FAILED,TIMEOUT,3,0.31,20,False,STOP
CASE_06571,CUST_06571,Samantha Garcia,499,ABANDONED,NONE,3,0.43,0,True,STOP
CASE_06572,CUST_06572,Chase Hobbs,7999,FAILED,INSUFFICIENT_FUNDS,2,0.85,30,False,ESCALATE_HUMAN
CASE_06573,CUST_06573,Maureen Davis,9999,FAILED,TIMEOUT,3,0.97,45,False,STOP
CASE_06574,CUST_06574,Ryan Brown,2499,FAILED,BANK_ERROR,3,0.76,30,False,STOP
CASE_06575,CUST_06575,Rebecca Harris,2499,FAILED,BANK_ERROR,2,0.24,15,False,SEND_PAYMENT_LINK
CASE_06576,CUST_06576,Brandon Gibbs,15000,FAILED,INSUFFICIENT_FUNDS,1,0.73,0,False,SEND_PAYMENT_LINK
CASE_06577,CUST_06577,Sean Clarke,2499,FAILED,CARD_DECLINED,1,0.56,0,False,SEND_PAYMENT_LINK
CASE_06578,CUST_06578,Edgar Walker,1499,FAILED,CARD_DECLINED,1,0.63,45,False,ESCALATE_HUMAN
CASE_06579,CUST_06579,Anthony Anderson,25000,FAILED,CARD_DECLINED,2,0.86,15,False,SEND_PAYMENT_LINK
CASE_06580,CUST_06580,Debbie Mcfarland,999,ABANDONED,NONE,2,0.7,0,True,SEND_PAYMENT_LINK
CASE_06581,CUST_06581,Mrs. Colleen Curtis,100000,FAILED,INSUFFICIENT_FUNDS,3,0.73,10,False,STOP
CASE_06582,CUST_06582,Yolanda Vaughn,4999,ABANDONED,NONE,2,0.81,0,True,SEND_PAYMENT_LINK
CASE_06583,CUST_06583,Steven Mercado,2499,FAILED,TIMEOUT,2,0.26,15,False,SEND_PAYMENT_LINK
CASE_06584,CUST_06584,Steven Parker,1499,FAILED,BANK_ERROR,3,0.6,15,False,STOP
CASE_06585,CUST_06585,Regina Ramos,7999,FAILED,NETWORK_ERROR,0,0.83,45,False,ESCALATE_HUMAN
CASE_06586,CUST_06586,Erin Bowen,50000,ABANDONED,NONE,3,0.68,15,True,STOP
CASE_06587,CUST_06587,Mr. Matthew Davis,499,FAILED,INSUFFICIENT_FUNDS,3,0.56,0,False,STOP
CASE_06588,CUST_06588,Karen Cameron,100000,FAILED,NETWORK_ERROR,3,0.31,15,False,STOP
CASE_06589,CUST_06589,John Turner,499,FAILED,CARD_DECLINED,0,0.25,10,False,SEND_PAYMENT_LINK
CASE_06590,CUST_06590,Nicholas Short,75000,FAILED,NETWORK_ERROR,3,0.92,0,False,STOP
CASE_06591,CUST_06591,Jordan Lowe,75000,ABANDONED,NONE,1,0.42,20,True,ESCALATE_HUMAN
CASE_06592,CUST_06592,James Cisneros,499,FAILED,TIMEOUT,3,0.28,10,False,STOP
CASE_06593,CUST_06593,Jessica Curtis,499,ABANDONED,NONE,1,0.84,0,True,SEND_PAYMENT_LINK
CASE_06594,CUST_06594,Katherine Perez,9999,FAILED,INSUFFICIENT_FUNDS,3,0.46,0,False,STOP
CASE_06595,CUST_06595,Stacey Clark,15000,FAILED,INSUFFICIENT_FUNDS,1,0.77,5,False,SEND_PAYMENT_LINK
CASE_06596,CUST_06596,Mark Garcia,1499,ABANDONED,NONE,3,0.75,45,True,STOP
CASE_06597,CUST_06597,Judy Underwood,7999,FAILED,INSUFFICIENT_FUNDS,0,0.54,20,False,SEND_PAYMENT_LINK
CASE_06598,CUST_06598,Angel Armstrong,25000,FAILED,INSUFFICIENT_FUNDS,2,0.79,0,False,SEND_PAYMENT_LINK
CASE_06599,CUST_06599,Robert Payne,100000,FAILED,INSUFFICIENT_FUNDS,3,0.74,0,False,STOP
CASE_06600,CUST_06600,Justin Vasquez,9999,ABANDONED,NONE,2,0.98,5,True,SEND_PAYMENT_LINK
CASE_06601,CUST_06601,Shane Sims,9999,FAILED,NETWORK_ERROR,2,0.53,0,False,RETRY_PAYMENT
CASE_06602,CUST_06602,Karen Potter,7999,FAILED,TIMEOUT,3,0.29,0,False,STOP
CASE_06603,CUST_06603,Robert Chaney,2499,FAILED,CARD_DECLINED,2,0.53,5,False,SEND_PAYMENT_LINK
CASE_06604,CUST_06604,Benjamin Norman,1499,FAILED,INSUFFICIENT_FUNDS,2,0.94,45,False,ESCALATE_HUMAN
CASE_06605,CUST_06605,Dr. Lauren Brown,1499,FAILED,NETWORK_ERROR,3,0.25,0,False,STOP
CASE_06606,CUST_06606,Mrs. Rebecca Gray,999,FAILED,NETWORK_ERROR,3,0.88,10,False,STOP
CASE_06607,CUST_06607,Mary Mathews,25000,ABANDONED,NONE,3,0.64,45,True,STOP
CASE_06608,CUST_06608,Angela Davis,15000,ABANDONED,NONE,1,0.27,20,True,SEND_PAYMENT_LINK
CASE_06609,CUST_06609,Katie Ingram,2499,FAILED,INSUFFICIENT_FUNDS,1,0.6,0,False,SEND_PAYMENT_LINK
CASE_06610,CUST_06610,Kenneth Abbott,4999,FAILED,NETWORK_ERROR,1,0.34,15,False,SEND_PAYMENT_LINK
CASE_06611,CUST_06611,Steven Castillo,50000,FAILED,NETWORK_ERROR,2,0.31,0,False,SEND_PAYMENT_LINK
CASE_06612,CUST_06612,Matthew Johnson,999,FAILED,NETWORK_ERROR,2,0.52,0,False,RETRY_PAYMENT
CASE_06613,CUST_06613,Amanda Black,9999,FAILED,TIMEOUT,0,0.66,45,False,ESCALATE_HUMAN
CASE_06614,CUST_06614,Sara Schmidt,9999,FAILED,NETWORK_ERROR,0,0.87,15,False,RETRY_PAYMENT
CASE_06615,CUST_06615,Tina James DVM,75000,FAILED,BANK_ERROR,3,0.2,0,False,STOP
CASE_06616,CUST_06616,Cathy Kennedy,1499,FAILED,TIMEOUT,3,0.35,20,False,STOP
CASE_06617,CUST_06617,Melissa Wilson,15000,FAILED,INSUFFICIENT_FUNDS,3,0.56,20,False,STOP
CASE_06618,CUST_06618,Lisa Schmidt,50000,FAILED,BANK_ERROR,2,0.84,0,False,RETRY_PAYMENT
CASE_06619,CUST_06619,Jacob Huff,4999,FAILED,TIMEOUT,1,0.88,0,False,RETRY_PAYMENT
CASE_06620,CUST_06620,Maria Barker,15000,FAILED,TIMEOUT,1,0.8,10,False,RETRY_PAYMENT
CASE_06621,CUST_06621,Jill Bennett,25000,FAILED,NETWORK_ERROR,2,0.89,20,False,RETRY_PAYMENT
CASE_06622,CUST_06622,Michael Solis,2499,FAILED,BANK_ERROR,1,0.83,20,False,RETRY_PAYMENT
CASE_06623,CUST_06623,Ronald Wood,999,FAILED,CARD_DECLINED,1,0.21,5,False,SEND_PAYMENT_LINK
CASE_06624,CUST_06624,Edward Chavez,25000,FAILED,NETWORK_ERROR,2,0.6,20,False,SEND_PAYMENT_LINK
CASE_06625,CUST_06625,Michael Miles,75000,FAILED,CARD_DECLINED,2,0.36,0,False,ESCALATE_HUMAN
CASE_06626,CUST_06626,Thomas Schroeder,100000,FAILED,TIMEOUT,1,0.6,0,False,ESCALATE_HUMAN
CASE_06627,CUST_06627,Theresa Thomas,15000,ABANDONED,NONE,0,0.85,5,True,SEND_PAYMENT_LINK
CASE_06628,CUST_06628,Theresa Morris,75000,ABANDONED,NONE,3,0.51,5,True,STOP
CASE_06629,CUST_06629,Eric Peterson,9999,FAILED,NETWORK_ERROR,1,0.61,5,False,RETRY_PAYMENT
CASE_06630,CUST_06630,Carrie Pollard,7999,FAILED,INSUFFICIENT_FUNDS,0,0.35,30,False,ESCALATE_HUMAN
CASE_06631,CUST_06631,Beth Garrett,50000,FAILED,BANK_ERROR,2,0.99,0,False,RETRY_PAYMENT
CASE_06632,CUST_06632,Aaron Torres,2499,ABANDONED,NONE,2,0.37,5,True,SEND_PAYMENT_LINK
CASE_06633,CUST_06633,Bradley Walker,75000,FAILED,BANK_ERROR,1,0.77,15,False,ESCALATE_HUMAN
CASE_06634,CUST_06634,John Montgomery,1499,ABANDONED,NONE,2,0.53,0,True,SEND_PAYMENT_LINK
CASE_06635,CUST_06635,Jennifer Dyer,50000,FAILED,TIMEOUT,1,0.24,20,False,SEND_PAYMENT_LINK
CASE_06636,CUST_06636,Ashley White,25000,ABANDONED,NONE,0,0.56,0,True,SEND_PAYMENT_LINK
CASE_06637,CUST_06637,Thomas Bryant,1499,ABANDONED,NONE,2,0.32,10,True,SEND_PAYMENT_LINK
CASE_06638,CUST_06638,Jeffrey Swanson,25000,FAILED,CARD_DECLINED,2,0.33,45,False,ESCALATE_HUMAN
CASE_06639,CUST_06639,Krista Weiss DDS,2499,FAILED,TIMEOUT,0,0.46,10,False,SEND_PAYMENT_LINK
CASE_06640,CUST_06640,Paul Fernandez,50000,ABANDONED,NONE,3,0.6,10,True,STOP
CASE_06641,CUST_06641,Shannon Edwards,50000,FAILED,BANK_ERROR,3,0.78,20,False,STOP
CASE_06642,CUST_06642,Larry Gutierrez,7999,ABANDONED,NONE,3,0.87,0,True,STOP
CASE_06643,CUST_06643,Joseph Willis,25000,FAILED,BANK_ERROR,3,0.29,15,False,STOP
CASE_06644,CUST_06644,Mckenzie Horne,75000,FAILED,CARD_DECLINED,0,0.91,0,False,ESCALATE_HUMAN
CASE_06645,CUST_06645,Nicholas Pratt,50000,FAILED,CARD_DECLINED,2,0.66,10,False,ESCALATE_HUMAN
CASE_06646,CUST_06646,Lauren Jones,100000,FAILED,INSUFFICIENT_FUNDS,3,0.58,20,False,STOP
CASE_06647,CUST_06647,Sierra Reed,9999,FAILED,BANK_ERROR,3,0.47,15,False,STOP
CASE_06648,CUST_06648,Ashlee Hill,499,FAILED,CARD_DECLINED,0,0.76,15,False,SEND_PAYMENT_LINK
CASE_06649,CUST_06649,Samuel Poole,100000,ABANDONED,NONE,3,0.61,0,True,STOP
CASE_06650,CUST_06650,Robert King,2499,FAILED,CARD_DECLINED,1,0.51,0,False,SEND_PAYMENT_LINK
CASE_06651,CUST_06651,Sharon Krueger,999,FAILED,TIMEOUT,1,0.71,0,False,RETRY_PAYMENT
CASE_06652,CUST_06652,Mr. Shannon Martinez MD,999,FAILED,BANK_ERROR,3,0.23,45,False,STOP
CASE_06653,CUST_06653,Olivia Brewer MD,15000,FAILED,NETWORK_ERROR,1,0.2,0,False,SEND_PAYMENT_LINK
CASE_06654,CUST_06654,Christopher Levy,499,FAILED,BANK_ERROR,0,0.95,0,False,RETRY_PAYMENT
CASE_06655,CUST_06655,Zachary Arnold,499,ABANDONED,NONE,3,0.88,20,True,STOP
CASE_06656,CUST_06656,Ann Gibson,2499,ABANDONED,NONE,1,0.96,5,True,SEND_PAYMENT_LINK
CASE_06657,CUST_06657,Michael Martin,75000,ABANDONED,NONE,1,0.44,10,True,ESCALATE_HUMAN
CASE_06658,CUST_06658,Kathleen Fernandez,25000,FAILED,NETWORK_ERROR,2,0.54,0,False,RETRY_PAYMENT
CASE_06659,CUST_06659,John Gibson,999,FAILED,INSUFFICIENT_FUNDS,3,0.73,15,False,STOP
CASE_06660,CUST_06660,Jessica Carroll,15000,FAILED,BANK_ERROR,3,0.59,0,False,STOP
CASE_06661,CUST_06661,Christopher King,7999,FAILED,NETWORK_ERROR,3,0.36,5,False,STOP
CASE_06662,CUST_06662,Ryan Schwartz,999,ABANDONED,NONE,2,0.78,0,True,SEND_PAYMENT_LINK
CASE_06663,CUST_06663,Benjamin Owens,50000,FAILED,INSUFFICIENT_FUNDS,3,0.92,45,False,STOP
CASE_06664,CUST_06664,Patricia Davidson,15000,FAILED,TIMEOUT,2,0.61,45,False,ESCALATE_HUMAN
CASE_06665,CUST_06665,Donna James,9999,FAILED,TIMEOUT,1,0.46,0,False,SEND_PAYMENT_LINK
CASE_06666,CUST_06666,Bruce Hoffman,1499,FAILED,NETWORK_ERROR,3,0.3,10,False,STOP
CASE_06667,CUST_06667,Steven Reyes,15000,FAILED,TIMEOUT,2,0.61,10,False,RETRY_PAYMENT
CASE_06668,CUST_06668,James Olson,999,FAILED,NETWORK_ERROR,0,0.87,30,False,ESCALATE_HUMAN
CASE_06669,CUST_06669,Cheryl Jones,100000,FAILED,TIMEOUT,0,0.26,0,False,ESCALATE_HUMAN
CASE_06670,CUST_06670,Randy Miller,499,ABANDONED,NONE,1,0.62,15,True,SEND_PAYMENT_LINK
CASE_06671,CUST_06671,Alison Franco,4999,ABANDONED,NONE,3,0.93,5,True,STOP
CASE_06672,CUST_06672,Emily Johnson,75000,FAILED,NETWORK_ERROR,2,0.4,20,False,ESCALATE_HUMAN
CASE_06673,CUST_06673,Travis Williams,50000,FAILED,CARD_DECLINED,0,0.64,10,False,ESCALATE_HUMAN
CASE_06674,CUST_06674,Allison Vasquez,999,FAILED,CARD_DECLINED,3,0.6,45,False,STOP
CASE_06675,CUST_06675,Mary Gutierrez,2499,FAILED,TIMEOUT,1,0.97,15,False,RETRY_PAYMENT
CASE_06676,CUST_06676,Elizabeth Oliver,4999,FAILED,CARD_DECLINED,2,0.72,0,False,SEND_PAYMENT_LINK
CASE_06677,CUST_06677,Christopher White,7999,FAILED,TIMEOUT,0,0.97,0,False,RETRY_PAYMENT
CASE_06678,CUST_06678,John Blackburn,2499,FAILED,CARD_DECLINED,2,0.89,0,False,SEND_PAYMENT_LINK
CASE_06679,CUST_06679,Betty Smith,50000,FAILED,BANK_ERROR,2,0.25,0,False,SEND_PAYMENT_LINK
CASE_06680,CUST_06680,Mary Curtis,7999,ABANDONED,NONE,0,0.78,5,True,SEND_PAYMENT_LINK
CASE_06681,CUST_06681,Natasha Chapman,1499,FAILED,CARD_DECLINED,3,0.74,30,False,STOP
CASE_06682,CUST_06682,Kelsey Mccall,9999,ABANDONED,NONE,0,0.99,20,True,SEND_PAYMENT_LINK
CASE_06683,CUST_06683,Erin Warner PhD,1499,FAILED,TIMEOUT,1,0.82,10,False,RETRY_PAYMENT
CASE_06684,CUST_06684,David Lewis,499,FAILED,CARD_DECLINED,3,0.64,45,False,STOP
CASE_06685,CUST_06685,Kevin Murphy,15000,FAILED,INSUFFICIENT_FUNDS,1,0.22,0,False,SEND_PAYMENT_LINK
CASE_06686,CUST_06686,John Ruiz,25000,FAILED,NETWORK_ERROR,1,0.33,5,False,SEND_PAYMENT_LINK
CASE_06687,CUST_06687,Cody Mcdonald,75000,ABANDONED,NONE,0,0.34,20,True,ESCALATE_HUMAN
CASE_06688,CUST_06688,Chad Hendricks,2499,FAILED,TIMEOUT,3,0.3,10,False,STOP
CASE_06689,CUST_06689,Jennifer Monroe,25000,FAILED,CARD_DECLINED,2,0.29,5,False,SEND_PAYMENT_LINK
CASE_06690,CUST_06690,Brandon Dunn,999,FAILED,NETWORK_ERROR,3,0.25,30,False,STOP
CASE_06691,CUST_06691,Cynthia Gilmore,15000,ABANDONED,NONE,3,0.59,0,True,STOP
CASE_06692,CUST_06692,Brenda Martinez,100000,FAILED,TIMEOUT,1,0.25,0,False,ESCALATE_HUMAN
CASE_06693,CUST_06693,Michelle Smith,25000,ABANDONED,NONE,2,0.84,10,True,SEND_PAYMENT_LINK
CASE_06694,CUST_06694,Lisa Wilson,499,FAILED,CARD_DECLINED,1,0.39,0,False,SEND_PAYMENT_LINK
CASE_06695,CUST_06695,Daniel Nicholson,2499,ABANDONED,NONE,0,0.5,30,True,ESCALATE_HUMAN
CASE_06696,CUST_06696,Christine Brown,25000,ABANDONED,NONE,0,0.68,0,True,SEND_PAYMENT_LINK
CASE_06697,CUST_06697,Timothy Brown,4999,ABANDONED,NONE,1,0.5,15,True,SEND_PAYMENT_LINK
CASE_06698,CUST_06698,Kristina Cooper,15000,FAILED,BANK_ERROR,3,0.43,20,False,STOP
CASE_06699,CUST_06699,Elizabeth Garza,15000,FAILED,INSUFFICIENT_FUNDS,0,0.76,10,False,SEND_PAYMENT_LINK
CASE_06700,CUST_06700,Kevin Becker,7999,FAILED,NETWORK_ERROR,2,0.81,15,False,RETRY_PAYMENT
CASE_06701,CUST_06701,Terry Sullivan,15000,FAILED,INSUFFICIENT_FUNDS,1,0.99,15,False,SEND_PAYMENT_LINK
CASE_06702,CUST_06702,Denise Patterson,1499,ABANDONED,NONE,0,0.77,45,True,ESCALATE_HUMAN
CASE_06703,CUST_06703,Tracy Jackson,7999,FAILED,TIMEOUT,0,0.45,20,False,SEND_PAYMENT_LINK
CASE_06704,CUST_06704,Timothy Bentley,15000,FAILED,BANK_ERROR,2,0.26,30,False,ESCALATE_HUMAN
CASE_06705,CUST_06705,Jim Rodriguez,9999,FAILED,NETWORK_ERROR,3,0.99,15,False,STOP
CASE_06706,CUST_06706,Kevin Bell,499,ABANDONED,NONE,0,0.98,45,True,ESCALATE_HUMAN
CASE_06707,CUST_06707,Jamie Watkins,2499,FAILED,TIMEOUT,1,0.41,15,False,SEND_PAYMENT_LINK
CASE_06708,CUST_06708,Robert Cordova,100000,FAILED,BANK_ERROR,3,0.46,20,False,STOP
CASE_06709,CUST_06709,Michael Mcdonald,499,FAILED,INSUFFICIENT_FUNDS,2,0.5,5,False,SEND_PAYMENT_LINK
CASE_06710,CUST_06710,Carl Jones,2499,FAILED,BANK_ERROR,2,0.7,15,False,RETRY_PAYMENT
CASE_06711,CUST_06711,Cole Carr,7999,ABANDONED,NONE,0,0.47,15,True,SEND_PAYMENT_LINK
CASE_06712,CUST_06712,Adam Perry,7999,ABANDONED,NONE,1,0.52,45,True,ESCALATE_HUMAN
CASE_06713,CUST_06713,Brian Johnson,25000,FAILED,BANK_ERROR,1,0.97,0,False,RETRY_PAYMENT
CASE_06714,CUST_06714,Kimberly Sims,15000,FAILED,NETWORK_ERROR,0,0.73,20,False,SEND_PAYMENT_LINK
CASE_06715,CUST_06715,Bryan Walker,100000,ABANDONED,NONE,3,0.97,10,True,STOP
CASE_06716,CUST_06716,Curtis Montgomery,15000,ABANDONED,NONE,1,0.96,5,True,SEND_PAYMENT_LINK
CASE_06717,CUST_06717,Veronica Underwood,75000,ABANDONED,NONE,0,0.37,45,True,ESCALATE_HUMAN
CASE_06718,CUST_06718,Kelly Warren,7999,FAILED,NETWORK_ERROR,3,0.8,0,False,STOP
CASE_06719,CUST_06719,Jennifer Simpson,9999,FAILED,CARD_DECLINED,1,0.93,0,False,SEND_PAYMENT_LINK
CASE_06720,CUST_06720,Suzanne Warner,1499,FAILED,TIMEOUT,1,0.95,5,False,RETRY_PAYMENT
CASE_06721,CUST_06721,Linda Davis,1499,FAILED,NETWORK_ERROR,1,0.48,10,False,SEND_PAYMENT_LINK
CASE_06722,CUST_06722,Jonathan Hudson,100000,FAILED,CARD_DECLINED,2,0.42,15,False,ESCALATE_HUMAN
CASE_06723,CUST_06723,Michael Sullivan,4999,FAILED,CARD_DECLINED,1,0.45,45,False,ESCALATE_HUMAN
CASE_06724,CUST_06724,Brandon Casey,2499,FAILED,INSUFFICIENT_FUNDS,0,0.24,5,False,SEND_PAYMENT_LINK
CASE_06725,CUST_06725,Victoria Watkins,7999,ABANDONED,NONE,1,0.22,0,True,SEND_PAYMENT_LINK
CASE_06726,CUST_06726,Cristian Walsh,25000,FAILED,NETWORK_ERROR,3,0.35,10,False,STOP
CASE_06727,CUST_06727,Mary Sanders,50000,FAILED,INSUFFICIENT_FUNDS,3,0.66,45,False,STOP
CASE_06728,CUST_06728,Alexandria Wilson,9999,FAILED,NETWORK_ERROR,0,0.54,45,False,ESCALATE_HUMAN
CASE_06729,CUST_06729,Christopher Campbell,50000,ABANDONED,NONE,1,0.27,0,True,SEND_PAYMENT_LINK
CASE_06730,CUST_06730,Amanda Harrington,100000,FAILED,TIMEOUT,3,0.34,45,False,STOP
CASE_06731,CUST_06731,Heather Maynard,9999,FAILED,NETWORK_ERROR,2,0.97,5,False,RETRY_PAYMENT
CASE_06732,CUST_06732,Nicholas Brown,4999,ABANDONED,NONE,3,0.24,45,True,STOP
CASE_06733,CUST_06733,Gina Brewer,25000,FAILED,BANK_ERROR,0,0.66,15,False,RETRY_PAYMENT
CASE_06734,CUST_06734,Stephanie Mullins,1499,FAILED,NETWORK_ERROR,3,0.95,5,False,STOP
CASE_06735,CUST_06735,Sara Smith,9999,FAILED,TIMEOUT,3,0.36,0,False,STOP
CASE_06736,CUST_06736,Andrew Robertson,25000,FAILED,NETWORK_ERROR,0,0.28,0,False,SEND_PAYMENT_LINK
CASE_06737,CUST_06737,Jeffrey Bolton,100000,ABANDONED,NONE,1,0.61,0,True,ESCALATE_HUMAN
CASE_06738,CUST_06738,Carla Miller,2499,FAILED,NETWORK_ERROR,2,0.69,45,False,ESCALATE_HUMAN
CASE_06739,CUST_06739,Anthony White,4999,ABANDONED,NONE,2,0.66,0,True,SEND_PAYMENT_LINK
CASE_06740,CUST_06740,Sara Soto,9999,FAILED,INSUFFICIENT_FUNDS,1,0.89,0,False,SEND_PAYMENT_LINK
CASE_06741,CUST_06741,Matthew Lopez,2499,FAILED,TIMEOUT,0,0.51,5,False,SEND_PAYMENT_LINK
CASE_06742,CUST_06742,Alexander Pennington,9999,FAILED,BANK_ERROR,2,0.49,15,False,SEND_PAYMENT_LINK
CASE_06743,CUST_06743,Gina Ross,4999,FAILED,INSUFFICIENT_FUNDS,0,0.63,15,False,SEND_PAYMENT_LINK
CASE_06744,CUST_06744,April Kelly,15000,ABANDONED,NONE,1,0.33,15,True,SEND_PAYMENT_LINK
CASE_06745,CUST_06745,Benjamin Miller,999,FAILED,TIMEOUT,2,0.62,0,False,RETRY_PAYMENT
CASE_06746,CUST_06746,Teresa Nicholson,100000,ABANDONED,NONE,0,0.79,0,True,ESCALATE_HUMAN
CASE_06747,CUST_06747,Tara Banks,1499,ABANDONED,NONE,0,0.44,0,True,SEND_PAYMENT_LINK
CASE_06748,CUST_06748,Ronald Jones,75000,FAILED,NETWORK_ERROR,2,0.69,15,False,ESCALATE_HUMAN
CASE_06749,CUST_06749,Brandon Riley,2499,FAILED,NETWORK_ERROR,1,0.92,10,False,RETRY_PAYMENT
CASE_06750,CUST_06750,Thomas King,999,FAILED,NETWORK_ERROR,3,0.7,45,False,STOP
CASE_06751,CUST_06751,Laura Hunter,25000,FAILED,INSUFFICIENT_FUNDS,3,0.9,5,False,STOP
CASE_06752,CUST_06752,Michaela Anderson,1499,FAILED,NETWORK_ERROR,2,0.24,0,False,SEND_PAYMENT_LINK
CASE_06753,CUST_06753,Tracy Mcdaniel,75000,FAILED,BANK_ERROR,1,0.82,5,False,ESCALATE_HUMAN
CASE_06754,CUST_06754,Jennifer Davis,7999,FAILED,INSUFFICIENT_FUNDS,0,0.57,0,False,SEND_PAYMENT_LINK
CASE_06755,CUST_06755,Ms. Kayla Murray,75000,FAILED,NETWORK_ERROR,1,0.69,15,False,ESCALATE_HUMAN
CASE_06756,CUST_06756,Zachary Ramirez,499,FAILED,BANK_ERROR,0,0.99,0,False,RETRY_PAYMENT
CASE_06757,CUST_06757,Veronica Lang,9999,ABANDONED,NONE,3,0.28,45,True,STOP
CASE_06758,CUST_06758,Kevin Swanson,7999,FAILED,BANK_ERROR,1,0.82,30,False,ESCALATE_HUMAN
CASE_06759,CUST_06759,Dr. Kathryn Gray DDS,999,FAILED,NETWORK_ERROR,2,0.49,0,False,SEND_PAYMENT_LINK
CASE_06760,CUST_06760,Laura Miller,1499,FAILED,INSUFFICIENT_FUNDS,1,0.33,0,False,SEND_PAYMENT_LINK
CASE_06761,CUST_06761,Amy White,25000,FAILED,INSUFFICIENT_FUNDS,1,0.24,15,False,SEND_PAYMENT_LINK
CASE_06762,CUST_06762,David Shaffer,1499,FAILED,NETWORK_ERROR,3,0.64,0,False,STOP
CASE_06763,CUST_06763,David Wright,1499,ABANDONED,NONE,3,0.33,0,True,STOP
CASE_06764,CUST_06764,Jaime Carroll,7999,FAILED,NETWORK_ERROR,1,0.99,0,False,RETRY_PAYMENT
CASE_06765,CUST_06765,Cynthia Smith,4999,FAILED,BANK_ERROR,2,0.39,5,False,SEND_PAYMENT_LINK
CASE_06766,CUST_06766,Claudia Roy,100000,FAILED,INSUFFICIENT_FUNDS,0,0.79,0,False,ESCALATE_HUMAN
CASE_06767,CUST_06767,Caroline Horn,15000,FAILED,CARD_DECLINED,3,0.85,5,False,STOP
CASE_06768,CUST_06768,Kendra Warner,25000,FAILED,CARD_DECLINED,2,0.44,5,False,SEND_PAYMENT_LINK
CASE_06769,CUST_06769,Justin Warren,15000,ABANDONED,NONE,2,0.41,10,True,SEND_PAYMENT_LINK
CASE_06770,CUST_06770,Kimberly Williams,1499,FAILED,CARD_DECLINED,0,0.35,0,False,SEND_PAYMENT_LINK
CASE_06771,CUST_06771,Alicia Campbell,25000,ABANDONED,NONE,2,0.86,10,True,SEND_PAYMENT_LINK
CASE_06772,CUST_06772,Mr. Kevin Thomas Jr.,25000,ABANDONED,NONE,1,0.86,0,True,SEND_PAYMENT_LINK
CASE_06773,CUST_06773,Sarah Klein,25000,FAILED,TIMEOUT,2,0.98,10,False,RETRY_PAYMENT
CASE_06774,CUST_06774,Valerie Hernandez,75000,ABANDONED,NONE,0,0.47,0,True,ESCALATE_HUMAN
CASE_06775,CUST_06775,Brittany Schmidt,7999,FAILED,CARD_DECLINED,1,0.93,30,False,ESCALATE_HUMAN
CASE_06776,CUST_06776,Kari Stone,15000,FAILED,TIMEOUT,0,0.69,30,False,ESCALATE_HUMAN
CASE_06777,CUST_06777,Warren Mcclure,4999,FAILED,INSUFFICIENT_FUNDS,3,0.66,5,False,STOP
CASE_06778,CUST_06778,Elizabeth Jones,50000,FAILED,TIMEOUT,3,0.3,10,False,STOP
CASE_06779,CUST_06779,Alicia Obrien,100000,FAILED,TIMEOUT,1,0.77,15,False,ESCALATE_HUMAN
CASE_06780,CUST_06780,Christine Burgess,9999,FAILED,CARD_DECLINED,3,0.46,30,False,STOP
CASE_06781,CUST_06781,Madison Mcdowell,2499,ABANDONED,NONE,2,0.82,20,True,SEND_PAYMENT_LINK
CASE_06782,CUST_06782,Nicholas Williams,9999,ABANDONED,NONE,0,0.55,5,True,SEND_PAYMENT_LINK
CASE_06783,CUST_06783,Jennifer Rivera,9999,ABANDONED,NONE,0,0.81,30,True,ESCALATE_HUMAN
CASE_06784,CUST_06784,Pam Robbins,4999,FAILED,BANK_ERROR,0,0.65,45,False,ESCALATE_HUMAN
CASE_06785,CUST_06785,Michelle Ross,499,FAILED,NETWORK_ERROR,1,0.6,0,False,RETRY_PAYMENT
CASE_06786,CUST_06786,Richard Chaney,1499,FAILED,TIMEOUT,2,0.37,5,False,SEND_PAYMENT_LINK
CASE_06787,CUST_06787,Cindy Young,7999,FAILED,NETWORK_ERROR,0,0.31,15,False,SEND_PAYMENT_LINK
CASE_06788,CUST_06788,Thomas Thomas,15000,ABANDONED,NONE,2,0.31,20,True,SEND_PAYMENT_LINK
CASE_06789,CUST_06789,Andrew Lane,9999,FAILED,CARD_DECLINED,0,0.37,0,False,SEND_PAYMENT_LINK
CASE_06790,CUST_06790,Robert Mills,9999,FAILED,NETWORK_ERROR,3,0.62,30,False,STOP
CASE_06791,CUST_06791,Adam Bradley,7999,FAILED,INSUFFICIENT_FUNDS,0,0.4,5,False,SEND_PAYMENT_LINK
CASE_06792,CUST_06792,David Jones,15000,ABANDONED,NONE,2,0.33,45,True,ESCALATE_HUMAN
CASE_06793,CUST_06793,Wendy Wilson,2499,FAILED,TIMEOUT,1,0.97,15,False,RETRY_PAYMENT
CASE_06794,CUST_06794,Tiffany Kramer,2499,FAILED,BANK_ERROR,3,0.23,45,False,STOP
CASE_06795,CUST_06795,Jason Crawford,7999,FAILED,BANK_ERROR,3,0.9,10,False,STOP
CASE_06796,CUST_06796,Mary Beard,100000,FAILED,TIMEOUT,0,0.4,30,False,ESCALATE_HUMAN
CASE_06797,CUST_06797,Cory Johnson,100000,FAILED,NETWORK_ERROR,2,0.42,30,False,ESCALATE_HUMAN
CASE_06798,CUST_06798,Carl Dunlap,2499,ABANDONED,NONE,3,0.23,0,True,STOP
CASE_06799,CUST_06799,Robert Shelton,50000,ABANDONED,NONE,3,0.63,10,True,STOP
CASE_06800,CUST_06800,Christina Dennis,7999,ABANDONED,NONE,2,0.66,30,True,ESCALATE_HUMAN
CASE_06801,CUST_06801,Amanda Costa,2499,ABANDONED,NONE,0,0.82,0,True,SEND_PAYMENT_LINK
CASE_06802,CUST_06802,Tiffany Rose,75000,FAILED,INSUFFICIENT_FUNDS,0,0.47,5,False,ESCALATE_HUMAN
CASE_06803,CUST_06803,Robert Thompson,9999,FAILED,TIMEOUT,0,0.43,0,False,SEND_PAYMENT_LINK
CASE_06804,CUST_06804,Ryan Mcguire,100000,ABANDONED,NONE,2,0.54,10,True,ESCALATE_HUMAN
CASE_06805,CUST_06805,Todd Gardner,2499,FAILED,NETWORK_ERROR,1,0.84,45,False,ESCALATE_HUMAN
CASE_06806,CUST_06806,Angela Robertson,75000,ABANDONED,NONE,3,0.84,20,True,STOP
CASE_06807,CUST_06807,Douglas Andersen,50000,FAILED,NETWORK_ERROR,2,0.61,0,False,RETRY_PAYMENT
CASE_06808,CUST_06808,Todd Williams,2499,FAILED,TIMEOUT,0,0.23,45,False,ESCALATE_HUMAN
CASE_06809,CUST_06809,Jacqueline Horn,7999,ABANDONED,NONE,3,0.56,0,True,STOP
CASE_06810,CUST_06810,Joseph Mason,1499,ABANDONED,NONE,2,0.85,0,True,SEND_PAYMENT_LINK
CASE_06811,CUST_06811,Edward Morrison,25000,FAILED,CARD_DECLINED,1,0.87,0,False,SEND_PAYMENT_LINK
CASE_06812,CUST_06812,Cassandra Watkins,1499,ABANDONED,NONE,2,0.93,0,True,SEND_PAYMENT_LINK
CASE_06813,CUST_06813,Matthew Martinez,4999,FAILED,CARD_DECLINED,3,0.22,45,False,STOP
CASE_06814,CUST_06814,Aaron Smith,4999,FAILED,INSUFFICIENT_FUNDS,2,0.9,5,False,SEND_PAYMENT_LINK
CASE_06815,CUST_06815,Rodney Williams,15000,FAILED,TIMEOUT,2,0.37,20,False,SEND_PAYMENT_LINK
CASE_06816,CUST_06816,Melissa Williams,2499,FAILED,CARD_DECLINED,2,0.49,20,False,SEND_PAYMENT_LINK
CASE_06817,CUST_06817,Jason Rasmussen,15000,FAILED,NETWORK_ERROR,0,0.55,10,False,RETRY_PAYMENT
CASE_06818,CUST_06818,Donna Woodard,100000,FAILED,INSUFFICIENT_FUNDS,2,0.2,0,False,ESCALATE_HUMAN
CASE_06819,CUST_06819,Nicole Garcia,100000,FAILED,TIMEOUT,3,0.5,0,False,STOP
CASE_06820,CUST_06820,Sarah Jackson,1499,FAILED,TIMEOUT,0,0.78,10,False,RETRY_PAYMENT
CASE_06821,CUST_06821,Stephanie Snyder,499,ABANDONED,NONE,3,0.33,20,True,STOP
CASE_06822,CUST_06822,Michael Casey,25000,FAILED,BANK_ERROR,2,0.8,10,False,RETRY_PAYMENT
CASE_06823,CUST_06823,Mr. Gerald Smith MD,1499,ABANDONED,NONE,1,0.79,10,True,SEND_PAYMENT_LINK
CASE_06824,CUST_06824,Nicole James,50000,ABANDONED,NONE,1,0.92,15,True,SEND_PAYMENT_LINK
CASE_06825,CUST_06825,James Harris,999,ABANDONED,NONE,1,0.85,20,True,SEND_PAYMENT_LINK
CASE_06826,CUST_06826,Sandra Serrano,75000,FAILED,INSUFFICIENT_FUNDS,3,0.79,15,False,STOP
CASE_06827,CUST_06827,Ashley Hill,25000,ABANDONED,NONE,1,0.96,30,True,ESCALATE_HUMAN
CASE_06828,CUST_06828,Thomas Ramirez,999,FAILED,INSUFFICIENT_FUNDS,1,0.98,0,False,SEND_PAYMENT_LINK
CASE_06829,CUST_06829,Patricia Brown,7999,FAILED,NETWORK_ERROR,3,0.57,45,False,STOP
CASE_06830,CUST_06830,Donald Bender,7999,FAILED,NETWORK_ERROR,0,0.81,0,False,RETRY_PAYMENT
CASE_06831,CUST_06831,Mrs. Latasha Bray,15000,FAILED,BANK_ERROR,0,0.41,0,False,SEND_PAYMENT_LINK
CASE_06832,CUST_06832,Maria Davis,7999,ABANDONED,NONE,0,0.24,0,True,SEND_PAYMENT_LINK
CASE_06833,CUST_06833,David Moore,2499,FAILED,NETWORK_ERROR,3,0.88,30,False,STOP
CASE_06834,CUST_06834,Deanna James,7999,FAILED,NETWORK_ERROR,0,0.55,0,False,SEND_PAYMENT_LINK
CASE_06835,CUST_06835,Steven Coffey,50000,ABANDONED,NONE,0,0.55,5,True,SEND_PAYMENT_LINK
CASE_06836,CUST_06836,Jonathan Scott,100000,FAILED,TIMEOUT,3,0.9,10,False,STOP
CASE_06837,CUST_06837,David Smith,1499,ABANDONED,NONE,1,0.66,0,True,SEND_PAYMENT_LINK
CASE_06838,CUST_06838,Jennifer Avila,100000,FAILED,BANK_ERROR,0,0.59,20,False,ESCALATE_HUMAN
CASE_06839,CUST_06839,Donna Mack,15000,ABANDONED,NONE,1,0.95,0,True,SEND_PAYMENT_LINK
CASE_06840,CUST_06840,Kenneth Barton,15000,FAILED,BANK_ERROR,2,0.45,0,False,SEND_PAYMENT_LINK
CASE_06841,CUST_06841,Robert Farmer,9999,FAILED,CARD_DECLINED,0,0.45,10,False,SEND_PAYMENT_LINK
CASE_06842,CUST_06842,Melanie Curtis,9999,FAILED,NETWORK_ERROR,1,0.47,0,False,SEND_PAYMENT_LINK
CASE_06843,CUST_06843,Rebecca Cooper,4999,ABANDONED,NONE,3,0.99,45,True,STOP
CASE_06844,CUST_06844,James Small,1499,FAILED,BANK_ERROR,3,0.7,20,False,STOP
CASE_06845,CUST_06845,Jackson Lynn,100000,FAILED,INSUFFICIENT_FUNDS,2,0.23,0,False,ESCALATE_HUMAN
CASE_06846,CUST_06846,Ian Martinez,9999,FAILED,BANK_ERROR,2,0.22,30,False,ESCALATE_HUMAN
CASE_06847,CUST_06847,Christina Maxwell,2499,FAILED,BANK_ERROR,1,0.83,0,False,RETRY_PAYMENT
CASE_06848,CUST_06848,Kelly Hernandez,100000,ABANDONED,NONE,3,0.55,20,True,STOP
CASE_06849,CUST_06849,Annette Butler,7999,FAILED,TIMEOUT,2,0.39,0,False,SEND_PAYMENT_LINK
CASE_06850,CUST_06850,Kimberly Nixon,4999,FAILED,TIMEOUT,3,0.98,10,False,STOP
CASE_06851,CUST_06851,Nathan Wilson,2499,FAILED,BANK_ERROR,1,0.96,45,False,ESCALATE_HUMAN
CASE_06852,CUST_06852,John Jackson,100000,ABANDONED,NONE,0,0.57,0,True,ESCALATE_HUMAN
CASE_06853,CUST_06853,Matthew Johnson,7999,FAILED,BANK_ERROR,0,0.96,30,False,ESCALATE_HUMAN
CASE_06854,CUST_06854,David Howard,2499,FAILED,TIMEOUT,1,0.5,30,False,ESCALATE_HUMAN
CASE_06855,CUST_06855,Kathleen Case,25000,ABANDONED,NONE,2,0.49,15,True,SEND_PAYMENT_LINK
CASE_06856,CUST_06856,Robert Taylor,1499,ABANDONED,NONE,0,0.45,0,True,SEND_PAYMENT_LINK
CASE_06857,CUST_06857,Raymond Duran,15000,FAILED,INSUFFICIENT_FUNDS,2,0.99,0,False,SEND_PAYMENT_LINK
CASE_06858,CUST_06858,Sarah Meyers,7999,FAILED,CARD_DECLINED,2,0.23,20,False,SEND_PAYMENT_LINK
CASE_06859,CUST_06859,James Jackson,25000,ABANDONED,NONE,2,0.43,0,True,SEND_PAYMENT_LINK
CASE_06860,CUST_06860,Sara Fletcher,2499,FAILED,CARD_DECLINED,3,0.72,15,False,STOP
CASE_06861,CUST_06861,Richard Wolf,25000,ABANDONED,NONE,1,0.9,5,True,SEND_PAYMENT_LINK
CASE_06862,CUST_06862,Amy Vance,7999,ABANDONED,NONE,0,0.23,0,True,SEND_PAYMENT_LINK
CASE_06863,CUST_06863,Eric Ingram,7999,FAILED,TIMEOUT,2,0.27,30,False,ESCALATE_HUMAN
CASE_06864,CUST_06864,Emily Hammond,100000,FAILED,TIMEOUT,1,0.58,45,False,ESCALATE_HUMAN
CASE_06865,CUST_06865,Reginald Lee,4999,FAILED,BANK_ERROR,0,0.87,0,False,RETRY_PAYMENT
CASE_06866,CUST_06866,Douglas Guerra,15000,FAILED,INSUFFICIENT_FUNDS,2,0.85,15,False,SEND_PAYMENT_LINK
CASE_06867,CUST_06867,Dorothy Jenkins,25000,FAILED,TIMEOUT,3,0.54,0,False,STOP
CASE_06868,CUST_06868,Edward Adams,999,FAILED,INSUFFICIENT_FUNDS,3,0.81,20,False,STOP
CASE_06869,CUST_06869,Roy Morgan,4999,ABANDONED,NONE,0,0.46,20,True,SEND_PAYMENT_LINK
CASE_06870,CUST_06870,Jorge Schroeder,7999,FAILED,BANK_ERROR,1,0.3,10,False,SEND_PAYMENT_LINK
CASE_06871,CUST_06871,Jennifer Ortiz,15000,FAILED,CARD_DECLINED,0,0.98,0,False,SEND_PAYMENT_LINK
CASE_06872,CUST_06872,Susan Beck,999,FAILED,CARD_DECLINED,0,0.33,30,False,ESCALATE_HUMAN
CASE_06873,CUST_06873,Morgan Moore,999,FAILED,TIMEOUT,2,0.4,10,False,SEND_PAYMENT_LINK
CASE_06874,CUST_06874,Shannon Downs,25000,FAILED,BANK_ERROR,3,0.61,30,False,STOP
CASE_06875,CUST_06875,Lisa Gutierrez,50000,FAILED,TIMEOUT,0,0.62,0,False,RETRY_PAYMENT
CASE_06876,CUST_06876,Joseph Gordon,25000,FAILED,INSUFFICIENT_FUNDS,0,0.64,10,False,SEND_PAYMENT_LINK
CASE_06877,CUST_06877,Christopher Bishop,499,FAILED,BANK_ERROR,2,0.77,0,False,RETRY_PAYMENT
CASE_06878,CUST_06878,Kathleen Henderson,7999,FAILED,CARD_DECLINED,0,0.76,0,False,SEND_PAYMENT_LINK
CASE_06879,CUST_06879,Scott Andrade,7999,ABANDONED,NONE,1,0.47,45,True,ESCALATE_HUMAN
CASE_06880,CUST_06880,Hailey Taylor,100000,ABANDONED,NONE,0,0.71,0,True,ESCALATE_HUMAN
CASE_06881,CUST_06881,Bryan Armstrong,2499,FAILED,TIMEOUT,3,0.76,10,False,STOP
CASE_06882,CUST_06882,Kelly Strickland,9999,FAILED,BANK_ERROR,0,0.33,10,False,SEND_PAYMENT_LINK
CASE_06883,CUST_06883,Michele Bennett,9999,ABANDONED,NONE,3,0.82,0,True,STOP
CASE_06884,CUST_06884,Dylan Clay,25000,FAILED,BANK_ERROR,2,0.65,5,False,RETRY_PAYMENT
CASE_06885,CUST_06885,Kristin Rosario,1499,FAILED,NETWORK_ERROR,2,0.7,45,False,ESCALATE_HUMAN
CASE_06886,CUST_06886,Glenn Maldonado,4999,FAILED,CARD_DECLINED,0,0.88,20,False,SEND_PAYMENT_LINK
CASE_06887,CUST_06887,Angela Short,499,FAILED,TIMEOUT,1,0.38,10,False,SEND_PAYMENT_LINK
CASE_06888,CUST_06888,Jennifer Bradley,100000,ABANDONED,NONE,2,0.53,15,True,ESCALATE_HUMAN
CASE_06889,CUST_06889,Stephen Estes,15000,FAILED,NETWORK_ERROR,3,0.48,45,False,STOP
CASE_06890,CUST_06890,Amber Greer,75000,FAILED,BANK_ERROR,0,0.43,15,False,ESCALATE_HUMAN
CASE_06891,CUST_06891,Cheryl Howard,499,FAILED,BANK_ERROR,3,0.43,0,False,STOP
CASE_06892,CUST_06892,Robin Lynch,9999,FAILED,INSUFFICIENT_FUNDS,0,0.62,0,False,SEND_PAYMENT_LINK
CASE_06893,CUST_06893,Jesse Rodriguez,100000,FAILED,BANK_ERROR,1,0.82,5,False,ESCALATE_HUMAN
CASE_06894,CUST_06894,Ryan Garcia,499,ABANDONED,NONE,1,0.99,45,True,ESCALATE_HUMAN
CASE_06895,CUST_06895,Julian Campbell,15000,ABANDONED,NONE,2,0.28,0,True,SEND_PAYMENT_LINK
CASE_06896,CUST_06896,Angel Baker,9999,FAILED,BANK_ERROR,2,0.85,15,False,RETRY_PAYMENT
CASE_06897,CUST_06897,Aaron Gibbs,15000,FAILED,INSUFFICIENT_FUNDS,3,0.29,0,False,STOP
CASE_06898,CUST_06898,Teresa Salazar,100000,FAILED,CARD_DECLINED,1,0.66,10,False,ESCALATE_HUMAN
CASE_06899,CUST_06899,Stacey Reynolds,499,FAILED,INSUFFICIENT_FUNDS,2,0.71,10,False,SEND_PAYMENT_LINK
CASE_06900,CUST_06900,Patricia Roberts,1499,ABANDONED,NONE,2,0.65,45,True,ESCALATE_HUMAN
CASE_06901,CUST_06901,Catherine Day,999,FAILED,TIMEOUT,3,0.69,15,False,STOP
CASE_06902,CUST_06902,Craig Bailey,9999,FAILED,BANK_ERROR,2,0.73,20,False,SEND_PAYMENT_LINK
CASE_06903,CUST_06903,Richard Martin,15000,ABANDONED,NONE,1,0.31,20,True,SEND_PAYMENT_LINK
CASE_06904,CUST_06904,Michael Gomez,25000,FAILED,TIMEOUT,1,0.58,5,False,SEND_PAYMENT_LINK
CASE_06905,CUST_06905,Whitney Hensley,999,FAILED,CARD_DECLINED,2,0.97,30,False,ESCALATE_HUMAN
CASE_06906,CUST_06906,Brandi Salazar,25000,FAILED,BANK_ERROR,1,0.92,0,False,RETRY_PAYMENT
CASE_06907,CUST_06907,Michael Austin,999,ABANDONED,NONE,3,0.26,0,True,STOP
CASE_06908,CUST_06908,Shelby Williams,9999,FAILED,CARD_DECLINED,2,0.49,0,False,SEND_PAYMENT_LINK
CASE_06909,CUST_06909,Brenda Wolfe DDS,1499,ABANDONED,NONE,2,0.41,5,True,SEND_PAYMENT_LINK
CASE_06910,CUST_06910,Stuart Carney,7999,FAILED,INSUFFICIENT_FUNDS,0,1.0,10,False,SEND_PAYMENT_LINK
CASE_06911,CUST_06911,David Walker,100000,FAILED,CARD_DECLINED,0,0.22,5,False,ESCALATE_HUMAN
CASE_06912,CUST_06912,Gabriel Hayes,1499,FAILED,TIMEOUT,3,0.87,20,False,STOP
CASE_06913,CUST_06913,Vanessa Patterson DDS,15000,FAILED,NETWORK_ERROR,3,0.71,10,False,STOP
CASE_06914,CUST_06914,Nicole Parsons,15000,ABANDONED,NONE,1,0.8,0,True,SEND_PAYMENT_LINK
CASE_06915,CUST_06915,Joshua Wu,999,FAILED,INSUFFICIENT_FUNDS,0,0.64,45,False,ESCALATE_HUMAN
CASE_06916,CUST_06916,Mary Vaughan,4999,FAILED,NETWORK_ERROR,1,0.52,0,False,SEND_PAYMENT_LINK
CASE_06917,CUST_06917,Jeffrey Hodge,15000,ABANDONED,NONE,3,0.83,15,True,STOP
CASE_06918,CUST_06918,Michael Johnson,75000,FAILED,BANK_ERROR,2,0.31,15,False,ESCALATE_HUMAN
CASE_06919,CUST_06919,Shelby Pope,2499,FAILED,CARD_DECLINED,1,0.31,0,False,SEND_PAYMENT_LINK
CASE_06920,CUST_06920,William Clark,7999,ABANDONED,NONE,3,0.56,0,True,STOP
CASE_06921,CUST_06921,Zachary Garcia,15000,ABANDONED,NONE,2,0.49,15,True,SEND_PAYMENT_LINK
CASE_06922,CUST_06922,Susan Preston,499,FAILED,TIMEOUT,2,0.35,0,False,SEND_PAYMENT_LINK
CASE_06923,CUST_06923,Heather Thompson,4999,FAILED,NETWORK_ERROR,0,0.38,20,False,SEND_PAYMENT_LINK
CASE_06924,CUST_06924,Nicholas Cox,2499,FAILED,CARD_DECLINED,3,0.77,45,False,STOP
CASE_06925,CUST_06925,Aaron Roach,15000,FAILED,BANK_ERROR,0,0.81,10,False,RETRY_PAYMENT
CASE_06926,CUST_06926,Renee Parker,15000,FAILED,CARD_DECLINED,1,0.49,45,False,ESCALATE_HUMAN
CASE_06927,CUST_06927,Jose Gonzalez,50000,FAILED,NETWORK_ERROR,3,0.24,20,False,STOP
CASE_06928,CUST_06928,Philip Acosta,50000,FAILED,CARD_DECLINED,1,0.62,5,False,ESCALATE_HUMAN
CASE_06929,CUST_06929,Michael Hunter,75000,FAILED,BANK_ERROR,2,0.45,0,False,ESCALATE_HUMAN
CASE_06930,CUST_06930,Robin Ryan,9999,ABANDONED,NONE,2,0.53,30,True,ESCALATE_HUMAN
CASE_06931,CUST_06931,Derek Burke,75000,ABANDONED,NONE,0,0.62,45,True,ESCALATE_HUMAN
CASE_06932,CUST_06932,Tiffany Diaz,9999,FAILED,NETWORK_ERROR,0,0.9,15,False,RETRY_PAYMENT
CASE_06933,CUST_06933,Carl Cook,50000,FAILED,INSUFFICIENT_FUNDS,1,0.76,0,False,ESCALATE_HUMAN
CASE_06934,CUST_06934,Timothy Dixon,25000,FAILED,NETWORK_ERROR,1,0.38,15,False,SEND_PAYMENT_LINK
CASE_06935,CUST_06935,Steven Lee,75000,FAILED,TIMEOUT,2,0.57,30,False,ESCALATE_HUMAN
CASE_06936,CUST_06936,Ronald Baker,15000,ABANDONED,NONE,1,0.52,5,True,SEND_PAYMENT_LINK
CASE_06937,CUST_06937,Matthew Clark,25000,ABANDONED,NONE,2,0.43,30,True,ESCALATE_HUMAN
CASE_06938,CUST_06938,Alice Williams,75000,ABANDONED,NONE,0,0.77,45,True,ESCALATE_HUMAN
CASE_06939,CUST_06939,Jane Bell,75000,FAILED,BANK_ERROR,0,0.24,0,False,ESCALATE_HUMAN
CASE_06940,CUST_06940,Angela Ruiz,499,FAILED,TIMEOUT,2,0.34,20,False,SEND_PAYMENT_LINK
CASE_06941,CUST_06941,Gabrielle Roberts,75000,ABANDONED,NONE,0,0.52,15,True,ESCALATE_HUMAN
CASE_06942,CUST_06942,Jeanne Compton,999,FAILED,NETWORK_ERROR,2,0.67,0,False,RETRY_PAYMENT
CASE_06943,CUST_06943,Andrew Sanchez,50000,FAILED,CARD_DECLINED,3,0.56,0,False,STOP
CASE_06944,CUST_06944,Derek Williams Jr.,75000,FAILED,TIMEOUT,2,0.7,15,False,ESCALATE_HUMAN
CASE_06945,CUST_06945,Levi Garcia,25000,ABANDONED,NONE,1,0.42,0,True,SEND_PAYMENT_LINK
CASE_06946,CUST_06946,Kenneth Brown,15000,FAILED,CARD_DECLINED,3,0.54,0,False,STOP
CASE_06947,CUST_06947,Daniel Olsen,50000,FAILED,CARD_DECLINED,1,0.88,15,False,ESCALATE_HUMAN
CASE_06948,CUST_06948,David Hooper,999,ABANDONED,NONE,1,0.79,0,True,SEND_PAYMENT_LINK
CASE_06949,CUST_06949,Yolanda Hoffman,1499,FAILED,INSUFFICIENT_FUNDS,1,0.81,5,False,SEND_PAYMENT_LINK
CASE_06950,CUST_06950,Jesse Rice,7999,FAILED,NETWORK_ERROR,3,0.5,30,False,STOP
CASE_06951,CUST_06951,Shawn Mclaughlin,75000,ABANDONED,NONE,3,0.56,10,True,STOP
CASE_06952,CUST_06952,Dylan Noble,100000,FAILED,NETWORK_ERROR,2,0.63,30,False,ESCALATE_HUMAN
CASE_06953,CUST_06953,Stephanie Harvey,7999,FAILED,BANK_ERROR,0,0.21,30,False,ESCALATE_HUMAN
CASE_06954,CUST_06954,Michael Christian,50000,FAILED,INSUFFICIENT_FUNDS,0,0.58,30,False,ESCALATE_HUMAN
CASE_06955,CUST_06955,Jenna Walton,999,FAILED,CARD_DECLINED,0,0.96,20,False,SEND_PAYMENT_LINK
CASE_06956,CUST_06956,George Wilson,999,FAILED,NETWORK_ERROR,2,1.0,20,False,RETRY_PAYMENT
CASE_06957,CUST_06957,Philip Wolf,100000,ABANDONED,NONE,3,0.87,10,True,STOP
CASE_06958,CUST_06958,Melissa Valenzuela,15000,FAILED,TIMEOUT,3,0.3,0,False,STOP
CASE_06959,CUST_06959,Henry Martinez,4999,FAILED,INSUFFICIENT_FUNDS,3,0.54,5,False,STOP
CASE_06960,CUST_06960,Sierra Ferguson,100000,FAILED,BANK_ERROR,1,0.48,5,False,ESCALATE_HUMAN
CASE_06961,CUST_06961,William Guzman,9999,FAILED,BANK_ERROR,2,0.46,30,False,ESCALATE_HUMAN
CASE_06962,CUST_06962,Alice Anderson,100000,ABANDONED,NONE,3,0.37,0,True,STOP
CASE_06963,CUST_06963,Lori Blake,15000,FAILED,TIMEOUT,3,0.34,5,False,STOP
CASE_06964,CUST_06964,Luke Porter,75000,FAILED,NETWORK_ERROR,3,0.41,20,False,STOP
CASE_06965,CUST_06965,Rachel Morales,100000,FAILED,BANK_ERROR,3,0.27,5,False,STOP
CASE_06966,CUST_06966,Emily Dawson,75000,ABANDONED,NONE,1,0.29,20,True,ESCALATE_HUMAN
CASE_06967,CUST_06967,Noah Bryant PhD,1499,ABANDONED,NONE,2,0.52,10,True,SEND_PAYMENT_LINK
CASE_06968,CUST_06968,George Salinas,4999,FAILED,CARD_DECLINED,0,0.67,0,False,SEND_PAYMENT_LINK
CASE_06969,CUST_06969,Sydney Thompson,75000,FAILED,NETWORK_ERROR,3,0.37,0,False,STOP
CASE_06970,CUST_06970,Denise Scott,499,ABANDONED,NONE,1,0.51,0,True,SEND_PAYMENT_LINK
CASE_06971,CUST_06971,Amanda Hernandez,499,FAILED,TIMEOUT,3,0.41,30,False,STOP
CASE_06972,CUST_06972,Jeremy Mejia,25000,ABANDONED,NONE,0,0.9,45,True,ESCALATE_HUMAN
CASE_06973,CUST_06973,Gabriel Blair,999,FAILED,BANK_ERROR,2,0.81,5,False,RETRY_PAYMENT
CASE_06974,CUST_06974,Michele Cunningham,100000,ABANDONED,NONE,1,0.68,15,True,ESCALATE_HUMAN
CASE_06975,CUST_06975,Russell Perry,1499,ABANDONED,NONE,1,0.81,15,True,SEND_PAYMENT_LINK
CASE_06976,CUST_06976,Brian Lyons,50000,ABANDONED,NONE,3,0.57,0,True,STOP
CASE_06977,CUST_06977,Jodi Miller,7999,FAILED,INSUFFICIENT_FUNDS,0,0.58,0,False,SEND_PAYMENT_LINK
CASE_06978,CUST_06978,Crystal Murray,100000,ABANDONED,NONE,0,0.46,45,True,ESCALATE_HUMAN
CASE_06979,CUST_06979,Timothy Gibson,1499,ABANDONED,NONE,0,0.24,0,True,SEND_PAYMENT_LINK
CASE_06980,CUST_06980,Melissa Ruiz,50000,FAILED,BANK_ERROR,0,0.37,0,False,SEND_PAYMENT_LINK
CASE_06981,CUST_06981,Joshua Morrow,9999,FAILED,NETWORK_ERROR,2,0.54,0,False,RETRY_PAYMENT
CASE_06982,CUST_06982,Mr. Marcus Moreno,9999,FAILED,TIMEOUT,2,0.6,0,False,SEND_PAYMENT_LINK
CASE_06983,CUST_06983,Rachel Huerta,100000,FAILED,CARD_DECLINED,2,0.34,15,False,ESCALATE_HUMAN
CASE_06984,CUST_06984,Ashley Ford,999,FAILED,NETWORK_ERROR,0,0.58,15,False,RETRY_PAYMENT
CASE_06985,CUST_06985,John Campbell,50000,FAILED,BANK_ERROR,1,0.75,15,False,RETRY_PAYMENT
CASE_06986,CUST_06986,Elizabeth Williams,1499,FAILED,CARD_DECLINED,3,0.73,20,False,STOP
CASE_06987,CUST_06987,Brett Mckay,2499,FAILED,BANK_ERROR,1,0.64,0,False,SEND_PAYMENT_LINK
CASE_06988,CUST_06988,Jill Cervantes,2499,FAILED,INSUFFICIENT_FUNDS,1,0.63,30,False,ESCALATE_HUMAN
CASE_06989,CUST_06989,Patrick Ball,25000,ABANDONED,NONE,0,0.5,5,True,SEND_PAYMENT_LINK
CASE_06990,CUST_06990,Isabella Sanchez,7999,ABANDONED,NONE,2,0.59,0,True,SEND_PAYMENT_LINK
CASE_06991,CUST_06991,Michael Rodriguez,9999,FAILED,NETWORK_ERROR,2,0.53,15,False,RETRY_PAYMENT
CASE_06992,CUST_06992,Bethany Castro,15000,FAILED,CARD_DECLINED,1,0.28,0,False,SEND_PAYMENT_LINK
CASE_06993,CUST_06993,Angela Marks,999,FAILED,TIMEOUT,0,0.95,30,False,ESCALATE_HUMAN
CASE_06994,CUST_06994,Richard Smith,7999,ABANDONED,NONE,2,0.86,15,True,SEND_PAYMENT_LINK
CASE_06995,CUST_06995,Edward Gonzales,499,FAILED,CARD_DECLINED,0,0.72,15,False,SEND_PAYMENT_LINK
CASE_06996,CUST_06996,John Guzman MD,25000,FAILED,TIMEOUT,0,0.65,45,False,ESCALATE_HUMAN
CASE_06997,CUST_06997,Thomas Burton,75000,ABANDONED,NONE,3,0.68,10,True,STOP
CASE_06998,CUST_06998,Melissa Riddle,4999,ABANDONED,NONE,3,0.26,5,True,STOP
CASE_06999,CUST_06999,Diane Lopez,15000,ABANDONED,NONE,3,0.36,20,True,STOP
CASE_07000,CUST_07000,Leah Johnson DVM,75000,FAILED,NETWORK_ERROR,2,0.39,5,False,ESCALATE_HUMAN
CASE_07001,CUST_07001,Alicia Oconnor,2499,FAILED,NETWORK_ERROR,3,0.42,20,False,STOP
CASE_07002,CUST_07002,Pamela Leonard,2499,FAILED,NETWORK_ERROR,1,0.32,20,False,SEND_PAYMENT_LINK
CASE_07003,CUST_07003,Danielle Boyd,1499,FAILED,CARD_DECLINED,0,0.48,0,False,SEND_PAYMENT_LINK
CASE_07004,CUST_07004,Kevin Reynolds,2499,ABANDONED,NONE,2,0.37,30,True,ESCALATE_HUMAN
CASE_07005,CUST_07005,Mario Martinez,2499,FAILED,INSUFFICIENT_FUNDS,0,0.46,0,False,SEND_PAYMENT_LINK
CASE_07006,CUST_07006,Caroline Henderson,999,FAILED,TIMEOUT,2,0.93,0,False,RETRY_PAYMENT
CASE_07007,CUST_07007,Natalie Weber DVM,4999,ABANDONED,NONE,1,0.8,0,True,SEND_PAYMENT_LINK
CASE_07008,CUST_07008,Haley White,50000,ABANDONED,NONE,3,0.33,0,True,STOP
CASE_07009,CUST_07009,Jeffrey Clark,4999,FAILED,CARD_DECLINED,3,0.56,20,False,STOP
CASE_07010,CUST_07010,Jennifer Gray,9999,FAILED,CARD_DECLINED,2,0.66,45,False,ESCALATE_HUMAN
CASE_07011,CUST_07011,Richard Zimmerman,999,ABANDONED,NONE,2,0.59,5,True,SEND_PAYMENT_LINK
CASE_07012,CUST_07012,Kimberly Brewer,9999,ABANDONED,NONE,2,0.36,30,True,ESCALATE_HUMAN
CASE_07013,CUST_07013,David Jackson,75000,FAILED,CARD_DECLINED,3,0.84,45,False,STOP
CASE_07014,CUST_07014,Kelly Thompson,100000,FAILED,INSUFFICIENT_FUNDS,3,0.29,0,False,STOP
CASE_07015,CUST_07015,Shannon Andrews,75000,FAILED,INSUFFICIENT_FUNDS,2,0.97,20,False,ESCALATE_HUMAN
CASE_07016,CUST_07016,Tiffany Roberts,999,ABANDONED,NONE,1,0.88,15,True,SEND_PAYMENT_LINK
CASE_07017,CUST_07017,Karen Hughes,1499,FAILED,NETWORK_ERROR,2,0.58,30,False,ESCALATE_HUMAN
CASE_07018,CUST_07018,Alexis Howell,4999,FAILED,NETWORK_ERROR,1,0.26,5,False,SEND_PAYMENT_LINK
CASE_07019,CUST_07019,Jennifer Armstrong,25000,FAILED,CARD_DECLINED,3,0.56,20,False,STOP
CASE_07020,CUST_07020,Dana Stephens,999,FAILED,CARD_DECLINED,3,0.47,30,False,STOP
CASE_07021,CUST_07021,Shannon Martin,50000,FAILED,BANK_ERROR,1,0.85,0,False,RETRY_PAYMENT
CASE_07022,CUST_07022,Anthony Mcneil,75000,FAILED,TIMEOUT,2,0.67,15,False,ESCALATE_HUMAN
CASE_07023,CUST_07023,Susan Obrien,4999,FAILED,TIMEOUT,3,0.38,15,False,STOP
CASE_07024,CUST_07024,Eddie Harris,25000,FAILED,INSUFFICIENT_FUNDS,0,0.46,0,False,SEND_PAYMENT_LINK
CASE_07025,CUST_07025,Ronnie Spencer,50000,FAILED,INSUFFICIENT_FUNDS,2,0.94,10,False,SEND_PAYMENT_LINK
CASE_07026,CUST_07026,Kevin Villarreal,75000,ABANDONED,NONE,0,0.98,5,True,ESCALATE_HUMAN
CASE_07027,CUST_07027,Mark Jimenez,50000,FAILED,BANK_ERROR,0,0.82,20,False,RETRY_PAYMENT
CASE_07028,CUST_07028,Kimberly Williamson,7999,FAILED,BANK_ERROR,2,0.9,5,False,RETRY_PAYMENT
CASE_07029,CUST_07029,Dr. Bryan Murray,100000,FAILED,CARD_DECLINED,3,0.45,45,False,STOP
CASE_07030,CUST_07030,Joshua Ward,499,ABANDONED,NONE,1,0.6,0,True,SEND_PAYMENT_LINK
CASE_07031,CUST_07031,Brandon Butler,50000,ABANDONED,NONE,0,0.62,45,True,ESCALATE_HUMAN
CASE_07032,CUST_07032,Trevor Simon,15000,FAILED,NETWORK_ERROR,1,0.82,30,False,ESCALATE_HUMAN
CASE_07033,CUST_07033,Keith Martinez,2499,ABANDONED,NONE,3,0.4,30,True,STOP
CASE_07034,CUST_07034,Margaret Smith,15000,FAILED,CARD_DECLINED,1,0.89,20,False,SEND_PAYMENT_LINK
CASE_07035,CUST_07035,Priscilla Turner,9999,FAILED,CARD_DECLINED,3,0.73,30,False,STOP
CASE_07036,CUST_07036,Justin Holt,25000,FAILED,INSUFFICIENT_FUNDS,0,0.83,0,False,SEND_PAYMENT_LINK
CASE_07037,CUST_07037,Joseph Mclaughlin,75000,FAILED,INSUFFICIENT_FUNDS,2,0.73,30,False,ESCALATE_HUMAN
CASE_07038,CUST_07038,Andrew Barron,100000,FAILED,CARD_DECLINED,3,0.33,0,False,STOP
CASE_07039,CUST_07039,David Beltran,75000,FAILED,TIMEOUT,3,0.69,0,False,STOP
CASE_07040,CUST_07040,Frederick Brady,100000,FAILED,NETWORK_ERROR,2,0.32,45,False,ESCALATE_HUMAN
CASE_07041,CUST_07041,Willie Stewart,1499,FAILED,INSUFFICIENT_FUNDS,3,0.39,15,False,STOP
CASE_07042,CUST_07042,Brandon Vasquez,50000,FAILED,TIMEOUT,2,0.54,0,False,RETRY_PAYMENT
CASE_07043,CUST_07043,Vanessa Peters,15000,FAILED,BANK_ERROR,3,0.33,15,False,STOP
CASE_07044,CUST_07044,Justin Brown,25000,FAILED,CARD_DECLINED,3,0.74,45,False,STOP
CASE_07045,CUST_07045,Sherri Jackson,75000,FAILED,TIMEOUT,3,0.46,15,False,STOP
CASE_07046,CUST_07046,Debbie Wilson,2499,FAILED,INSUFFICIENT_FUNDS,1,0.79,15,False,SEND_PAYMENT_LINK
CASE_07047,CUST_07047,Kathy Jenkins,50000,ABANDONED,NONE,1,0.55,5,True,SEND_PAYMENT_LINK
CASE_07048,CUST_07048,Laura Williams,50000,FAILED,TIMEOUT,3,0.79,0,False,STOP
CASE_07049,CUST_07049,Craig Durham,7999,FAILED,BANK_ERROR,0,0.53,20,False,RETRY_PAYMENT
CASE_07050,CUST_07050,Joshua Dominguez,999,FAILED,CARD_DECLINED,0,0.45,45,False,ESCALATE_HUMAN
CASE_07051,CUST_07051,Jesse Duran,2499,ABANDONED,NONE,0,0.86,0,True,SEND_PAYMENT_LINK
CASE_07052,CUST_07052,William Ingram,15000,FAILED,BANK_ERROR,3,0.66,45,False,STOP
CASE_07053,CUST_07053,Shirley Mata,1499,FAILED,INSUFFICIENT_FUNDS,1,0.45,5,False,SEND_PAYMENT_LINK
CASE_07054,CUST_07054,Sara Davis,15000,FAILED,NETWORK_ERROR,1,0.2,20,False,SEND_PAYMENT_LINK
CASE_07055,CUST_07055,Caroline Morales,100000,FAILED,CARD_DECLINED,0,0.86,45,False,ESCALATE_HUMAN
CASE_07056,CUST_07056,Nancy Jordan,7999,FAILED,TIMEOUT,3,0.65,45,False,STOP
CASE_07057,CUST_07057,Ashley Smith,2499,ABANDONED,NONE,0,0.54,0,True,SEND_PAYMENT_LINK
CASE_07058,CUST_07058,Earl Wells,2499,ABANDONED,NONE,3,0.47,20,True,STOP
CASE_07059,CUST_07059,Daniel Carter,499,ABANDONED,NONE,3,0.58,15,True,STOP
CASE_07060,CUST_07060,Nicholas Smith,50000,FAILED,NETWORK_ERROR,1,0.79,15,False,RETRY_PAYMENT
CASE_07061,CUST_07061,Yvette Long,4999,FAILED,TIMEOUT,2,0.95,30,False,ESCALATE_HUMAN
CASE_07062,CUST_07062,Amber Gonzalez,15000,FAILED,INSUFFICIENT_FUNDS,0,0.43,0,False,SEND_PAYMENT_LINK
CASE_07063,CUST_07063,Charles Rhodes,7999,FAILED,TIMEOUT,2,0.84,45,False,ESCALATE_HUMAN
CASE_07064,CUST_07064,Chad Butler,15000,FAILED,BANK_ERROR,2,0.59,10,False,SEND_PAYMENT_LINK
CASE_07065,CUST_07065,Douglas Chen,15000,FAILED,TIMEOUT,0,0.32,0,False,SEND_PAYMENT_LINK
CASE_07066,CUST_07066,Daniel Escobar,499,FAILED,TIMEOUT,2,0.25,30,False,ESCALATE_HUMAN
CASE_07067,CUST_07067,Erica Weber,100000,FAILED,CARD_DECLINED,1,0.29,20,False,ESCALATE_HUMAN
CASE_07068,CUST_07068,John Hinton,499,FAILED,NETWORK_ERROR,0,0.27,15,False,SEND_PAYMENT_LINK
CASE_07069,CUST_07069,Paul Stewart,75000,ABANDONED,NONE,3,0.27,10,True,STOP
CASE_07070,CUST_07070,Amanda Walsh,499,FAILED,NETWORK_ERROR,2,0.24,0,False,SEND_PAYMENT_LINK
CASE_07071,CUST_07071,Karen French,4999,FAILED,CARD_DECLINED,2,0.23,45,False,ESCALATE_HUMAN
CASE_07072,CUST_07072,Tonya Diaz DVM,50000,FAILED,BANK_ERROR,3,0.22,0,False,STOP
CASE_07073,CUST_07073,Sean Martinez,75000,ABANDONED,NONE,2,0.69,10,True,ESCALATE_HUMAN
CASE_07074,CUST_07074,Grant Logan,50000,FAILED,INSUFFICIENT_FUNDS,3,0.72,45,False,STOP
CASE_07075,CUST_07075,Julie Oneal,499,FAILED,NETWORK_ERROR,1,0.65,20,False,RETRY_PAYMENT
CASE_07076,CUST_07076,Jason Brown,1499,FAILED,INSUFFICIENT_FUNDS,2,0.46,45,False,ESCALATE_HUMAN
CASE_07077,CUST_07077,John Franco,100000,FAILED,NETWORK_ERROR,0,0.62,5,False,ESCALATE_HUMAN
CASE_07078,CUST_07078,Michael Ray,2499,FAILED,TIMEOUT,2,0.9,0,False,RETRY_PAYMENT
CASE_07079,CUST_07079,Rebecca Patterson,4999,FAILED,CARD_DECLINED,3,0.52,5,False,STOP
CASE_07080,CUST_07080,Brittany Thompson,75000,FAILED,TIMEOUT,0,0.41,5,False,ESCALATE_HUMAN
CASE_07081,CUST_07081,Joseph Johnson,50000,FAILED,INSUFFICIENT_FUNDS,3,0.6,0,False,STOP
CASE_07082,CUST_07082,Melissa Guzman,7999,FAILED,INSUFFICIENT_FUNDS,0,0.75,20,False,SEND_PAYMENT_LINK
CASE_07083,CUST_07083,Karen Jones,999,ABANDONED,NONE,0,0.65,45,True,ESCALATE_HUMAN
CASE_07084,CUST_07084,Dakota Mckee,15000,FAILED,TIMEOUT,3,0.86,45,False,STOP
CASE_07085,CUST_07085,James Holland,999,ABANDONED,NONE,3,0.97,45,True,STOP
CASE_07086,CUST_07086,Sue Wagner,999,FAILED,TIMEOUT,1,0.89,45,False,ESCALATE_HUMAN
CASE_07087,CUST_07087,Austin Powers MD,4999,ABANDONED,NONE,0,0.74,45,True,ESCALATE_HUMAN
CASE_07088,CUST_07088,Stephen Scott,999,FAILED,TIMEOUT,0,0.5,15,False,RETRY_PAYMENT
CASE_07089,CUST_07089,Lisa Patel,9999,ABANDONED,NONE,1,0.5,5,True,SEND_PAYMENT_LINK
CASE_07090,CUST_07090,Brendan Dennis,999,FAILED,INSUFFICIENT_FUNDS,1,0.54,0,False,SEND_PAYMENT_LINK
CASE_07091,CUST_07091,Justin Morrison,15000,ABANDONED,NONE,3,0.52,0,True,STOP
CASE_07092,CUST_07092,Robert Bell,50000,FAILED,NETWORK_ERROR,2,0.59,15,False,RETRY_PAYMENT
CASE_07093,CUST_07093,Edwin Gibson,499,ABANDONED,NONE,0,0.57,5,True,SEND_PAYMENT_LINK
CASE_07094,CUST_07094,Steven White,75000,FAILED,TIMEOUT,2,0.82,0,False,ESCALATE_HUMAN
CASE_07095,CUST_07095,Sherri Bentley,9999,FAILED,INSUFFICIENT_FUNDS,1,0.51,0,False,SEND_PAYMENT_LINK
CASE_07096,CUST_07096,Jessica Zamora,4999,FAILED,NETWORK_ERROR,0,0.92,15,False,RETRY_PAYMENT
CASE_07097,CUST_07097,Kimberly Hernandez,499,FAILED,INSUFFICIENT_FUNDS,0,0.5,20,False,SEND_PAYMENT_LINK
CASE_07098,CUST_07098,Alejandra Miller,4999,FAILED,INSUFFICIENT_FUNDS,1,0.68,20,False,SEND_PAYMENT_LINK
CASE_07099,CUST_07099,Keith Wright,100000,FAILED,INSUFFICIENT_FUNDS,2,0.27,0,False,ESCALATE_HUMAN
CASE_07100,CUST_07100,Mark Moon,2499,ABANDONED,NONE,0,0.4,45,True,ESCALATE_HUMAN
CASE_07101,CUST_07101,Danielle Gonzalez,15000,ABANDONED,NONE,1,0.22,5,True,SEND_PAYMENT_LINK
CASE_07102,CUST_07102,Kyle Hodge,25000,FAILED,NETWORK_ERROR,1,0.68,15,False,SEND_PAYMENT_LINK
CASE_07103,CUST_07103,Adam Reed,4999,FAILED,NETWORK_ERROR,3,0.2,30,False,STOP
CASE_07104,CUST_07104,Sharon Moore,4999,FAILED,INSUFFICIENT_FUNDS,3,0.41,10,False,STOP
CASE_07105,CUST_07105,Kristen Lewis,499,FAILED,NETWORK_ERROR,0,0.35,5,False,SEND_PAYMENT_LINK
CASE_07106,CUST_07106,Laura Suarez,4999,FAILED,INSUFFICIENT_FUNDS,2,0.47,0,False,SEND_PAYMENT_LINK
CASE_07107,CUST_07107,Linda Barron,25000,FAILED,BANK_ERROR,3,0.78,0,False,STOP
CASE_07108,CUST_07108,Courtney Washington,2499,FAILED,TIMEOUT,2,0.48,0,False,SEND_PAYMENT_LINK
CASE_07109,CUST_07109,Susan Taylor,50000,FAILED,INSUFFICIENT_FUNDS,1,0.9,15,False,SEND_PAYMENT_LINK
CASE_07110,CUST_07110,Evan Ellis,15000,FAILED,TIMEOUT,2,0.52,45,False,ESCALATE_HUMAN
CASE_07111,CUST_07111,Kelly Johnson,25000,FAILED,CARD_DECLINED,2,0.72,45,False,ESCALATE_HUMAN
CASE_07112,CUST_07112,Gary Cook,1499,FAILED,NETWORK_ERROR,1,0.58,0,False,RETRY_PAYMENT
CASE_07113,CUST_07113,Allen Roberts,2499,FAILED,TIMEOUT,1,0.73,5,False,RETRY_PAYMENT
CASE_07114,CUST_07114,Jamie Miller,999,FAILED,BANK_ERROR,3,0.58,30,False,STOP
CASE_07115,CUST_07115,Patrick Wilson,2499,FAILED,BANK_ERROR,3,0.3,30,False,STOP
CASE_07116,CUST_07116,Daniel Gilbert,100000,ABANDONED,NONE,3,0.43,15,True,STOP
CASE_07117,CUST_07117,Michael Dunn,25000,FAILED,CARD_DECLINED,2,0.81,45,False,ESCALATE_HUMAN
CASE_07118,CUST_07118,Monica Bauer,15000,ABANDONED,NONE,2,0.67,0,True,SEND_PAYMENT_LINK
CASE_07119,CUST_07119,Morgan Roman,50000,FAILED,INSUFFICIENT_FUNDS,1,0.83,5,False,SEND_PAYMENT_LINK
CASE_07120,CUST_07120,Dr. Jason Bowman,7999,ABANDONED,NONE,1,0.99,20,True,SEND_PAYMENT_LINK
CASE_07121,CUST_07121,Andrew Jimenez,9999,FAILED,CARD_DECLINED,0,0.93,15,False,SEND_PAYMENT_LINK
CASE_07122,CUST_07122,Willie Sanford,2499,ABANDONED,NONE,3,0.92,45,True,STOP
CASE_07123,CUST_07123,Tina Williams,2499,FAILED,TIMEOUT,1,0.26,0,False,SEND_PAYMENT_LINK
CASE_07124,CUST_07124,Anthony Morales,100000,FAILED,TIMEOUT,3,0.56,0,False,STOP
CASE_07125,CUST_07125,Justin Woodard,7999,FAILED,INSUFFICIENT_FUNDS,0,0.93,45,False,ESCALATE_HUMAN
CASE_07126,CUST_07126,Daniel Reyes,75000,FAILED,BANK_ERROR,1,0.28,15,False,ESCALATE_HUMAN
CASE_07127,CUST_07127,Brandon Curtis,75000,FAILED,CARD_DECLINED,0,0.28,20,False,ESCALATE_HUMAN
CASE_07128,CUST_07128,Bernard Cook,4999,FAILED,BANK_ERROR,1,0.54,45,False,ESCALATE_HUMAN
CASE_07129,CUST_07129,Donald Stokes,499,FAILED,CARD_DECLINED,1,0.6,15,False,SEND_PAYMENT_LINK
CASE_07130,CUST_07130,Catherine Morrison,2499,FAILED,TIMEOUT,2,0.42,5,False,SEND_PAYMENT_LINK
CASE_07131,CUST_07131,William Byrd,50000,ABANDONED,NONE,0,0.49,5,True,SEND_PAYMENT_LINK
CASE_07132,CUST_07132,Samantha Jacobs,4999,FAILED,INSUFFICIENT_FUNDS,0,0.22,20,False,SEND_PAYMENT_LINK
CASE_07133,CUST_07133,Rick Brown,9999,FAILED,CARD_DECLINED,3,0.88,5,False,STOP
CASE_07134,CUST_07134,Caitlin White,100000,ABANDONED,NONE,2,0.25,20,True,ESCALATE_HUMAN
CASE_07135,CUST_07135,Glenn Mclaughlin,499,FAILED,NETWORK_ERROR,1,0.85,10,False,RETRY_PAYMENT
CASE_07136,CUST_07136,Michelle Robinson,15000,FAILED,BANK_ERROR,2,0.28,45,False,ESCALATE_HUMAN
CASE_07137,CUST_07137,Joshua Ramos,100000,FAILED,NETWORK_ERROR,0,0.95,5,False,ESCALATE_HUMAN
CASE_07138,CUST_07138,Dennis Alexander,7999,FAILED,NETWORK_ERROR,1,0.25,45,False,ESCALATE_HUMAN
CASE_07139,CUST_07139,Joshua Young,4999,FAILED,TIMEOUT,2,0.89,30,False,ESCALATE_HUMAN
CASE_07140,CUST_07140,Richard Calhoun,75000,FAILED,NETWORK_ERROR,1,0.77,45,False,ESCALATE_HUMAN
CASE_07141,CUST_07141,Albert Gomez,999,FAILED,CARD_DECLINED,3,0.71,0,False,STOP
CASE_07142,CUST_07142,Jessica Archer,9999,ABANDONED,NONE,3,0.95,0,True,STOP
CASE_07143,CUST_07143,Ricardo Wright,25000,FAILED,NETWORK_ERROR,0,0.81,45,False,ESCALATE_HUMAN
CASE_07144,CUST_07144,Anna Schmidt,75000,FAILED,TIMEOUT,2,0.23,5,False,ESCALATE_HUMAN
CASE_07145,CUST_07145,Nicholas Ortega,15000,FAILED,TIMEOUT,3,0.27,10,False,STOP
CASE_07146,CUST_07146,Robin Caldwell,2499,FAILED,BANK_ERROR,0,0.68,0,False,RETRY_PAYMENT
CASE_07147,CUST_07147,Megan Washington,499,FAILED,NETWORK_ERROR,1,0.52,0,False,RETRY_PAYMENT
CASE_07148,CUST_07148,Rebecca Brennan,75000,FAILED,INSUFFICIENT_FUNDS,3,0.43,15,False,STOP
CASE_07149,CUST_07149,Amber Buchanan,75000,ABANDONED,NONE,1,0.25,0,True,ESCALATE_HUMAN
CASE_07150,CUST_07150,Katie Vargas,15000,FAILED,CARD_DECLINED,0,0.91,0,False,SEND_PAYMENT_LINK
CASE_07151,CUST_07151,Jessica Lopez,1499,FAILED,BANK_ERROR,1,0.66,0,False,SEND_PAYMENT_LINK
CASE_07152,CUST_07152,Valerie Richardson,7999,FAILED,TIMEOUT,0,0.44,5,False,SEND_PAYMENT_LINK
CASE_07153,CUST_07153,Diana Davis,25000,FAILED,NETWORK_ERROR,2,0.43,0,False,SEND_PAYMENT_LINK
CASE_07154,CUST_07154,Theresa Turner,25000,ABANDONED,NONE,2,0.49,10,True,SEND_PAYMENT_LINK
CASE_07155,CUST_07155,Kevin Perry,15000,FAILED,TIMEOUT,3,0.85,0,False,STOP
CASE_07156,CUST_07156,Daniel Barnes,100000,FAILED,NETWORK_ERROR,1,0.52,45,False,ESCALATE_HUMAN
CASE_07157,CUST_07157,Colleen Hughes,2499,ABANDONED,NONE,2,0.49,15,True,SEND_PAYMENT_LINK
CASE_07158,CUST_07158,Trevor Krueger,75000,FAILED,INSUFFICIENT_FUNDS,2,0.64,45,False,ESCALATE_HUMAN
CASE_07159,CUST_07159,Kevin Olsen,15000,FAILED,TIMEOUT,0,0.9,30,False,ESCALATE_HUMAN
CASE_07160,CUST_07160,Javier Gomez,100000,ABANDONED,NONE,0,0.69,0,True,ESCALATE_HUMAN
CASE_07161,CUST_07161,Samantha Stewart,100000,FAILED,TIMEOUT,3,0.83,0,False,STOP
CASE_07162,CUST_07162,Adam Benson,75000,FAILED,BANK_ERROR,2,0.99,45,False,ESCALATE_HUMAN
CASE_07163,CUST_07163,Steven Franco,499,FAILED,BANK_ERROR,1,0.39,15,False,SEND_PAYMENT_LINK
CASE_07164,CUST_07164,Aaron Lopez,75000,ABANDONED,NONE,3,0.41,0,True,STOP
CASE_07165,CUST_07165,Sean Gill,499,FAILED,INSUFFICIENT_FUNDS,3,0.22,5,False,STOP
CASE_07166,CUST_07166,Karen Franklin,2499,FAILED,BANK_ERROR,0,0.88,20,False,RETRY_PAYMENT
CASE_07167,CUST_07167,Christie Walter,1499,FAILED,NETWORK_ERROR,0,0.75,5,False,RETRY_PAYMENT
CASE_07168,CUST_07168,Brittany Ferguson,999,ABANDONED,NONE,2,0.3,20,True,SEND_PAYMENT_LINK
CASE_07169,CUST_07169,Mitchell Rodgers,9999,FAILED,BANK_ERROR,0,0.5,10,False,RETRY_PAYMENT
CASE_07170,CUST_07170,Cole Dalton,25000,FAILED,BANK_ERROR,0,0.21,30,False,ESCALATE_HUMAN
CASE_07171,CUST_07171,Christopher Hunter,999,ABANDONED,NONE,0,0.68,10,True,SEND_PAYMENT_LINK
CASE_07172,CUST_07172,Kimberly Wang,7999,ABANDONED,NONE,2,0.24,0,True,SEND_PAYMENT_LINK
CASE_07173,CUST_07173,Thomas Ramirez,50000,FAILED,TIMEOUT,0,0.68,0,False,RETRY_PAYMENT
CASE_07174,CUST_07174,John King,7999,ABANDONED,NONE,3,0.84,5,True,STOP
CASE_07175,CUST_07175,Robert Ball,75000,FAILED,BANK_ERROR,3,1.0,15,False,STOP
CASE_07176,CUST_07176,Amy Williams,50000,FAILED,TIMEOUT,3,0.84,5,False,STOP
CASE_07177,CUST_07177,Theresa Hughes,7999,FAILED,INSUFFICIENT_FUNDS,0,0.39,0,False,SEND_PAYMENT_LINK
CASE_07178,CUST_07178,Barbara Reynolds,1499,FAILED,CARD_DECLINED,3,0.58,0,False,STOP
CASE_07179,CUST_07179,Kimberly Cole,499,ABANDONED,NONE,3,0.46,20,True,STOP
CASE_07180,CUST_07180,Abigail Patton,499,FAILED,INSUFFICIENT_FUNDS,1,0.97,15,False,SEND_PAYMENT_LINK
CASE_07181,CUST_07181,Grant Henson,15000,ABANDONED,NONE,3,0.43,10,True,STOP
CASE_07182,CUST_07182,Thomas Koch,50000,FAILED,INSUFFICIENT_FUNDS,3,0.27,15,False,STOP
CASE_07183,CUST_07183,Nicholas White,2499,FAILED,BANK_ERROR,3,0.89,30,False,STOP
CASE_07184,CUST_07184,David Miller Jr.,100000,FAILED,BANK_ERROR,3,0.99,15,False,STOP
CASE_07185,CUST_07185,Rhonda Cruz,25000,ABANDONED,NONE,0,0.52,45,True,ESCALATE_HUMAN
CASE_07186,CUST_07186,Jo Thomas PhD,2499,FAILED,NETWORK_ERROR,0,0.45,0,False,SEND_PAYMENT_LINK
CASE_07187,CUST_07187,Morgan Greene,999,FAILED,INSUFFICIENT_FUNDS,1,0.78,0,False,SEND_PAYMENT_LINK
CASE_07188,CUST_07188,Robert Cuevas,1499,FAILED,CARD_DECLINED,2,1.0,10,False,SEND_PAYMENT_LINK
CASE_07189,CUST_07189,Leonard Yu,9999,ABANDONED,NONE,1,0.26,5,True,SEND_PAYMENT_LINK
CASE_07190,CUST_07190,Aaron Owens,15000,FAILED,NETWORK_ERROR,2,0.27,0,False,SEND_PAYMENT_LINK
CASE_07191,CUST_07191,Kevin Holloway,75000,ABANDONED,NONE,3,0.68,10,True,STOP
CASE_07192,CUST_07192,Anthony Peterson,7999,FAILED,CARD_DECLINED,2,0.58,0,False,SEND_PAYMENT_LINK
CASE_07193,CUST_07193,April Rodriguez,2499,FAILED,TIMEOUT,0,0.72,0,False,SEND_PAYMENT_LINK
CASE_07194,CUST_07194,Scott Maldonado,9999,FAILED,NETWORK_ERROR,0,0.51,5,False,SEND_PAYMENT_LINK
CASE_07195,CUST_07195,Amy Thomas,499,FAILED,TIMEOUT,1,0.56,45,False,ESCALATE_HUMAN
CASE_07196,CUST_07196,William Orozco,2499,FAILED,CARD_DECLINED,0,0.56,0,False,SEND_PAYMENT_LINK
CASE_07197,CUST_07197,Cindy Allen,2499,FAILED,NETWORK_ERROR,3,0.49,20,False,STOP
CASE_07198,CUST_07198,Anthony Kim,4999,FAILED,TIMEOUT,0,0.66,15,False,RETRY_PAYMENT
CASE_07199,CUST_07199,David Horton,1499,ABANDONED,NONE,0,0.77,30,True,ESCALATE_HUMAN
CASE_07200,CUST_07200,Michael Carter,25000,FAILED,INSUFFICIENT_FUNDS,0,0.3,10,False,SEND_PAYMENT_LINK
CASE_07201,CUST_07201,Megan James,2499,FAILED,BANK_ERROR,2,0.97,0,False,RETRY_PAYMENT
CASE_07202,CUST_07202,Monique Thomas,999,FAILED,NETWORK_ERROR,2,0.9,20,False,RETRY_PAYMENT
CASE_07203,CUST_07203,Kyle Ward,9999,FAILED,INSUFFICIENT_FUNDS,1,0.3,0,False,SEND_PAYMENT_LINK
CASE_07204,CUST_07204,Kimberly Pearson,75000,ABANDONED,NONE,2,0.3,0,True,ESCALATE_HUMAN
CASE_07205,CUST_07205,Wesley Fischer,999,ABANDONED,NONE,2,0.52,5,True,SEND_PAYMENT_LINK
CASE_07206,CUST_07206,Robert Lee,25000,FAILED,TIMEOUT,2,0.69,5,False,RETRY_PAYMENT
CASE_07207,CUST_07207,Brittany Harrison,100000,ABANDONED,NONE,3,0.45,0,True,STOP
CASE_07208,CUST_07208,John Clark,15000,FAILED,NETWORK_ERROR,2,0.46,5,False,SEND_PAYMENT_LINK
CASE_07209,CUST_07209,Cynthia Lynch,999,ABANDONED,NONE,2,0.66,15,True,SEND_PAYMENT_LINK
CASE_07210,CUST_07210,Kimberly Carr,499,ABANDONED,NONE,0,0.82,10,True,SEND_PAYMENT_LINK
CASE_07211,CUST_07211,Joshua Fitzpatrick,999,FAILED,BANK_ERROR,3,0.98,0,False,STOP
CASE_07212,CUST_07212,Peggy Calderon,2499,FAILED,NETWORK_ERROR,1,0.71,0,False,SEND_PAYMENT_LINK
CASE_07213,CUST_07213,David Jones,25000,FAILED,NETWORK_ERROR,3,0.66,15,False,STOP
CASE_07214,CUST_07214,Lauren Kelly,15000,ABANDONED,NONE,0,0.29,45,True,ESCALATE_HUMAN
CASE_07215,CUST_07215,Tammy Boyd,2499,FAILED,INSUFFICIENT_FUNDS,0,0.76,15,False,SEND_PAYMENT_LINK
CASE_07216,CUST_07216,Michelle Brooks,75000,FAILED,INSUFFICIENT_FUNDS,3,0.45,30,False,STOP
CASE_07217,CUST_07217,Jo Walker,2499,FAILED,INSUFFICIENT_FUNDS,1,0.5,30,False,ESCALATE_HUMAN
CASE_07218,CUST_07218,Andrew Guzman,2499,ABANDONED,NONE,3,0.23,20,True,STOP
CASE_07219,CUST_07219,Mary Cooley,25000,FAILED,BANK_ERROR,2,0.87,0,False,RETRY_PAYMENT
CASE_07220,CUST_07220,Bradley Hines,75000,ABANDONED,NONE,2,0.24,0,True,ESCALATE_HUMAN
CASE_07221,CUST_07221,Keith Pittman,50000,FAILED,NETWORK_ERROR,0,0.27,0,False,SEND_PAYMENT_LINK
CASE_07222,CUST_07222,Connie Powell,25000,FAILED,CARD_DECLINED,3,0.65,30,False,STOP
CASE_07223,CUST_07223,Debra Burns,4999,FAILED,CARD_DECLINED,2,0.34,0,False,SEND_PAYMENT_LINK
CASE_07224,CUST_07224,Rebecca Griffin,7999,FAILED,TIMEOUT,2,0.59,0,False,RETRY_PAYMENT
CASE_07225,CUST_07225,Albert Smith,25000,FAILED,NETWORK_ERROR,1,0.51,45,False,ESCALATE_HUMAN
CASE_07226,CUST_07226,Cassie Martin,499,ABANDONED,NONE,1,0.79,0,True,SEND_PAYMENT_LINK
CASE_07227,CUST_07227,Joseph Stephens,4999,FAILED,NETWORK_ERROR,0,0.27,15,False,SEND_PAYMENT_LINK
CASE_07228,CUST_07228,Hannah Evans,4999,FAILED,NETWORK_ERROR,1,0.79,45,False,ESCALATE_HUMAN
CASE_07229,CUST_07229,Jackie Suarez,75000,FAILED,CARD_DECLINED,0,0.52,5,False,ESCALATE_HUMAN
CASE_07230,CUST_07230,Tina Rose,999,FAILED,BANK_ERROR,0,0.57,15,False,SEND_PAYMENT_LINK
CASE_07231,CUST_07231,Michael Roberts,25000,FAILED,BANK_ERROR,1,0.39,0,False,SEND_PAYMENT_LINK
CASE_07232,CUST_07232,Michael Wells,1499,FAILED,NETWORK_ERROR,3,0.6,15,False,STOP
CASE_07233,CUST_07233,Erin Owens,499,FAILED,CARD_DECLINED,2,0.95,20,False,SEND_PAYMENT_LINK
CASE_07234,CUST_07234,Richard Rodriguez,999,ABANDONED,NONE,1,0.75,0,True,SEND_PAYMENT_LINK
CASE_07235,CUST_07235,Katherine Mendez,4999,FAILED,BANK_ERROR,2,0.83,30,False,ESCALATE_HUMAN
CASE_07236,CUST_07236,Leslie Williams,75000,ABANDONED,NONE,1,0.32,15,True,ESCALATE_HUMAN
CASE_07237,CUST_07237,Rhonda Franco,75000,ABANDONED,NONE,1,0.76,10,True,ESCALATE_HUMAN
CASE_07238,CUST_07238,John Parker,1499,FAILED,INSUFFICIENT_FUNDS,1,0.21,10,False,SEND_PAYMENT_LINK
CASE_07239,CUST_07239,Christopher Ruiz,1499,FAILED,NETWORK_ERROR,1,0.92,10,False,RETRY_PAYMENT
CASE_07240,CUST_07240,Isaac Williams,999,FAILED,CARD_DECLINED,3,0.25,10,False,STOP
CASE_07241,CUST_07241,Jessica Rush MD,1499,FAILED,TIMEOUT,2,1.0,0,False,RETRY_PAYMENT
CASE_07242,CUST_07242,Jasmine Carlson,75000,FAILED,BANK_ERROR,0,0.89,15,False,ESCALATE_HUMAN
CASE_07243,CUST_07243,John Carpenter MD,7999,ABANDONED,NONE,3,0.69,5,True,STOP
CASE_07244,CUST_07244,Crystal Smith,9999,FAILED,BANK_ERROR,3,0.37,15,False,STOP
CASE_07245,CUST_07245,Meghan Fernandez,15000,FAILED,BANK_ERROR,0,0.54,0,False,RETRY_PAYMENT
CASE_07246,CUST_07246,Bradley Jackson,1499,FAILED,BANK_ERROR,2,0.28,0,False,SEND_PAYMENT_LINK
CASE_07247,CUST_07247,Lindsay Webb,2499,FAILED,TIMEOUT,0,0.22,15,False,SEND_PAYMENT_LINK
CASE_07248,CUST_07248,Catherine Hernandez,2499,FAILED,TIMEOUT,1,0.89,20,False,RETRY_PAYMENT
CASE_07249,CUST_07249,Heather Barnes,50000,FAILED,CARD_DECLINED,2,0.77,0,False,ESCALATE_HUMAN
CASE_07250,CUST_07250,Ashley Thomas,1499,FAILED,BANK_ERROR,1,0.88,0,False,RETRY_PAYMENT
CASE_07251,CUST_07251,Monica Martin,25000,ABANDONED,NONE,1,0.62,15,True,SEND_PAYMENT_LINK
CASE_07252,CUST_07252,Julia Harrison,100000,ABANDONED,NONE,0,0.95,10,True,ESCALATE_HUMAN
CASE_07253,CUST_07253,Matthew Hall,2499,FAILED,BANK_ERROR,3,0.21,45,False,STOP
CASE_07254,CUST_07254,Jordan Little,7999,ABANDONED,NONE,1,0.58,0,True,SEND_PAYMENT_LINK
CASE_07255,CUST_07255,Thomas Sanchez,999,FAILED,TIMEOUT,3,0.85,45,False,STOP
CASE_07256,CUST_07256,Cameron Fitzpatrick,1499,FAILED,NETWORK_ERROR,0,0.61,5,False,RETRY_PAYMENT
CASE_07257,CUST_07257,Mark Jones,7999,FAILED,CARD_DECLINED,1,0.26,30,False,ESCALATE_HUMAN
CASE_07258,CUST_07258,Donald Salazar,25000,FAILED,INSUFFICIENT_FUNDS,1,0.63,5,False,SEND_PAYMENT_LINK
CASE_07259,CUST_07259,Sara Becker,15000,FAILED,NETWORK_ERROR,1,0.63,0,False,RETRY_PAYMENT
CASE_07260,CUST_07260,Brenda Alexander,2499,ABANDONED,NONE,0,0.74,10,True,SEND_PAYMENT_LINK
CASE_07261,CUST_07261,Keith Horne,9999,FAILED,INSUFFICIENT_FUNDS,2,0.45,0,False,SEND_PAYMENT_LINK
CASE_07262,CUST_07262,Misty Gonzalez,15000,ABANDONED,NONE,0,0.21,5,True,SEND_PAYMENT_LINK
CASE_07263,CUST_07263,Carol Manning,7999,FAILED,CARD_DECLINED,1,0.88,10,False,SEND_PAYMENT_LINK
CASE_07264,CUST_07264,Mr. Chad Stephens PhD,25000,FAILED,TIMEOUT,0,0.73,0,False,RETRY_PAYMENT
CASE_07265,CUST_07265,Chad Jackson,100000,FAILED,CARD_DECLINED,2,0.25,0,False,ESCALATE_HUMAN
CASE_07266,CUST_07266,Leslie Davis,100000,FAILED,NETWORK_ERROR,3,0.67,45,False,STOP
CASE_07267,CUST_07267,Justin Thomas,1499,FAILED,CARD_DECLINED,3,0.79,5,False,STOP
CASE_07268,CUST_07268,Benjamin Williams,15000,FAILED,INSUFFICIENT_FUNDS,3,0.82,0,False,STOP
CASE_07269,CUST_07269,Jessica Crane,7999,FAILED,BANK_ERROR,0,0.56,0,False,RETRY_PAYMENT
CASE_07270,CUST_07270,Tom Shannon,9999,ABANDONED,NONE,0,0.72,20,True,SEND_PAYMENT_LINK
CASE_07271,CUST_07271,Stephanie Ali,2499,FAILED,TIMEOUT,0,0.66,0,False,SEND_PAYMENT_LINK
CASE_07272,CUST_07272,Shannon Gross,100000,FAILED,TIMEOUT,2,0.47,5,False,ESCALATE_HUMAN
CASE_07273,CUST_07273,Michael Kirk,499,FAILED,NETWORK_ERROR,1,0.78,5,False,RETRY_PAYMENT
CASE_07274,CUST_07274,Jessica Underwood,4999,FAILED,BANK_ERROR,3,0.59,0,False,STOP
CASE_07275,CUST_07275,Benjamin Lamb,15000,FAILED,BANK_ERROR,3,0.66,5,False,STOP
CASE_07276,CUST_07276,Ann Gray,499,ABANDONED,NONE,0,0.85,0,True,SEND_PAYMENT_LINK
CASE_07277,CUST_07277,Sara Buckley,499,FAILED,INSUFFICIENT_FUNDS,2,0.61,0,False,SEND_PAYMENT_LINK
CASE_07278,CUST_07278,Shane Dean,15000,FAILED,TIMEOUT,3,0.35,10,False,STOP
CASE_07279,CUST_07279,Dylan Vega,15000,FAILED,BANK_ERROR,2,0.55,10,False,SEND_PAYMENT_LINK
CASE_07280,CUST_07280,Joseph Santana,2499,FAILED,INSUFFICIENT_FUNDS,2,0.25,20,False,SEND_PAYMENT_LINK
CASE_07281,CUST_07281,Ronald Marks MD,7999,FAILED,CARD_DECLINED,0,0.47,5,False,SEND_PAYMENT_LINK
CASE_07282,CUST_07282,Amanda Bradley,9999,ABANDONED,NONE,0,0.3,30,True,ESCALATE_HUMAN
CASE_07283,CUST_07283,Cody Jennings,1499,FAILED,CARD_DECLINED,2,0.58,0,False,SEND_PAYMENT_LINK
CASE_07284,CUST_07284,Melissa Nichols,2499,FAILED,INSUFFICIENT_FUNDS,0,0.94,45,False,ESCALATE_HUMAN
CASE_07285,CUST_07285,Christina Davies,999,ABANDONED,NONE,2,0.42,20,True,SEND_PAYMENT_LINK
CASE_07286,CUST_07286,Bailey Lynch,7999,ABANDONED,NONE,0,0.86,30,True,ESCALATE_HUMAN
CASE_07287,CUST_07287,Erin Welch,4999,FAILED,BANK_ERROR,0,0.98,10,False,RETRY_PAYMENT
CASE_07288,CUST_07288,Johnny Horn,499,FAILED,TIMEOUT,2,0.94,15,False,RETRY_PAYMENT
CASE_07289,CUST_07289,Danielle Craig,9999,ABANDONED,NONE,2,0.21,0,True,SEND_PAYMENT_LINK
CASE_07290,CUST_07290,Dorothy Malone,499,FAILED,NETWORK_ERROR,3,0.84,5,False,STOP
CASE_07291,CUST_07291,Brian Ward,499,FAILED,TIMEOUT,1,0.91,0,False,RETRY_PAYMENT
CASE_07292,CUST_07292,Patrick Martinez,4999,FAILED,INSUFFICIENT_FUNDS,0,0.51,30,False,ESCALATE_HUMAN
CASE_07293,CUST_07293,Michael Cox,499,FAILED,INSUFFICIENT_FUNDS,2,0.96,15,False,SEND_PAYMENT_LINK
CASE_07294,CUST_07294,Melissa Meyer,4999,FAILED,TIMEOUT,0,0.21,10,False,SEND_PAYMENT_LINK
CASE_07295,CUST_07295,Brianna Decker,499,FAILED,INSUFFICIENT_FUNDS,3,0.4,15,False,STOP
CASE_07296,CUST_07296,Richard Peterson,4999,ABANDONED,NONE,3,0.62,5,True,STOP
CASE_07297,CUST_07297,James Powell,4999,ABANDONED,NONE,2,0.34,20,True,SEND_PAYMENT_LINK
CASE_07298,CUST_07298,Ruben Stephens,499,FAILED,CARD_DECLINED,1,0.89,20,False,SEND_PAYMENT_LINK
CASE_07299,CUST_07299,Mario Alexander,9999,FAILED,INSUFFICIENT_FUNDS,3,0.54,0,False,STOP
CASE_07300,CUST_07300,Lindsay Marquez,2499,FAILED,NETWORK_ERROR,2,0.79,0,False,RETRY_PAYMENT
CASE_07301,CUST_07301,Monica Robertson,25000,FAILED,BANK_ERROR,0,0.83,20,False,RETRY_PAYMENT
CASE_07302,CUST_07302,Tracy Lee,7999,FAILED,INSUFFICIENT_FUNDS,0,0.65,0,False,SEND_PAYMENT_LINK
CASE_07303,CUST_07303,Rebecca West,7999,FAILED,CARD_DECLINED,0,0.45,0,False,SEND_PAYMENT_LINK
CASE_07304,CUST_07304,Emily Wallace,7999,FAILED,NETWORK_ERROR,0,0.82,10,False,RETRY_PAYMENT
CASE_07305,CUST_07305,Cheryl Marsh,999,ABANDONED,NONE,2,0.58,30,True,ESCALATE_HUMAN
CASE_07306,CUST_07306,Jason Roberson,100000,ABANDONED,NONE,1,0.85,0,True,ESCALATE_HUMAN
CASE_07307,CUST_07307,Edwin White,75000,FAILED,BANK_ERROR,1,0.76,0,False,ESCALATE_HUMAN
CASE_07308,CUST_07308,Andrew Martinez,50000,ABANDONED,NONE,3,0.58,0,True,STOP
CASE_07309,CUST_07309,Dana Cooper,7999,FAILED,NETWORK_ERROR,0,0.53,10,False,SEND_PAYMENT_LINK
CASE_07310,CUST_07310,Christina Blevins,4999,ABANDONED,NONE,3,0.43,45,True,STOP
CASE_07311,CUST_07311,Jeffrey Miller,50000,FAILED,INSUFFICIENT_FUNDS,2,0.27,45,False,ESCALATE_HUMAN
CASE_07312,CUST_07312,Ryan Bush,2499,FAILED,CARD_DECLINED,0,0.89,5,False,SEND_PAYMENT_LINK
CASE_07313,CUST_07313,Susan Velasquez,15000,FAILED,INSUFFICIENT_FUNDS,2,0.81,0,False,SEND_PAYMENT_LINK
CASE_07314,CUST_07314,Jacob Klein,50000,ABANDONED,NONE,2,0.98,0,True,SEND_PAYMENT_LINK
CASE_07315,CUST_07315,Margaret Burnett,100000,FAILED,INSUFFICIENT_FUNDS,2,0.22,0,False,ESCALATE_HUMAN
CASE_07316,CUST_07316,Jaclyn Romero,50000,FAILED,NETWORK_ERROR,2,0.88,45,False,ESCALATE_HUMAN
CASE_07317,CUST_07317,George Brewer,4999,ABANDONED,NONE,1,0.91,0,True,SEND_PAYMENT_LINK
CASE_07318,CUST_07318,Tracy Watkins,75000,FAILED,CARD_DECLINED,3,0.65,30,False,STOP
CASE_07319,CUST_07319,Laura Harvey,2499,ABANDONED,NONE,3,0.73,30,True,STOP
CASE_07320,CUST_07320,Carrie Bradley,9999,FAILED,CARD_DECLINED,3,0.94,30,False,STOP
CASE_07321,CUST_07321,Robert Richardson,25000,FAILED,INSUFFICIENT_FUNDS,1,0.42,0,False,SEND_PAYMENT_LINK
CASE_07322,CUST_07322,Mary Jones,7999,FAILED,CARD_DECLINED,0,0.88,30,False,ESCALATE_HUMAN
CASE_07323,CUST_07323,Mrs. Audrey Roberts MD,999,ABANDONED,NONE,1,0.88,30,True,ESCALATE_HUMAN
CASE_07324,CUST_07324,Julia Hansen,4999,ABANDONED,NONE,3,0.85,20,True,STOP
CASE_07325,CUST_07325,George Jackson,9999,ABANDONED,NONE,0,0.75,0,True,SEND_PAYMENT_LINK
CASE_07326,CUST_07326,Aimee Harris,50000,FAILED,CARD_DECLINED,1,0.92,0,False,SEND_PAYMENT_LINK
CASE_07327,CUST_07327,Lisa Smith,4999,FAILED,INSUFFICIENT_FUNDS,1,0.29,20,False,SEND_PAYMENT_LINK
CASE_07328,CUST_07328,Joseph Villegas,50000,ABANDONED,NONE,0,0.62,15,True,SEND_PAYMENT_LINK
CASE_07329,CUST_07329,Brenda Marquez,9999,ABANDONED,NONE,2,0.66,0,True,SEND_PAYMENT_LINK
CASE_07330,CUST_07330,Marc Taylor,75000,FAILED,NETWORK_ERROR,1,0.84,20,False,ESCALATE_HUMAN
CASE_07331,CUST_07331,Jimmy Robinson,15000,FAILED,INSUFFICIENT_FUNDS,2,0.83,30,False,ESCALATE_HUMAN
CASE_07332,CUST_07332,Michael Keller,15000,FAILED,INSUFFICIENT_FUNDS,0,0.48,30,False,ESCALATE_HUMAN
CASE_07333,CUST_07333,Stanley Miranda,15000,FAILED,BANK_ERROR,2,1.0,0,False,RETRY_PAYMENT
CASE_07334,CUST_07334,Kelly Morris,100000,FAILED,INSUFFICIENT_FUNDS,2,0.97,10,False,ESCALATE_HUMAN
CASE_07335,CUST_07335,Justin Brown,50000,FAILED,TIMEOUT,2,0.57,15,False,RETRY_PAYMENT
CASE_07336,CUST_07336,Mrs. Jill Petersen DDS,9999,FAILED,NETWORK_ERROR,2,0.96,10,False,RETRY_PAYMENT
CASE_07337,CUST_07337,Jason Lopez,100000,FAILED,INSUFFICIENT_FUNDS,2,0.79,30,False,ESCALATE_HUMAN
CASE_07338,CUST_07338,Tina Davis,9999,ABANDONED,NONE,1,0.39,15,True,SEND_PAYMENT_LINK
CASE_07339,CUST_07339,Jessica Rodriguez,100000,FAILED,BANK_ERROR,0,0.77,15,False,ESCALATE_HUMAN
CASE_07340,CUST_07340,Erin Parsons,499,FAILED,BANK_ERROR,0,0.75,0,False,RETRY_PAYMENT
CASE_07341,CUST_07341,Dustin Gomez,15000,ABANDONED,NONE,1,0.62,0,True,SEND_PAYMENT_LINK
CASE_07342,CUST_07342,Omar Ward,15000,ABANDONED,NONE,2,0.74,45,True,ESCALATE_HUMAN
CASE_07343,CUST_07343,Gary Brooks,15000,FAILED,CARD_DECLINED,2,0.87,0,False,SEND_PAYMENT_LINK
CASE_07344,CUST_07344,Michelle Turner,100000,ABANDONED,NONE,3,0.22,20,True,STOP
CASE_07345,CUST_07345,Jeffery Gray,9999,FAILED,BANK_ERROR,3,0.55,10,False,STOP
CASE_07346,CUST_07346,Ronald Garner,4999,FAILED,CARD_DECLINED,2,0.36,15,False,SEND_PAYMENT_LINK
CASE_07347,CUST_07347,Erica Lee,499,FAILED,NETWORK_ERROR,3,0.84,20,False,STOP
CASE_07348,CUST_07348,Amanda Alvarado,7999,FAILED,NETWORK_ERROR,3,0.9,30,False,STOP
CASE_07349,CUST_07349,Mrs. Regina Scott MD,75000,FAILED,BANK_ERROR,2,0.59,20,False,ESCALATE_HUMAN
CASE_07350,CUST_07350,Joshua Rhodes,4999,FAILED,CARD_DECLINED,0,0.51,20,False,SEND_PAYMENT_LINK
CASE_07351,CUST_07351,Brian Sellers MD,50000,FAILED,TIMEOUT,3,0.84,15,False,STOP
CASE_07352,CUST_07352,Lisa Skinner,50000,FAILED,INSUFFICIENT_FUNDS,0,0.28,0,False,SEND_PAYMENT_LINK
CASE_07353,CUST_07353,Dennis Wagner,50000,ABANDONED,NONE,0,0.58,45,True,ESCALATE_HUMAN
CASE_07354,CUST_07354,Ashley Coleman,1499,FAILED,TIMEOUT,3,0.74,0,False,STOP
CASE_07355,CUST_07355,Caitlin Smith,25000,FAILED,BANK_ERROR,1,0.8,10,False,RETRY_PAYMENT
CASE_07356,CUST_07356,Zachary Rojas,100000,FAILED,BANK_ERROR,1,0.96,30,False,ESCALATE_HUMAN
CASE_07357,CUST_07357,Justin Williams,4999,FAILED,BANK_ERROR,3,0.66,0,False,STOP
CASE_07358,CUST_07358,Elizabeth House,4999,FAILED,TIMEOUT,0,0.27,20,False,SEND_PAYMENT_LINK
CASE_07359,CUST_07359,Theresa Lopez,75000,FAILED,CARD_DECLINED,0,0.29,0,False,ESCALATE_HUMAN
CASE_07360,CUST_07360,James Velasquez,50000,FAILED,NETWORK_ERROR,2,0.23,0,False,SEND_PAYMENT_LINK
CASE_07361,CUST_07361,Tyler Massey,999,FAILED,CARD_DECLINED,3,0.99,0,False,STOP
CASE_07362,CUST_07362,Allison Fisher,4999,ABANDONED,NONE,2,0.67,0,True,SEND_PAYMENT_LINK
CASE_07363,CUST_07363,Juan Hernandez,999,FAILED,TIMEOUT,1,0.86,0,False,RETRY_PAYMENT
CASE_07364,CUST_07364,Nicholas Meadows,7999,ABANDONED,NONE,3,0.74,10,True,STOP
CASE_07365,CUST_07365,Chelsea Christian,1499,FAILED,CARD_DECLINED,2,0.86,45,False,ESCALATE_HUMAN
CASE_07366,CUST_07366,Fernando Scott,75000,FAILED,NETWORK_ERROR,2,0.9,10,False,ESCALATE_HUMAN
CASE_07367,CUST_07367,Elizabeth Alexander,1499,FAILED,NETWORK_ERROR,1,0.58,30,False,ESCALATE_HUMAN
CASE_07368,CUST_07368,Suzanne Williams,2499,FAILED,CARD_DECLINED,2,0.24,5,False,SEND_PAYMENT_LINK
CASE_07369,CUST_07369,Michele Tran,499,FAILED,NETWORK_ERROR,3,0.83,0,False,STOP
CASE_07370,CUST_07370,Alexis Peterson,15000,FAILED,TIMEOUT,3,0.33,0,False,STOP
CASE_07371,CUST_07371,Joseph Simpson,7999,FAILED,BANK_ERROR,1,0.54,0,False,RETRY_PAYMENT
CASE_07372,CUST_07372,Emily Cunningham,75000,FAILED,CARD_DECLINED,1,0.75,0,False,ESCALATE_HUMAN
CASE_07373,CUST_07373,Elizabeth Oconnor,9999,ABANDONED,NONE,3,0.67,5,True,STOP
CASE_07374,CUST_07374,Bryan Smith,100000,FAILED,CARD_DECLINED,0,0.84,45,False,ESCALATE_HUMAN
CASE_07375,CUST_07375,Lori Mullins,9999,ABANDONED,NONE,1,0.61,30,True,ESCALATE_HUMAN
CASE_07376,CUST_07376,Joseph Morales,4999,ABANDONED,NONE,3,0.94,0,True,STOP
CASE_07377,CUST_07377,Luke Obrien,499,FAILED,TIMEOUT,3,0.5,0,False,STOP
CASE_07378,CUST_07378,Erin Peterson,50000,ABANDONED,NONE,3,0.45,10,True,STOP
CASE_07379,CUST_07379,Richard Blankenship,999,FAILED,NETWORK_ERROR,1,0.26,45,False,ESCALATE_HUMAN
CASE_07380,CUST_07380,John Mcdonald,499,FAILED,TIMEOUT,2,0.22,0,False,SEND_PAYMENT_LINK
CASE_07381,CUST_07381,Jocelyn Haney,100000,FAILED,NETWORK_ERROR,0,0.65,0,False,ESCALATE_HUMAN
CASE_07382,CUST_07382,Kelsey Gutierrez,50000,FAILED,BANK_ERROR,1,0.57,0,False,RETRY_PAYMENT
CASE_07383,CUST_07383,Alex Odonnell,15000,FAILED,INSUFFICIENT_FUNDS,3,0.38,15,False,STOP
CASE_07384,CUST_07384,Lori Hunter,7999,FAILED,TIMEOUT,1,0.5,0,False,SEND_PAYMENT_LINK
CASE_07385,CUST_07385,Courtney Morgan,499,FAILED,INSUFFICIENT_FUNDS,2,0.5,30,False,ESCALATE_HUMAN
CASE_07386,CUST_07386,Louis Olson,2499,FAILED,BANK_ERROR,3,0.25,0,False,STOP
CASE_07387,CUST_07387,Stephanie Norman,100000,FAILED,NETWORK_ERROR,2,0.65,0,False,ESCALATE_HUMAN
CASE_07388,CUST_07388,Misty Wilson PhD,15000,FAILED,NETWORK_ERROR,0,0.84,5,False,RETRY_PAYMENT
CASE_07389,CUST_07389,Andrea Young,499,FAILED,TIMEOUT,3,0.37,5,False,STOP
CASE_07390,CUST_07390,Mark Roberts,2499,ABANDONED,NONE,0,0.27,0,True,SEND_PAYMENT_LINK
CASE_07391,CUST_07391,Deanna Kelley,999,FAILED,CARD_DECLINED,1,0.53,0,False,SEND_PAYMENT_LINK
CASE_07392,CUST_07392,Christopher Barnes,25000,FAILED,BANK_ERROR,2,0.21,0,False,SEND_PAYMENT_LINK
CASE_07393,CUST_07393,Michael Mueller,9999,FAILED,BANK_ERROR,3,0.47,20,False,STOP
CASE_07394,CUST_07394,Timothy Torres,9999,FAILED,BANK_ERROR,2,0.88,10,False,RETRY_PAYMENT
CASE_07395,CUST_07395,Mr. Jeffrey Shaw MD,2499,FAILED,CARD_DECLINED,0,0.87,30,False,ESCALATE_HUMAN
CASE_07396,CUST_07396,Eric Garza,999,FAILED,CARD_DECLINED,0,1.0,0,False,SEND_PAYMENT_LINK
CASE_07397,CUST_07397,Heather Lucero,4999,FAILED,TIMEOUT,0,0.92,5,False,RETRY_PAYMENT
CASE_07398,CUST_07398,Christian Pratt,999,FAILED,CARD_DECLINED,2,0.69,20,False,SEND_PAYMENT_LINK
CASE_07399,CUST_07399,Lisa Cole,499,FAILED,NETWORK_ERROR,3,0.68,5,False,STOP
CASE_07400,CUST_07400,Brenda Lopez,100000,FAILED,NETWORK_ERROR,3,0.69,20,False,STOP
CASE_07401,CUST_07401,Sandra Wilson,499,FAILED,INSUFFICIENT_FUNDS,2,0.5,15,False,SEND_PAYMENT_LINK
CASE_07402,CUST_07402,Ryan Knapp,15000,FAILED,TIMEOUT,2,0.34,10,False,SEND_PAYMENT_LINK
CASE_07403,CUST_07403,David Smith,9999,FAILED,TIMEOUT,3,0.67,10,False,STOP
CASE_07404,CUST_07404,Brandon Schneider,75000,ABANDONED,NONE,0,0.82,30,True,ESCALATE_HUMAN
CASE_07405,CUST_07405,Cynthia Franklin,7999,FAILED,TIMEOUT,1,0.6,30,False,ESCALATE_HUMAN
CASE_07406,CUST_07406,Matthew Howard,999,FAILED,INSUFFICIENT_FUNDS,0,0.51,15,False,SEND_PAYMENT_LINK
CASE_07407,CUST_07407,Maria Green,25000,FAILED,TIMEOUT,3,0.74,15,False,STOP
CASE_07408,CUST_07408,Roberto Robertson,7999,ABANDONED,NONE,0,0.65,20,True,SEND_PAYMENT_LINK
CASE_07409,CUST_07409,Stephanie Williams,15000,ABANDONED,NONE,2,0.91,10,True,SEND_PAYMENT_LINK
CASE_07410,CUST_07410,Michael Jones,4999,FAILED,TIMEOUT,2,0.92,10,False,RETRY_PAYMENT
CASE_07411,CUST_07411,Matthew Yates,100000,FAILED,CARD_DECLINED,2,0.81,20,False,ESCALATE_HUMAN
CASE_07412,CUST_07412,Mark Taylor,15000,FAILED,CARD_DECLINED,0,0.76,0,False,SEND_PAYMENT_LINK
CASE_07413,CUST_07413,Tasha Allen,999,FAILED,TIMEOUT,1,0.55,45,False,ESCALATE_HUMAN
CASE_07414,CUST_07414,Valerie Jimenez,75000,ABANDONED,NONE,1,0.53,10,True,ESCALATE_HUMAN
CASE_07415,CUST_07415,Sean Maldonado,50000,ABANDONED,NONE,0,0.43,10,True,SEND_PAYMENT_LINK
CASE_07416,CUST_07416,Daniel Payne II,999,ABANDONED,NONE,0,0.44,0,True,SEND_PAYMENT_LINK
CASE_07417,CUST_07417,Darrell Sims,15000,ABANDONED,NONE,0,0.55,0,True,SEND_PAYMENT_LINK
CASE_07418,CUST_07418,Tony Spence,499,ABANDONED,NONE,0,0.92,5,True,SEND_PAYMENT_LINK
CASE_07419,CUST_07419,Jo Garner,9999,FAILED,CARD_DECLINED,3,0.32,5,False,STOP
CASE_07420,CUST_07420,Danielle Shelton,50000,ABANDONED,NONE,3,0.53,0,True,STOP
CASE_07421,CUST_07421,Stephen Acosta,75000,FAILED,INSUFFICIENT_FUNDS,2,0.3,30,False,ESCALATE_HUMAN
CASE_07422,CUST_07422,Justin Freeman,999,FAILED,TIMEOUT,0,0.84,20,False,RETRY_PAYMENT
CASE_07423,CUST_07423,Heather Goodwin,499,FAILED,NETWORK_ERROR,2,0.81,0,False,RETRY_PAYMENT
CASE_07424,CUST_07424,Joseph Hill,100000,FAILED,TIMEOUT,3,0.93,45,False,STOP
CASE_07425,CUST_07425,Ann Acevedo,4999,FAILED,CARD_DECLINED,2,0.98,15,False,SEND_PAYMENT_LINK
CASE_07426,CUST_07426,Joshua Carlson,15000,ABANDONED,NONE,0,0.62,20,True,SEND_PAYMENT_LINK
CASE_07427,CUST_07427,Tracy Mccarthy,15000,ABANDONED,NONE,0,0.55,30,True,ESCALATE_HUMAN
CASE_07428,CUST_07428,Michele Franklin,1499,FAILED,CARD_DECLINED,1,0.84,0,False,SEND_PAYMENT_LINK
CASE_07429,CUST_07429,Patrick Guerra,25000,FAILED,INSUFFICIENT_FUNDS,0,0.41,0,False,SEND_PAYMENT_LINK
CASE_07430,CUST_07430,Brandon Rice,75000,FAILED,TIMEOUT,2,0.33,0,False,ESCALATE_HUMAN
CASE_07431,CUST_07431,Joanna Brown,100000,FAILED,CARD_DECLINED,3,0.63,5,False,STOP
CASE_07432,CUST_07432,Laura Richardson,9999,ABANDONED,NONE,2,0.83,0,True,SEND_PAYMENT_LINK
CASE_07433,CUST_07433,Jacqueline Walter,25000,FAILED,BANK_ERROR,0,0.48,10,False,SEND_PAYMENT_LINK
CASE_07434,CUST_07434,Brian Patterson,4999,ABANDONED,NONE,3,0.67,45,True,STOP
CASE_07435,CUST_07435,Taylor Morales,25000,FAILED,TIMEOUT,1,0.74,0,False,RETRY_PAYMENT
CASE_07436,CUST_07436,Gregory Garcia,9999,FAILED,TIMEOUT,1,0.53,0,False,SEND_PAYMENT_LINK
CASE_07437,CUST_07437,Glenda Hodge,25000,FAILED,BANK_ERROR,2,0.59,0,False,SEND_PAYMENT_LINK
CASE_07438,CUST_07438,Shannon Moore,9999,FAILED,TIMEOUT,3,0.77,30,False,STOP
CASE_07439,CUST_07439,James Terry,499,FAILED,INSUFFICIENT_FUNDS,2,0.7,0,False,SEND_PAYMENT_LINK
CASE_07440,CUST_07440,Edward Parker,7999,FAILED,NETWORK_ERROR,3,0.92,0,False,STOP
CASE_07441,CUST_07441,Erik Robertson,9999,ABANDONED,NONE,1,0.99,20,True,SEND_PAYMENT_LINK
CASE_07442,CUST_07442,Jennifer Gibbs,7999,ABANDONED,NONE,1,0.51,0,True,SEND_PAYMENT_LINK
CASE_07443,CUST_07443,Lauren Marshall,1499,FAILED,BANK_ERROR,3,0.61,5,False,STOP
CASE_07444,CUST_07444,Eric Foster,1499,FAILED,CARD_DECLINED,1,0.34,10,False,SEND_PAYMENT_LINK
CASE_07445,CUST_07445,Jeanette Miller,7999,FAILED,CARD_DECLINED,0,0.51,10,False,SEND_PAYMENT_LINK
CASE_07446,CUST_07446,Vicki Rush,499,ABANDONED,NONE,3,0.86,45,True,STOP
CASE_07447,CUST_07447,Jessica Larsen,15000,FAILED,CARD_DECLINED,1,0.71,10,False,SEND_PAYMENT_LINK
CASE_07448,CUST_07448,Mrs. Tara Jones,999,FAILED,TIMEOUT,0,0.55,15,False,RETRY_PAYMENT
CASE_07449,CUST_07449,Hannah Wilkins,25000,FAILED,BANK_ERROR,1,0.96,0,False,RETRY_PAYMENT
CASE_07450,CUST_07450,Ricky Ward,4999,ABANDONED,NONE,0,0.38,15,True,SEND_PAYMENT_LINK
CASE_07451,CUST_07451,Mark Bishop,75000,ABANDONED,NONE,0,0.77,30,True,ESCALATE_HUMAN
CASE_07452,CUST_07452,Gregory Bowers,499,ABANDONED,NONE,2,0.65,5,True,SEND_PAYMENT_LINK
CASE_07453,CUST_07453,Joshua Myers,15000,FAILED,CARD_DECLINED,0,0.43,30,False,ESCALATE_HUMAN
CASE_07454,CUST_07454,Kent Snow,50000,FAILED,INSUFFICIENT_FUNDS,1,0.25,30,False,ESCALATE_HUMAN
CASE_07455,CUST_07455,Walter Brown,499,FAILED,NETWORK_ERROR,0,0.33,30,False,ESCALATE_HUMAN
CASE_07456,CUST_07456,Kurt Sanchez,9999,FAILED,INSUFFICIENT_FUNDS,0,1.0,0,False,SEND_PAYMENT_LINK
CASE_07457,CUST_07457,Thomas Hunt,75000,FAILED,INSUFFICIENT_FUNDS,0,0.92,0,False,ESCALATE_HUMAN
CASE_07458,CUST_07458,Tina Chambers,50000,FAILED,NETWORK_ERROR,2,0.44,5,False,SEND_PAYMENT_LINK
CASE_07459,CUST_07459,Lisa Lewis,25000,FAILED,CARD_DECLINED,2,0.34,10,False,SEND_PAYMENT_LINK
CASE_07460,CUST_07460,Douglas Scott,499,ABANDONED,NONE,1,0.61,45,True,ESCALATE_HUMAN
CASE_07461,CUST_07461,Chelsea Baldwin,7999,FAILED,NETWORK_ERROR,1,0.48,5,False,SEND_PAYMENT_LINK
CASE_07462,CUST_07462,Christopher Porter,1499,FAILED,INSUFFICIENT_FUNDS,1,0.97,15,False,SEND_PAYMENT_LINK
CASE_07463,CUST_07463,Brooke Lloyd,999,FAILED,INSUFFICIENT_FUNDS,0,0.29,15,False,SEND_PAYMENT_LINK
CASE_07464,CUST_07464,Jose Gonzalez,1499,FAILED,NETWORK_ERROR,0,0.27,30,False,ESCALATE_HUMAN
CASE_07465,CUST_07465,Angela Gomez,25000,ABANDONED,NONE,2,0.21,15,True,SEND_PAYMENT_LINK
CASE_07466,CUST_07466,Martin Cole,999,FAILED,CARD_DECLINED,0,0.9,10,False,SEND_PAYMENT_LINK
CASE_07467,CUST_07467,Teresa Maynard,999,FAILED,INSUFFICIENT_FUNDS,0,0.86,0,False,SEND_PAYMENT_LINK
CASE_07468,CUST_07468,Christopher Rodriguez,1499,FAILED,TIMEOUT,3,0.41,0,False,STOP
CASE_07469,CUST_07469,Michael Bartlett,4999,FAILED,TIMEOUT,2,0.54,5,False,RETRY_PAYMENT
CASE_07470,CUST_07470,Richard Cook,1499,ABANDONED,NONE,3,0.76,0,True,STOP
CASE_07471,CUST_07471,Douglas Swanson,9999,FAILED,NETWORK_ERROR,1,0.61,5,False,RETRY_PAYMENT
CASE_07472,CUST_07472,Scott Ortega,1499,FAILED,BANK_ERROR,1,0.68,20,False,SEND_PAYMENT_LINK
CASE_07473,CUST_07473,Daniel Holden,7999,ABANDONED,NONE,1,0.53,0,True,SEND_PAYMENT_LINK
CASE_07474,CUST_07474,John Robinson,15000,FAILED,BANK_ERROR,2,0.86,0,False,RETRY_PAYMENT
CASE_07475,CUST_07475,Yvonne King MD,2499,ABANDONED,NONE,1,0.69,10,True,SEND_PAYMENT_LINK
CASE_07476,CUST_07476,Jordan Soto,50000,FAILED,BANK_ERROR,2,0.63,0,False,RETRY_PAYMENT
CASE_07477,CUST_07477,Lisa Hansen,9999,ABANDONED,NONE,2,0.9,20,True,SEND_PAYMENT_LINK
CASE_07478,CUST_07478,Mark Miller,4999,FAILED,NETWORK_ERROR,2,0.74,5,False,RETRY_PAYMENT
CASE_07479,CUST_07479,Kelsey Johnson,4999,FAILED,CARD_DECLINED,2,0.5,20,False,SEND_PAYMENT_LINK
CASE_07480,CUST_07480,Christopher Sanchez,25000,FAILED,INSUFFICIENT_FUNDS,0,0.8,15,False,SEND_PAYMENT_LINK
CASE_07481,CUST_07481,Derek Hancock,999,FAILED,NETWORK_ERROR,1,0.83,0,False,RETRY_PAYMENT
CASE_07482,CUST_07482,Mrs. Tammy Foley,25000,ABANDONED,NONE,3,0.9,5,True,STOP
CASE_07483,CUST_07483,Kirsten Savage,2499,FAILED,BANK_ERROR,1,0.21,0,False,SEND_PAYMENT_LINK
CASE_07484,CUST_07484,Ryan Flores,2499,FAILED,BANK_ERROR,1,0.28,20,False,SEND_PAYMENT_LINK
CASE_07485,CUST_07485,Anthony Garcia,499,FAILED,INSUFFICIENT_FUNDS,0,0.69,0,False,SEND_PAYMENT_LINK
CASE_07486,CUST_07486,Suzanne Miller,15000,FAILED,INSUFFICIENT_FUNDS,0,0.22,10,False,SEND_PAYMENT_LINK
CASE_07487,CUST_07487,Sabrina Whitehead,2499,ABANDONED,NONE,3,0.54,10,True,STOP
CASE_07488,CUST_07488,Trevor Mccullough,15000,FAILED,NETWORK_ERROR,1,0.51,0,False,RETRY_PAYMENT
CASE_07489,CUST_07489,Mary Powell,15000,ABANDONED,NONE,3,0.36,45,True,STOP
CASE_07490,CUST_07490,Kathleen Fuentes,499,FAILED,BANK_ERROR,3,0.35,0,False,STOP
CASE_07491,CUST_07491,Cody Frost,25000,FAILED,BANK_ERROR,1,0.91,0,False,RETRY_PAYMENT
CASE_07492,CUST_07492,Alison Mann,50000,ABANDONED,NONE,0,0.27,45,True,ESCALATE_HUMAN
CASE_07493,CUST_07493,Molly Burns,1499,FAILED,NETWORK_ERROR,3,0.24,30,False,STOP
CASE_07494,CUST_07494,Rodney Torres,7999,FAILED,CARD_DECLINED,3,0.31,0,False,STOP
CASE_07495,CUST_07495,Allison Mullen,50000,ABANDONED,NONE,1,0.52,45,True,ESCALATE_HUMAN
CASE_07496,CUST_07496,Jacqueline Hill,75000,FAILED,CARD_DECLINED,0,0.9,45,False,ESCALATE_HUMAN
CASE_07497,CUST_07497,Deborah Garrett,50000,ABANDONED,NONE,0,0.21,20,True,SEND_PAYMENT_LINK
CASE_07498,CUST_07498,Donna Jenkins,25000,FAILED,BANK_ERROR,3,0.67,10,False,STOP
CASE_07499,CUST_07499,Patrick Jensen,100000,FAILED,INSUFFICIENT_FUNDS,1,0.64,10,False,ESCALATE_HUMAN
CASE_07500,CUST_07500,Michael Francis,9999,FAILED,CARD_DECLINED,0,0.54,0,False,SEND_PAYMENT_LINK
CASE_07501,CUST_07501,Catherine Houston,75000,ABANDONED,NONE,1,0.33,10,True,ESCALATE_HUMAN
CASE_07502,CUST_07502,Christy Rodriguez,999,ABANDONED,NONE,3,0.21,0,True,STOP
CASE_07503,CUST_07503,Peter Arnold,499,FAILED,CARD_DECLINED,1,0.41,0,False,SEND_PAYMENT_LINK
CASE_07504,CUST_07504,Brandon Washington,50000,FAILED,INSUFFICIENT_FUNDS,2,0.93,30,False,ESCALATE_HUMAN
CASE_07505,CUST_07505,Brenda Gillespie,25000,FAILED,INSUFFICIENT_FUNDS,1,0.35,20,False,SEND_PAYMENT_LINK
CASE_07506,CUST_07506,Alexander Steele,7999,ABANDONED,NONE,3,0.93,0,True,STOP
CASE_07507,CUST_07507,Michael Smith,9999,FAILED,BANK_ERROR,0,0.37,45,False,ESCALATE_HUMAN
CASE_07508,CUST_07508,James Curtis III,100000,FAILED,NETWORK_ERROR,3,0.8,20,False,STOP
CASE_07509,CUST_07509,James Kennedy,4999,FAILED,INSUFFICIENT_FUNDS,3,0.71,10,False,STOP
CASE_07510,CUST_07510,Charles Ray,2499,FAILED,CARD_DECLINED,3,0.78,0,False,STOP
CASE_07511,CUST_07511,Allison Navarro,100000,FAILED,NETWORK_ERROR,1,0.94,15,False,ESCALATE_HUMAN
CASE_07512,CUST_07512,Amanda Mcpherson,100000,FAILED,NETWORK_ERROR,0,0.3,45,False,ESCALATE_HUMAN
CASE_07513,CUST_07513,Amanda Brown,25000,ABANDONED,NONE,0,0.43,0,True,SEND_PAYMENT_LINK
CASE_07514,CUST_07514,Amanda Watson,7999,FAILED,NETWORK_ERROR,0,0.39,30,False,ESCALATE_HUMAN
CASE_07515,CUST_07515,George Wilson,2499,FAILED,INSUFFICIENT_FUNDS,1,0.98,0,False,SEND_PAYMENT_LINK
CASE_07516,CUST_07516,Chelsea Clarke,15000,FAILED,NETWORK_ERROR,1,0.42,10,False,SEND_PAYMENT_LINK
CASE_07517,CUST_07517,Kristin Pope,100000,FAILED,BANK_ERROR,1,0.87,30,False,ESCALATE_HUMAN
CASE_07518,CUST_07518,Veronica Wright,25000,FAILED,NETWORK_ERROR,1,0.78,0,False,RETRY_PAYMENT
CASE_07519,CUST_07519,Jonathan Thomas,7999,ABANDONED,NONE,3,0.55,0,True,STOP
CASE_07520,CUST_07520,Kayla Daniel,25000,FAILED,TIMEOUT,3,0.62,20,False,STOP
CASE_07521,CUST_07521,Jessica Pham,4999,FAILED,TIMEOUT,2,0.55,10,False,RETRY_PAYMENT
CASE_07522,CUST_07522,Jasmin Crawford,9999,FAILED,TIMEOUT,3,0.61,15,False,STOP
CASE_07523,CUST_07523,Gavin Blair,9999,FAILED,BANK_ERROR,2,0.92,10,False,RETRY_PAYMENT
CASE_07524,CUST_07524,Christy Ballard,1499,FAILED,INSUFFICIENT_FUNDS,3,0.52,0,False,STOP
CASE_07525,CUST_07525,Michael Morrow,50000,FAILED,CARD_DECLINED,0,1.0,0,False,ESCALATE_HUMAN
CASE_07526,CUST_07526,Stephanie Rodriguez,100000,ABANDONED,NONE,3,0.69,0,True,STOP
CASE_07527,CUST_07527,Matthew Frost,9999,FAILED,TIMEOUT,2,0.99,10,False,RETRY_PAYMENT
CASE_07528,CUST_07528,John Williams,999,FAILED,CARD_DECLINED,1,0.55,5,False,SEND_PAYMENT_LINK
CASE_07529,CUST_07529,William Terrell,25000,ABANDONED,NONE,1,0.99,0,True,SEND_PAYMENT_LINK
CASE_07530,CUST_07530,Dawn Lawson,2499,ABANDONED,NONE,1,0.32,10,True,SEND_PAYMENT_LINK
CASE_07531,CUST_07531,Kimberly Duran,9999,ABANDONED,NONE,1,0.65,20,True,SEND_PAYMENT_LINK
CASE_07532,CUST_07532,Christopher Perez,999,FAILED,BANK_ERROR,2,0.52,30,False,ESCALATE_HUMAN
CASE_07533,CUST_07533,Deborah Gonzalez,4999,FAILED,CARD_DECLINED,2,0.36,0,False,SEND_PAYMENT_LINK
CASE_07534,CUST_07534,Carrie Jefferson,100000,FAILED,CARD_DECLINED,1,0.53,30,False,ESCALATE_HUMAN
CASE_07535,CUST_07535,Wendy Williams,2499,FAILED,TIMEOUT,3,0.23,0,False,STOP
CASE_07536,CUST_07536,Jennifer Thompson,1499,ABANDONED,NONE,3,0.89,20,True,STOP
CASE_07537,CUST_07537,Theresa Richard,75000,FAILED,CARD_DECLINED,3,0.26,0,False,STOP
CASE_07538,CUST_07538,Daniel Ramirez,50000,FAILED,TIMEOUT,0,0.68,20,False,RETRY_PAYMENT
CASE_07539,CUST_07539,Mark Morgan,75000,FAILED,INSUFFICIENT_FUNDS,2,0.95,5,False,ESCALATE_HUMAN
CASE_07540,CUST_07540,Alexis Hernandez,499,FAILED,TIMEOUT,3,0.91,10,False,STOP
CASE_07541,CUST_07541,Tammy Anderson,9999,FAILED,NETWORK_ERROR,2,0.89,0,False,RETRY_PAYMENT
CASE_07542,CUST_07542,Peter Johnson,499,FAILED,BANK_ERROR,1,0.47,45,False,ESCALATE_HUMAN
CASE_07543,CUST_07543,Allen Martin,50000,ABANDONED,NONE,1,0.25,5,True,SEND_PAYMENT_LINK
CASE_07544,CUST_07544,Tanya Bates,1499,FAILED,NETWORK_ERROR,3,0.5,20,False,STOP
CASE_07545,CUST_07545,Jose Gonzales,50000,FAILED,TIMEOUT,3,0.25,45,False,STOP
CASE_07546,CUST_07546,Debra Harvey,75000,ABANDONED,NONE,0,0.89,30,True,ESCALATE_HUMAN
CASE_07547,CUST_07547,Lisa Barron,999,FAILED,INSUFFICIENT_FUNDS,0,0.71,15,False,SEND_PAYMENT_LINK
CASE_07548,CUST_07548,Tyler Dean,499,FAILED,NETWORK_ERROR,2,0.34,30,False,ESCALATE_HUMAN
CASE_07549,CUST_07549,Jeremy Oconnor,9999,FAILED,BANK_ERROR,2,0.87,10,False,RETRY_PAYMENT
CASE_07550,CUST_07550,Katherine Hays,75000,ABANDONED,NONE,2,0.31,20,True,ESCALATE_HUMAN
CASE_07551,CUST_07551,Kevin Davis,75000,FAILED,TIMEOUT,2,0.98,10,False,ESCALATE_HUMAN
CASE_07552,CUST_07552,Angela Olsen,15000,ABANDONED,NONE,2,0.26,20,True,SEND_PAYMENT_LINK
CASE_07553,CUST_07553,Alexis Martinez,499,FAILED,CARD_DECLINED,2,0.76,15,False,SEND_PAYMENT_LINK
CASE_07554,CUST_07554,William Schneider,2499,ABANDONED,NONE,2,0.49,45,True,ESCALATE_HUMAN
CASE_07555,CUST_07555,Claire Jones,15000,FAILED,CARD_DECLINED,1,0.25,0,False,SEND_PAYMENT_LINK
CASE_07556,CUST_07556,Ronald Turner,75000,FAILED,INSUFFICIENT_FUNDS,1,0.97,45,False,ESCALATE_HUMAN
CASE_07557,CUST_07557,David Rodriguez,100000,FAILED,BANK_ERROR,0,0.84,0,False,ESCALATE_HUMAN
CASE_07558,CUST_07558,Mark Arias,9999,FAILED,BANK_ERROR,0,0.93,5,False,RETRY_PAYMENT
CASE_07559,CUST_07559,Taylor Adams,75000,FAILED,CARD_DECLINED,3,0.57,10,False,STOP
CASE_07560,CUST_07560,Amber Underwood,4999,FAILED,BANK_ERROR,1,0.82,0,False,RETRY_PAYMENT
CASE_07561,CUST_07561,Aaron Hill,50000,FAILED,INSUFFICIENT_FUNDS,3,0.62,30,False,STOP
CASE_07562,CUST_07562,Walter Diaz,100000,FAILED,TIMEOUT,2,1.0,30,False,ESCALATE_HUMAN
CASE_07563,CUST_07563,Carolyn Wilson,15000,FAILED,INSUFFICIENT_FUNDS,3,0.78,30,False,STOP
CASE_07564,CUST_07564,Regina Woodward,1499,FAILED,INSUFFICIENT_FUNDS,0,0.65,0,False,SEND_PAYMENT_LINK
CASE_07565,CUST_07565,Lindsay Solomon,9999,ABANDONED,NONE,0,0.22,30,True,ESCALATE_HUMAN
CASE_07566,CUST_07566,Michael Stewart,25000,FAILED,INSUFFICIENT_FUNDS,1,0.69,0,False,SEND_PAYMENT_LINK
CASE_07567,CUST_07567,Angel Huffman,50000,FAILED,TIMEOUT,3,0.71,0,False,STOP
CASE_07568,CUST_07568,Eric Mills,999,FAILED,CARD_DECLINED,1,0.54,45,False,ESCALATE_HUMAN
CASE_07569,CUST_07569,Ashley Hawkins,7999,ABANDONED,NONE,0,0.97,0,True,SEND_PAYMENT_LINK
CASE_07570,CUST_07570,Randy Kramer,4999,FAILED,TIMEOUT,2,0.71,30,False,ESCALATE_HUMAN
CASE_07571,CUST_07571,Yvonne Casey,50000,FAILED,INSUFFICIENT_FUNDS,2,0.38,15,False,SEND_PAYMENT_LINK
CASE_07572,CUST_07572,Jill Small,7999,FAILED,BANK_ERROR,1,0.43,10,False,SEND_PAYMENT_LINK
CASE_07573,CUST_07573,Autumn Raymond,4999,FAILED,NETWORK_ERROR,0,0.61,0,False,RETRY_PAYMENT
CASE_07574,CUST_07574,James Hernandez,75000,FAILED,TIMEOUT,1,0.67,10,False,ESCALATE_HUMAN
CASE_07575,CUST_07575,Kelly Jones,2499,FAILED,NETWORK_ERROR,2,0.89,0,False,RETRY_PAYMENT
CASE_07576,CUST_07576,James Thompson,100000,ABANDONED,NONE,1,1.0,0,True,ESCALATE_HUMAN
CASE_07577,CUST_07577,Kathryn Adkins,1499,FAILED,TIMEOUT,0,0.84,0,False,RETRY_PAYMENT
CASE_07578,CUST_07578,Angela Clarke,9999,FAILED,BANK_ERROR,0,0.98,45,False,ESCALATE_HUMAN
CASE_07579,CUST_07579,Christine Thompson,999,FAILED,INSUFFICIENT_FUNDS,2,0.81,45,False,ESCALATE_HUMAN
CASE_07580,CUST_07580,Nathaniel Townsend Jr.,25000,FAILED,NETWORK_ERROR,3,0.24,0,False,STOP
CASE_07581,CUST_07581,David Williams,7999,FAILED,NETWORK_ERROR,0,0.7,0,False,SEND_PAYMENT_LINK
CASE_07582,CUST_07582,Robert Williams,1499,ABANDONED,NONE,1,0.35,20,True,SEND_PAYMENT_LINK
CASE_07583,CUST_07583,Craig Harris,1499,FAILED,BANK_ERROR,1,0.54,30,False,ESCALATE_HUMAN
CASE_07584,CUST_07584,Shane Mata,1499,FAILED,NETWORK_ERROR,0,0.4,30,False,ESCALATE_HUMAN
CASE_07585,CUST_07585,Jack Taylor,499,ABANDONED,NONE,1,0.55,45,True,ESCALATE_HUMAN
CASE_07586,CUST_07586,Mary Wilson,15000,ABANDONED,NONE,2,0.33,5,True,SEND_PAYMENT_LINK
CASE_07587,CUST_07587,Barbara Jones,50000,ABANDONED,NONE,1,0.51,0,True,SEND_PAYMENT_LINK
CASE_07588,CUST_07588,Amy Moreno,25000,FAILED,INSUFFICIENT_FUNDS,2,0.41,45,False,ESCALATE_HUMAN
CASE_07589,CUST_07589,Valerie Richmond,75000,FAILED,CARD_DECLINED,2,0.56,0,False,ESCALATE_HUMAN
CASE_07590,CUST_07590,William Harding,25000,FAILED,NETWORK_ERROR,1,0.79,0,False,RETRY_PAYMENT
CASE_07591,CUST_07591,Brandy Montes,999,ABANDONED,NONE,2,0.28,15,True,SEND_PAYMENT_LINK
CASE_07592,CUST_07592,Jennifer Foster,1499,ABANDONED,NONE,2,0.56,45,True,ESCALATE_HUMAN
CASE_07593,CUST_07593,Norma Baker,100000,ABANDONED,NONE,0,0.49,15,True,ESCALATE_HUMAN
CASE_07594,CUST_07594,Lawrence Hunt,100000,FAILED,BANK_ERROR,1,0.26,30,False,ESCALATE_HUMAN
CASE_07595,CUST_07595,Amanda Woods,50000,FAILED,TIMEOUT,1,0.71,30,False,ESCALATE_HUMAN
CASE_07596,CUST_07596,Craig Pace,7999,ABANDONED,NONE,0,0.69,20,True,SEND_PAYMENT_LINK
CASE_07597,CUST_07597,Brittany Quinn,100000,FAILED,NETWORK_ERROR,3,0.49,0,False,STOP
CASE_07598,CUST_07598,Laura Montgomery,1499,FAILED,TIMEOUT,0,0.83,0,False,RETRY_PAYMENT
CASE_07599,CUST_07599,Scott Silva,15000,ABANDONED,NONE,2,0.73,15,True,SEND_PAYMENT_LINK
CASE_07600,CUST_07600,Nicole Reed,25000,ABANDONED,NONE,0,0.81,15,True,SEND_PAYMENT_LINK
CASE_07601,CUST_07601,Sandra Miller,999,FAILED,INSUFFICIENT_FUNDS,1,0.61,0,False,SEND_PAYMENT_LINK
CASE_07602,CUST_07602,Nicholas Moore,75000,ABANDONED,NONE,1,0.28,0,True,ESCALATE_HUMAN
CASE_07603,CUST_07603,Chad Osborne,7999,FAILED,NETWORK_ERROR,3,0.99,5,False,STOP
CASE_07604,CUST_07604,Jill Mason,1499,ABANDONED,NONE,1,0.77,30,True,ESCALATE_HUMAN
CASE_07605,CUST_07605,Jeffrey Wilson,4999,ABANDONED,NONE,1,0.34,45,True,ESCALATE_HUMAN
CASE_07606,CUST_07606,Joseph Robinson,75000,ABANDONED,NONE,2,0.36,0,True,ESCALATE_HUMAN
CASE_07607,CUST_07607,Matthew Calderon,100000,FAILED,BANK_ERROR,2,0.81,5,False,ESCALATE_HUMAN
CASE_07608,CUST_07608,Tina Barrett,25000,ABANDONED,NONE,1,0.89,0,True,SEND_PAYMENT_LINK
CASE_07609,CUST_07609,David Moore,15000,FAILED,NETWORK_ERROR,1,0.79,10,False,RETRY_PAYMENT
CASE_07610,CUST_07610,Karina Miller,75000,FAILED,INSUFFICIENT_FUNDS,2,0.85,0,False,ESCALATE_HUMAN
CASE_07611,CUST_07611,Charles Lowery,50000,ABANDONED,NONE,2,0.45,20,True,SEND_PAYMENT_LINK
CASE_07612,CUST_07612,Terrence Donaldson,1499,FAILED,BANK_ERROR,2,0.21,0,False,SEND_PAYMENT_LINK
CASE_07613,CUST_07613,Paula Garcia,15000,ABANDONED,NONE,0,0.88,30,True,ESCALATE_HUMAN
CASE_07614,CUST_07614,James Adams,2499,ABANDONED,NONE,2,0.2,30,True,ESCALATE_HUMAN
CASE_07615,CUST_07615,Kimberly Lambert,499,FAILED,TIMEOUT,1,0.48,0,False,SEND_PAYMENT_LINK
CASE_07616,CUST_07616,Haley Obrien,499,FAILED,TIMEOUT,3,0.56,0,False,STOP
CASE_07617,CUST_07617,Robin Turner,15000,FAILED,CARD_DECLINED,0,0.42,15,False,SEND_PAYMENT_LINK
CASE_07618,CUST_07618,Karina Harrison,9999,ABANDONED,NONE,0,0.7,20,True,SEND_PAYMENT_LINK
CASE_07619,CUST_07619,Cody Lynch,100000,ABANDONED,NONE,3,0.84,0,True,STOP
CASE_07620,CUST_07620,Richard Campbell,100000,FAILED,TIMEOUT,2,0.39,0,False,ESCALATE_HUMAN
CASE_07621,CUST_07621,Benjamin Acosta,999,FAILED,BANK_ERROR,3,0.72,15,False,STOP
CASE_07622,CUST_07622,Andrew Hughes,15000,ABANDONED,NONE,2,0.57,20,True,SEND_PAYMENT_LINK
CASE_07623,CUST_07623,Nicholas Bray Jr.,75000,ABANDONED,NONE,2,0.8,5,True,ESCALATE_HUMAN
CASE_07624,CUST_07624,Tina Vazquez,100000,FAILED,CARD_DECLINED,3,0.58,10,False,STOP
CASE_07625,CUST_07625,Jesse Rojas,999,FAILED,INSUFFICIENT_FUNDS,0,0.55,15,False,SEND_PAYMENT_LINK
CASE_07626,CUST_07626,Christine Mcknight,50000,FAILED,BANK_ERROR,1,0.39,10,False,SEND_PAYMENT_LINK
CASE_07627,CUST_07627,Brad Richards,9999,FAILED,TIMEOUT,2,0.76,0,False,RETRY_PAYMENT
CASE_07628,CUST_07628,William Green,9999,FAILED,NETWORK_ERROR,2,0.38,30,False,ESCALATE_HUMAN
CASE_07629,CUST_07629,Linda Miller,2499,FAILED,INSUFFICIENT_FUNDS,1,0.82,10,False,SEND_PAYMENT_LINK
CASE_07630,CUST_07630,Allen Richardson,1499,FAILED,NETWORK_ERROR,0,0.71,20,False,RETRY_PAYMENT
CASE_07631,CUST_07631,Matthew Hardy,2499,FAILED,CARD_DECLINED,3,0.29,0,False,STOP
CASE_07632,CUST_07632,Ana Williams,15000,FAILED,TIMEOUT,3,0.52,20,False,STOP
CASE_07633,CUST_07633,Nathan Jackson,50000,FAILED,BANK_ERROR,3,0.88,30,False,STOP
CASE_07634,CUST_07634,Derek Rogers,499,FAILED,CARD_DECLINED,0,0.42,0,False,SEND_PAYMENT_LINK
CASE_07635,CUST_07635,Jason Snyder,15000,ABANDONED,NONE,3,0.69,5,True,STOP
CASE_07636,CUST_07636,Patricia Kirby,999,FAILED,NETWORK_ERROR,3,0.23,20,False,STOP
CASE_07637,CUST_07637,Ethan Charles,75000,FAILED,CARD_DECLINED,3,0.42,20,False,STOP
CASE_07638,CUST_07638,Jason Hall,999,FAILED,BANK_ERROR,1,0.21,30,False,ESCALATE_HUMAN
CASE_07639,CUST_07639,Robert Evans,25000,FAILED,NETWORK_ERROR,3,0.88,45,False,STOP
CASE_07640,CUST_07640,Kevin Ruiz,25000,FAILED,INSUFFICIENT_FUNDS,1,0.56,20,False,SEND_PAYMENT_LINK
CASE_07641,CUST_07641,Joseph Johnson,25000,ABANDONED,NONE,3,1.0,30,True,STOP
CASE_07642,CUST_07642,Angela Gordon,4999,FAILED,BANK_ERROR,0,0.9,0,False,RETRY_PAYMENT
CASE_07643,CUST_07643,Kelly Williams,50000,ABANDONED,NONE,0,0.92,10,True,SEND_PAYMENT_LINK
CASE_07644,CUST_07644,Anthony Rodriguez,15000,FAILED,CARD_DECLINED,2,0.21,5,False,SEND_PAYMENT_LINK
CASE_07645,CUST_07645,Sandra Marsh,2499,ABANDONED,NONE,3,0.89,0,True,STOP
CASE_07646,CUST_07646,Brandon Smith,999,FAILED,NETWORK_ERROR,3,0.81,45,False,STOP
CASE_07647,CUST_07647,Rebecca Kennedy,999,FAILED,TIMEOUT,1,0.93,0,False,RETRY_PAYMENT
CASE_07648,CUST_07648,Krystal Dixon,4999,ABANDONED,NONE,2,0.95,0,True,SEND_PAYMENT_LINK
CASE_07649,CUST_07649,Bradley Hall,75000,FAILED,NETWORK_ERROR,0,0.54,15,False,ESCALATE_HUMAN
CASE_07650,CUST_07650,Raymond Jones,499,FAILED,BANK_ERROR,1,0.73,15,False,SEND_PAYMENT_LINK
CASE_07651,CUST_07651,Charles Miller,9999,FAILED,NETWORK_ERROR,0,0.84,0,False,RETRY_PAYMENT
CASE_07652,CUST_07652,Randy Glenn,75000,FAILED,INSUFFICIENT_FUNDS,0,0.61,0,False,ESCALATE_HUMAN
CASE_07653,CUST_07653,Mr. Martin Hernandez,100000,FAILED,NETWORK_ERROR,0,0.22,30,False,ESCALATE_HUMAN
CASE_07654,CUST_07654,Dana Powell,50000,FAILED,INSUFFICIENT_FUNDS,3,0.79,10,False,STOP
CASE_07655,CUST_07655,Kristy Roberts,50000,FAILED,TIMEOUT,2,0.75,45,False,ESCALATE_HUMAN
CASE_07656,CUST_07656,Samantha Griffin,999,FAILED,TIMEOUT,1,0.69,0,False,RETRY_PAYMENT
CASE_07657,CUST_07657,Matthew Hayes,50000,FAILED,TIMEOUT,1,0.55,45,False,ESCALATE_HUMAN
CASE_07658,CUST_07658,Thomas Jensen,50000,FAILED,TIMEOUT,3,0.97,0,False,STOP
CASE_07659,CUST_07659,Joseph Kennedy,75000,ABANDONED,NONE,0,0.91,10,True,ESCALATE_HUMAN
CASE_07660,CUST_07660,Paul Simmons,4999,FAILED,NETWORK_ERROR,3,0.9,20,False,STOP
CASE_07661,CUST_07661,Daniel Robinson,999,FAILED,NETWORK_ERROR,3,0.75,10,False,STOP
CASE_07662,CUST_07662,Wayne Cortez,1499,FAILED,NETWORK_ERROR,3,0.24,0,False,STOP
CASE_07663,CUST_07663,Valerie Sanders,7999,FAILED,CARD_DECLINED,1,0.42,0,False,SEND_PAYMENT_LINK
CASE_07664,CUST_07664,Richard Sandoval,4999,ABANDONED,NONE,3,0.77,15,True,STOP
CASE_07665,CUST_07665,Nicholas Brown,100000,ABANDONED,NONE,1,0.43,0,True,ESCALATE_HUMAN
CASE_07666,CUST_07666,Vickie Smith,499,FAILED,TIMEOUT,1,0.27,0,False,SEND_PAYMENT_LINK
CASE_07667,CUST_07667,William Wood,100000,ABANDONED,NONE,0,0.56,45,True,ESCALATE_HUMAN
CASE_07668,CUST_07668,Jessica Brown,50000,ABANDONED,NONE,1,0.82,10,True,SEND_PAYMENT_LINK
CASE_07669,CUST_07669,Elizabeth Ibarra,50000,FAILED,NETWORK_ERROR,3,0.41,0,False,STOP
CASE_07670,CUST_07670,Stephanie Khan,50000,FAILED,CARD_DECLINED,2,0.89,5,False,ESCALATE_HUMAN
CASE_07671,CUST_07671,Frederick Bond,7999,FAILED,CARD_DECLINED,0,0.27,0,False,SEND_PAYMENT_LINK
CASE_07672,CUST_07672,Kathy Black,9999,FAILED,BANK_ERROR,2,0.95,0,False,RETRY_PAYMENT
CASE_07673,CUST_07673,Veronica Prince,1499,ABANDONED,NONE,3,0.76,30,True,STOP
CASE_07674,CUST_07674,Christina Manning,499,FAILED,CARD_DECLINED,2,0.88,0,False,SEND_PAYMENT_LINK
CASE_07675,CUST_07675,Elizabeth Sellers,9999,FAILED,BANK_ERROR,2,0.79,10,False,RETRY_PAYMENT
CASE_07676,CUST_07676,Keith Bailey,2499,FAILED,INSUFFICIENT_FUNDS,1,0.27,45,False,ESCALATE_HUMAN
CASE_07677,CUST_07677,Kevin Banks,75000,FAILED,TIMEOUT,0,0.45,15,False,ESCALATE_HUMAN
CASE_07678,CUST_07678,Lisa Randall,15000,ABANDONED,NONE,2,0.82,15,True,SEND_PAYMENT_LINK
CASE_07679,CUST_07679,Billy Young,999,FAILED,CARD_DECLINED,2,0.99,5,False,SEND_PAYMENT_LINK
CASE_07680,CUST_07680,Robert Hawkins,1499,FAILED,NETWORK_ERROR,2,0.21,5,False,SEND_PAYMENT_LINK
CASE_07681,CUST_07681,Karen Sanders,50000,ABANDONED,NONE,1,0.29,15,True,SEND_PAYMENT_LINK
CASE_07682,CUST_07682,Maureen Nelson,1499,FAILED,BANK_ERROR,1,0.32,5,False,SEND_PAYMENT_LINK
CASE_07683,CUST_07683,Andrea Carrillo,4999,FAILED,TIMEOUT,1,0.66,30,False,ESCALATE_HUMAN
CASE_07684,CUST_07684,John Villegas,50000,ABANDONED,NONE,2,0.95,0,True,SEND_PAYMENT_LINK
CASE_07685,CUST_07685,Debra Johnson,25000,FAILED,NETWORK_ERROR,1,0.91,15,False,RETRY_PAYMENT
CASE_07686,CUST_07686,Amber Silva,499,FAILED,NETWORK_ERROR,2,0.89,15,False,RETRY_PAYMENT
CASE_07687,CUST_07687,Lisa Ortega,7999,FAILED,INSUFFICIENT_FUNDS,1,0.69,10,False,SEND_PAYMENT_LINK
CASE_07688,CUST_07688,Alexis Roman,499,ABANDONED,NONE,1,0.62,0,True,SEND_PAYMENT_LINK
CASE_07689,CUST_07689,Brian Roberson,7999,FAILED,CARD_DECLINED,3,0.8,5,False,STOP
CASE_07690,CUST_07690,Marc Grant,100000,ABANDONED,NONE,0,0.81,0,True,ESCALATE_HUMAN
CASE_07691,CUST_07691,Leslie Mendoza,75000,FAILED,CARD_DECLINED,3,0.78,20,False,STOP
CASE_07692,CUST_07692,Amy Elliott,499,FAILED,INSUFFICIENT_FUNDS,2,0.63,0,False,SEND_PAYMENT_LINK
CASE_07693,CUST_07693,Christine Armstrong,9999,FAILED,BANK_ERROR,0,0.98,30,False,ESCALATE_HUMAN
CASE_07694,CUST_07694,Laura Arnold,7999,FAILED,TIMEOUT,0,0.5,0,False,SEND_PAYMENT_LINK
CASE_07695,CUST_07695,Krystal Clark,15000,FAILED,BANK_ERROR,2,0.81,10,False,RETRY_PAYMENT
CASE_07696,CUST_07696,Emily Moore,15000,ABANDONED,NONE,2,0.81,45,True,ESCALATE_HUMAN
CASE_07697,CUST_07697,Matthew Garcia,25000,ABANDONED,NONE,1,0.79,0,True,SEND_PAYMENT_LINK
CASE_07698,CUST_07698,Sean Diaz,2499,ABANDONED,NONE,3,0.21,0,True,STOP
CASE_07699,CUST_07699,Terri Brewer,100000,FAILED,BANK_ERROR,1,0.63,45,False,ESCALATE_HUMAN
CASE_07700,CUST_07700,Bryan Blevins,100000,FAILED,BANK_ERROR,1,0.72,5,False,ESCALATE_HUMAN
CASE_07701,CUST_07701,Karen Smith,75000,ABANDONED,NONE,2,0.56,15,True,ESCALATE_HUMAN
CASE_07702,CUST_07702,Emily Hernandez,2499,ABANDONED,NONE,3,0.42,10,True,STOP
CASE_07703,CUST_07703,Matthew Forbes,7999,FAILED,BANK_ERROR,2,0.94,0,False,RETRY_PAYMENT
CASE_07704,CUST_07704,Katherine Smith,1499,FAILED,TIMEOUT,1,0.83,20,False,RETRY_PAYMENT
CASE_07705,CUST_07705,Eugene Perry,4999,FAILED,BANK_ERROR,3,0.3,45,False,STOP
CASE_07706,CUST_07706,Rachel Davis,499,ABANDONED,NONE,0,0.65,20,True,SEND_PAYMENT_LINK
CASE_07707,CUST_07707,Megan Jones,499,ABANDONED,NONE,1,0.68,10,True,SEND_PAYMENT_LINK
CASE_07708,CUST_07708,Richard Bennett,7999,FAILED,TIMEOUT,3,0.73,45,False,STOP
CASE_07709,CUST_07709,David Doyle,2499,FAILED,CARD_DECLINED,1,0.26,0,False,SEND_PAYMENT_LINK
CASE_07710,CUST_07710,Juan Martinez,50000,ABANDONED,NONE,0,0.44,0,True,SEND_PAYMENT_LINK
CASE_07711,CUST_07711,Sabrina Strickland,15000,FAILED,NETWORK_ERROR,0,0.8,5,False,RETRY_PAYMENT
CASE_07712,CUST_07712,Crystal Smith,9999,FAILED,TIMEOUT,2,0.5,15,False,SEND_PAYMENT_LINK
CASE_07713,CUST_07713,Patricia Rose,75000,ABANDONED,NONE,1,0.45,0,True,ESCALATE_HUMAN
CASE_07714,CUST_07714,Kelly Guzman,75000,ABANDONED,NONE,2,0.26,5,True,ESCALATE_HUMAN
CASE_07715,CUST_07715,Hunter Rhodes,7999,FAILED,CARD_DECLINED,0,0.74,45,False,ESCALATE_HUMAN
CASE_07716,CUST_07716,Thomas Oneal,25000,ABANDONED,NONE,0,0.62,0,True,SEND_PAYMENT_LINK
CASE_07717,CUST_07717,Jessica Russell,499,ABANDONED,NONE,0,0.43,0,True,SEND_PAYMENT_LINK
CASE_07718,CUST_07718,Maria Brock,2499,ABANDONED,NONE,0,0.4,20,True,SEND_PAYMENT_LINK
CASE_07719,CUST_07719,Theresa Wilson,25000,FAILED,CARD_DECLINED,2,0.99,45,False,ESCALATE_HUMAN
CASE_07720,CUST_07720,Terri Hawkins,4999,FAILED,INSUFFICIENT_FUNDS,1,0.84,30,False,ESCALATE_HUMAN
CASE_07721,CUST_07721,Mrs. Sara Schwartz,1499,FAILED,BANK_ERROR,1,0.55,30,False,ESCALATE_HUMAN
CASE_07722,CUST_07722,Andrew Doyle,15000,ABANDONED,NONE,1,0.89,5,True,SEND_PAYMENT_LINK
CASE_07723,CUST_07723,Kim Hamilton,999,FAILED,CARD_DECLINED,0,0.84,5,False,SEND_PAYMENT_LINK
CASE_07724,CUST_07724,Jacob Martin,25000,FAILED,BANK_ERROR,0,0.82,30,False,ESCALATE_HUMAN
CASE_07725,CUST_07725,Joe Thomas,50000,ABANDONED,NONE,2,0.97,20,True,SEND_PAYMENT_LINK
CASE_07726,CUST_07726,Peter Guerrero DVM,25000,FAILED,BANK_ERROR,0,0.64,45,False,ESCALATE_HUMAN
CASE_07727,CUST_07727,Shane Jackson,499,FAILED,CARD_DECLINED,3,0.42,0,False,STOP
CASE_07728,CUST_07728,Amanda Morris,50000,FAILED,BANK_ERROR,0,0.3,20,False,SEND_PAYMENT_LINK
CASE_07729,CUST_07729,Melanie Newton,7999,ABANDONED,NONE,2,0.51,5,True,SEND_PAYMENT_LINK
CASE_07730,CUST_07730,Michele Miller,499,FAILED,BANK_ERROR,0,0.31,30,False,ESCALATE_HUMAN
CASE_07731,CUST_07731,Sherry Reeves,25000,FAILED,NETWORK_ERROR,0,0.45,5,False,SEND_PAYMENT_LINK
CASE_07732,CUST_07732,Gabriela Campbell,1499,ABANDONED,NONE,2,0.62,45,True,ESCALATE_HUMAN
CASE_07733,CUST_07733,Meredith Watts,999,FAILED,CARD_DECLINED,2,0.69,0,False,SEND_PAYMENT_LINK
CASE_07734,CUST_07734,Angel Cline,499,ABANDONED,NONE,1,0.22,10,True,SEND_PAYMENT_LINK
CASE_07735,CUST_07735,Rachel Thomas,999,ABANDONED,NONE,2,0.3,30,True,ESCALATE_HUMAN
CASE_07736,CUST_07736,Anna Crane,1499,ABANDONED,NONE,0,0.64,0,True,SEND_PAYMENT_LINK
CASE_07737,CUST_07737,Michael Moreno,499,FAILED,BANK_ERROR,0,0.95,0,False,RETRY_PAYMENT
CASE_07738,CUST_07738,Lisa Turner,999,ABANDONED,NONE,1,0.81,0,True,SEND_PAYMENT_LINK
CASE_07739,CUST_07739,Paul Cook,2499,ABANDONED,NONE,1,0.32,45,True,ESCALATE_HUMAN
CASE_07740,CUST_07740,Joel Keller,75000,FAILED,TIMEOUT,1,0.73,0,False,ESCALATE_HUMAN
CASE_07741,CUST_07741,Raven Morales,1499,FAILED,CARD_DECLINED,0,0.87,10,False,SEND_PAYMENT_LINK
CASE_07742,CUST_07742,Steven Mcmillan,499,FAILED,INSUFFICIENT_FUNDS,3,0.69,0,False,STOP
CASE_07743,CUST_07743,Patrick Kidd,100000,FAILED,NETWORK_ERROR,0,0.95,30,False,ESCALATE_HUMAN
CASE_07744,CUST_07744,Ian Smith,1499,ABANDONED,NONE,1,0.23,10,True,SEND_PAYMENT_LINK
CASE_07745,CUST_07745,Edward Mcdowell,7999,FAILED,CARD_DECLINED,0,0.55,5,False,SEND_PAYMENT_LINK
CASE_07746,CUST_07746,Samantha Coleman,100000,FAILED,BANK_ERROR,1,0.97,15,False,ESCALATE_HUMAN
CASE_07747,CUST_07747,Erica Mooney,499,FAILED,NETWORK_ERROR,1,0.54,15,False,SEND_PAYMENT_LINK
CASE_07748,CUST_07748,Abigail Kerr,499,FAILED,CARD_DECLINED,2,0.5,0,False,SEND_PAYMENT_LINK
CASE_07749,CUST_07749,Manuel Taylor,15000,FAILED,TIMEOUT,2,0.73,15,False,RETRY_PAYMENT
CASE_07750,CUST_07750,Brianna Compton,2499,FAILED,TIMEOUT,3,0.55,0,False,STOP
CASE_07751,CUST_07751,Rebecca Terry,50000,FAILED,INSUFFICIENT_FUNDS,0,0.58,0,False,SEND_PAYMENT_LINK
CASE_07752,CUST_07752,Corey Chan,2499,FAILED,CARD_DECLINED,3,0.53,5,False,STOP
CASE_07753,CUST_07753,Lisa Armstrong,2499,FAILED,BANK_ERROR,3,0.38,45,False,STOP
CASE_07754,CUST_07754,Michael Griffin,7999,ABANDONED,NONE,2,0.36,0,True,SEND_PAYMENT_LINK
CASE_07755,CUST_07755,Heidi Acosta,50000,FAILED,CARD_DECLINED,0,0.76,0,False,SEND_PAYMENT_LINK
CASE_07756,CUST_07756,Tony Medina,4999,FAILED,NETWORK_ERROR,1,0.75,30,False,ESCALATE_HUMAN
CASE_07757,CUST_07757,Joshua Simmons,7999,FAILED,TIMEOUT,2,0.54,5,False,SEND_PAYMENT_LINK
CASE_07758,CUST_07758,Joanne Turner,4999,ABANDONED,NONE,2,0.2,0,True,SEND_PAYMENT_LINK
CASE_07759,CUST_07759,Anthony Warner,2499,FAILED,INSUFFICIENT_FUNDS,2,0.61,10,False,SEND_PAYMENT_LINK
CASE_07760,CUST_07760,Marc Johnson,9999,FAILED,BANK_ERROR,0,0.28,0,False,SEND_PAYMENT_LINK
CASE_07761,CUST_07761,Richard Moreno,75000,FAILED,BANK_ERROR,1,0.34,0,False,ESCALATE_HUMAN
CASE_07762,CUST_07762,Jaclyn Sharp,9999,FAILED,TIMEOUT,0,0.52,0,False,SEND_PAYMENT_LINK
CASE_07763,CUST_07763,Matthew Maldonado,999,ABANDONED,NONE,2,0.23,15,True,SEND_PAYMENT_LINK
CASE_07764,CUST_07764,Tracy Watson,999,FAILED,NETWORK_ERROR,3,0.58,15,False,STOP
CASE_07765,CUST_07765,Matthew Lee,499,FAILED,NETWORK_ERROR,0,0.91,0,False,RETRY_PAYMENT
CASE_07766,CUST_07766,Mark Johnson,75000,FAILED,CARD_DECLINED,2,0.99,20,False,ESCALATE_HUMAN
CASE_07767,CUST_07767,Nicolas Martin,7999,ABANDONED,NONE,3,0.83,0,True,STOP
CASE_07768,CUST_07768,Tristan Harrison,499,FAILED,TIMEOUT,2,0.88,45,False,ESCALATE_HUMAN
CASE_07769,CUST_07769,William Anderson,15000,FAILED,TIMEOUT,1,0.51,15,False,RETRY_PAYMENT
CASE_07770,CUST_07770,Nicole Fuentes MD,15000,ABANDONED,NONE,2,0.27,10,True,SEND_PAYMENT_LINK
CASE_07771,CUST_07771,Kimberly Clark,1499,ABANDONED,NONE,0,0.75,30,True,ESCALATE_HUMAN
CASE_07772,CUST_07772,Kyle Ross,4999,FAILED,BANK_ERROR,0,0.89,15,False,RETRY_PAYMENT
CASE_07773,CUST_07773,Austin Wiley,50000,FAILED,INSUFFICIENT_FUNDS,0,0.97,0,False,ESCALATE_HUMAN
CASE_07774,CUST_07774,Shawn Warren,75000,FAILED,NETWORK_ERROR,2,0.44,5,False,ESCALATE_HUMAN
CASE_07775,CUST_07775,Anthony King,7999,ABANDONED,NONE,2,0.31,30,True,ESCALATE_HUMAN
CASE_07776,CUST_07776,Mary Perry,100000,FAILED,CARD_DECLINED,2,0.36,0,False,ESCALATE_HUMAN
CASE_07777,CUST_07777,Brandon Miller,499,FAILED,CARD_DECLINED,1,0.41,0,False,SEND_PAYMENT_LINK
CASE_07778,CUST_07778,David Berger,75000,FAILED,INSUFFICIENT_FUNDS,3,0.73,30,False,STOP
CASE_07779,CUST_07779,Karen David,499,FAILED,BANK_ERROR,3,0.2,10,False,STOP
CASE_07780,CUST_07780,Kelly Bridges,999,ABANDONED,NONE,0,0.83,0,True,SEND_PAYMENT_LINK
CASE_07781,CUST_07781,Morgan Nelson,1499,FAILED,INSUFFICIENT_FUNDS,1,0.47,5,False,SEND_PAYMENT_LINK
CASE_07782,CUST_07782,Laura Hill,75000,FAILED,BANK_ERROR,2,0.79,30,False,ESCALATE_HUMAN
CASE_07783,CUST_07783,Theresa Reyes,9999,FAILED,BANK_ERROR,0,0.93,15,False,RETRY_PAYMENT
CASE_07784,CUST_07784,Ashley Robbins,4999,FAILED,NETWORK_ERROR,2,0.41,0,False,SEND_PAYMENT_LINK
CASE_07785,CUST_07785,Leah Keller,999,ABANDONED,NONE,1,0.98,30,True,ESCALATE_HUMAN
CASE_07786,CUST_07786,Sarah Kirby,50000,FAILED,INSUFFICIENT_FUNDS,2,0.64,45,False,ESCALATE_HUMAN
CASE_07787,CUST_07787,Jonathan Stephens,999,ABANDONED,NONE,1,0.69,5,True,SEND_PAYMENT_LINK
CASE_07788,CUST_07788,Jerry Cooper,50000,ABANDONED,NONE,0,0.22,45,True,ESCALATE_HUMAN
CASE_07789,CUST_07789,Nancy Johnson,1499,ABANDONED,NONE,2,0.55,0,True,SEND_PAYMENT_LINK
CASE_07790,CUST_07790,Brandi Gutierrez,1499,FAILED,NETWORK_ERROR,2,0.51,20,False,SEND_PAYMENT_LINK
CASE_07791,CUST_07791,Gary Simmons,15000,ABANDONED,NONE,2,0.57,15,True,SEND_PAYMENT_LINK
CASE_07792,CUST_07792,Karen Ray,9999,FAILED,INSUFFICIENT_FUNDS,0,0.64,15,False,SEND_PAYMENT_LINK
CASE_07793,CUST_07793,Ellen Kelley,499,FAILED,INSUFFICIENT_FUNDS,1,0.84,0,False,SEND_PAYMENT_LINK
CASE_07794,CUST_07794,Nathan Contreras,7999,ABANDONED,NONE,0,0.9,0,True,SEND_PAYMENT_LINK
CASE_07795,CUST_07795,Gloria Gibson,25000,ABANDONED,NONE,0,0.21,45,True,ESCALATE_HUMAN
CASE_07796,CUST_07796,Jeffrey Torres,7999,FAILED,TIMEOUT,2,0.39,0,False,SEND_PAYMENT_LINK
CASE_07797,CUST_07797,Jeremy Jones,7999,FAILED,BANK_ERROR,0,0.4,45,False,ESCALATE_HUMAN
CASE_07798,CUST_07798,Eric Lewis,9999,FAILED,CARD_DECLINED,0,0.63,0,False,SEND_PAYMENT_LINK
CASE_07799,CUST_07799,Joshua Cox,50000,FAILED,INSUFFICIENT_FUNDS,1,0.62,5,False,SEND_PAYMENT_LINK
CASE_07800,CUST_07800,Christy Fischer,499,FAILED,BANK_ERROR,0,0.98,30,False,ESCALATE_HUMAN
CASE_07801,CUST_07801,Miranda Cooper,2499,FAILED,CARD_DECLINED,1,0.85,5,False,SEND_PAYMENT_LINK
CASE_07802,CUST_07802,Edward Nguyen,25000,FAILED,TIMEOUT,0,0.79,30,False,ESCALATE_HUMAN
CASE_07803,CUST_07803,Dennis Hensley,15000,ABANDONED,NONE,1,0.76,0,True,SEND_PAYMENT_LINK
CASE_07804,CUST_07804,Danielle Rodriguez,50000,FAILED,TIMEOUT,2,0.21,30,False,ESCALATE_HUMAN
CASE_07805,CUST_07805,Christina Taylor,999,ABANDONED,NONE,0,0.68,30,True,ESCALATE_HUMAN
CASE_07806,CUST_07806,Gary Schmidt,4999,FAILED,INSUFFICIENT_FUNDS,2,0.22,20,False,SEND_PAYMENT_LINK
CASE_07807,CUST_07807,Danielle Marshall,50000,FAILED,INSUFFICIENT_FUNDS,1,0.61,20,False,SEND_PAYMENT_LINK
CASE_07808,CUST_07808,Zachary Miles,25000,FAILED,BANK_ERROR,0,0.82,15,False,RETRY_PAYMENT
CASE_07809,CUST_07809,Dennis Lynn,100000,FAILED,NETWORK_ERROR,3,0.54,15,False,STOP
CASE_07810,CUST_07810,Jeremy Cortez,50000,ABANDONED,NONE,1,0.65,0,True,SEND_PAYMENT_LINK
CASE_07811,CUST_07811,Joshua Grant,100000,ABANDONED,NONE,1,0.33,30,True,ESCALATE_HUMAN
CASE_07812,CUST_07812,Benjamin Rodriguez,2499,FAILED,INSUFFICIENT_FUNDS,1,0.59,0,False,SEND_PAYMENT_LINK
CASE_07813,CUST_07813,Tina Soto,2499,FAILED,CARD_DECLINED,0,0.46,20,False,SEND_PAYMENT_LINK
CASE_07814,CUST_07814,Lori Ortiz,7999,FAILED,INSUFFICIENT_FUNDS,0,0.75,10,False,SEND_PAYMENT_LINK
CASE_07815,CUST_07815,William Villarreal,2499,FAILED,NETWORK_ERROR,3,0.61,5,False,STOP
CASE_07816,CUST_07816,Michael Harrison,1499,ABANDONED,NONE,3,0.85,45,True,STOP
CASE_07817,CUST_07817,Sheri Davis,999,ABANDONED,NONE,0,0.95,0,True,SEND_PAYMENT_LINK
CASE_07818,CUST_07818,Charles Miller,50000,FAILED,NETWORK_ERROR,0,0.33,10,False,SEND_PAYMENT_LINK
CASE_07819,CUST_07819,Diane Martinez,1499,FAILED,NETWORK_ERROR,1,0.55,5,False,RETRY_PAYMENT
CASE_07820,CUST_07820,Michael Washington,25000,FAILED,TIMEOUT,1,0.98,45,False,ESCALATE_HUMAN
CASE_07821,CUST_07821,Keith Walsh,4999,FAILED,INSUFFICIENT_FUNDS,0,0.35,30,False,ESCALATE_HUMAN
CASE_07822,CUST_07822,Victoria Baird,100000,FAILED,NETWORK_ERROR,1,0.53,0,False,ESCALATE_HUMAN
CASE_07823,CUST_07823,Mrs. Kimberly Peters MD,999,FAILED,NETWORK_ERROR,3,0.94,0,False,STOP
CASE_07824,CUST_07824,Heather Wilson,499,ABANDONED,NONE,1,0.4,45,True,ESCALATE_HUMAN
CASE_07825,CUST_07825,Jason Burns,15000,FAILED,INSUFFICIENT_FUNDS,2,0.3,15,False,SEND_PAYMENT_LINK
CASE_07826,CUST_07826,Javier Torres,7999,ABANDONED,NONE,2,0.56,5,True,SEND_PAYMENT_LINK
CASE_07827,CUST_07827,Jacqueline Green,999,FAILED,NETWORK_ERROR,2,0.67,20,False,RETRY_PAYMENT
CASE_07828,CUST_07828,Stacey Adkins,15000,FAILED,TIMEOUT,2,0.38,5,False,SEND_PAYMENT_LINK
CASE_07829,CUST_07829,Nicole Fox,499,FAILED,INSUFFICIENT_FUNDS,2,0.58,0,False,SEND_PAYMENT_LINK
CASE_07830,CUST_07830,Colin Johnson,9999,FAILED,NETWORK_ERROR,0,0.62,0,False,SEND_PAYMENT_LINK
CASE_07831,CUST_07831,Jeffrey Ellis,4999,FAILED,CARD_DECLINED,0,0.8,0,False,SEND_PAYMENT_LINK
CASE_07832,CUST_07832,Alyssa Davis,4999,FAILED,NETWORK_ERROR,1,0.64,0,False,RETRY_PAYMENT
CASE_07833,CUST_07833,David Chavez,15000,FAILED,INSUFFICIENT_FUNDS,3,0.23,45,False,STOP
CASE_07834,CUST_07834,Ellen Jones,15000,FAILED,NETWORK_ERROR,1,0.26,5,False,SEND_PAYMENT_LINK
CASE_07835,CUST_07835,Ann Brown,100000,FAILED,CARD_DECLINED,0,0.35,0,False,ESCALATE_HUMAN
CASE_07836,CUST_07836,James Acosta,1499,FAILED,CARD_DECLINED,0,0.44,0,False,SEND_PAYMENT_LINK
CASE_07837,CUST_07837,Sharon Underwood,75000,FAILED,TIMEOUT,1,0.42,0,False,ESCALATE_HUMAN
CASE_07838,CUST_07838,Mrs. Emily Dunlap,75000,FAILED,NETWORK_ERROR,2,0.59,10,False,ESCALATE_HUMAN
CASE_07839,CUST_07839,James Wong,50000,FAILED,NETWORK_ERROR,1,0.65,20,False,RETRY_PAYMENT
CASE_07840,CUST_07840,Brittany Ray,999,FAILED,BANK_ERROR,3,0.72,0,False,STOP
CASE_07841,CUST_07841,Emily Pittman,75000,ABANDONED,NONE,0,0.65,15,True,ESCALATE_HUMAN
CASE_07842,CUST_07842,Theresa Jackson,7999,FAILED,CARD_DECLINED,1,0.49,45,False,ESCALATE_HUMAN
CASE_07843,CUST_07843,Diana Taylor,25000,FAILED,TIMEOUT,1,0.27,20,False,SEND_PAYMENT_LINK
CASE_07844,CUST_07844,Judy Castaneda,15000,FAILED,NETWORK_ERROR,0,0.72,5,False,RETRY_PAYMENT
CASE_07845,CUST_07845,Mr. Alejandro Adams,999,ABANDONED,NONE,3,0.52,0,True,STOP
CASE_07846,CUST_07846,John Schultz,25000,ABANDONED,NONE,2,0.68,0,True,SEND_PAYMENT_LINK
CASE_07847,CUST_07847,Robert Benson,15000,FAILED,NETWORK_ERROR,2,0.62,0,False,RETRY_PAYMENT
CASE_07848,CUST_07848,Darryl Thomas,100000,FAILED,BANK_ERROR,0,0.53,45,False,ESCALATE_HUMAN
CASE_07849,CUST_07849,Edward Powers,999,FAILED,CARD_DECLINED,1,0.56,5,False,SEND_PAYMENT_LINK
CASE_07850,CUST_07850,Robert Caldwell,50000,FAILED,CARD_DECLINED,1,0.95,0,False,SEND_PAYMENT_LINK
CASE_07851,CUST_07851,Daniel Bryan,1499,FAILED,NETWORK_ERROR,0,0.42,15,False,SEND_PAYMENT_LINK
CASE_07852,CUST_07852,Stephanie Allen,2499,FAILED,BANK_ERROR,3,0.67,0,False,STOP
CASE_07853,CUST_07853,Michael Rose,2499,FAILED,TIMEOUT,3,0.33,10,False,STOP
CASE_07854,CUST_07854,Mary Hoffman,25000,ABANDONED,NONE,0,0.89,0,True,SEND_PAYMENT_LINK
CASE_07855,CUST_07855,Donna Gonzalez,7999,ABANDONED,NONE,1,0.38,0,True,SEND_PAYMENT_LINK
CASE_07856,CUST_07856,Ryan Cruz,100000,ABANDONED,NONE,3,0.64,0,True,STOP
CASE_07857,CUST_07857,Elizabeth Dudley,75000,FAILED,NETWORK_ERROR,3,0.23,0,False,STOP
CASE_07858,CUST_07858,Nancy Clark,4999,FAILED,BANK_ERROR,0,0.4,30,False,ESCALATE_HUMAN
CASE_07859,CUST_07859,Zachary Phillips,999,FAILED,TIMEOUT,1,0.81,0,False,RETRY_PAYMENT
CASE_07860,CUST_07860,Colin Johnson,4999,ABANDONED,NONE,2,0.6,20,True,SEND_PAYMENT_LINK
CASE_07861,CUST_07861,Benjamin Cunningham,1499,FAILED,NETWORK_ERROR,3,0.76,30,False,STOP
CASE_07862,CUST_07862,Robert Bowers,2499,FAILED,NETWORK_ERROR,3,0.98,0,False,STOP
CASE_07863,CUST_07863,Caitlin Le,100000,ABANDONED,NONE,1,0.69,15,True,ESCALATE_HUMAN
CASE_07864,CUST_07864,Matthew Tran,75000,FAILED,BANK_ERROR,3,0.65,0,False,STOP
CASE_07865,CUST_07865,Stephanie Keith,9999,FAILED,NETWORK_ERROR,2,0.26,20,False,SEND_PAYMENT_LINK
CASE_07866,CUST_07866,Brian Bradford,50000,FAILED,BANK_ERROR,3,0.52,5,False,STOP
CASE_07867,CUST_07867,Wanda Moore,75000,FAILED,NETWORK_ERROR,2,0.53,0,False,ESCALATE_HUMAN
CASE_07868,CUST_07868,James York,25000,FAILED,INSUFFICIENT_FUNDS,1,0.47,30,False,ESCALATE_HUMAN
CASE_07869,CUST_07869,Kayla Wong,15000,ABANDONED,NONE,2,0.65,10,True,SEND_PAYMENT_LINK
CASE_07870,CUST_07870,Colin Sanchez,7999,FAILED,NETWORK_ERROR,0,0.63,45,False,ESCALATE_HUMAN
CASE_07871,CUST_07871,John Webster,100000,FAILED,NETWORK_ERROR,2,0.45,0,False,ESCALATE_HUMAN
CASE_07872,CUST_07872,Kelli Collins,2499,ABANDONED,NONE,0,0.43,10,True,SEND_PAYMENT_LINK
CASE_07873,CUST_07873,Maria Flores,4999,FAILED,TIMEOUT,1,0.48,20,False,SEND_PAYMENT_LINK
CASE_07874,CUST_07874,Shawn Dennis,15000,FAILED,BANK_ERROR,0,0.99,45,False,ESCALATE_HUMAN
CASE_07875,CUST_07875,Brandon Reid,1499,FAILED,CARD_DECLINED,0,0.93,0,False,SEND_PAYMENT_LINK
CASE_07876,CUST_07876,Seth Clarke,100000,FAILED,BANK_ERROR,3,0.78,5,False,STOP
CASE_07877,CUST_07877,Michael Yoder,1499,FAILED,TIMEOUT,1,0.87,45,False,ESCALATE_HUMAN
CASE_07878,CUST_07878,Diana Hamilton,100000,FAILED,INSUFFICIENT_FUNDS,1,0.59,0,False,ESCALATE_HUMAN
CASE_07879,CUST_07879,Danielle Edwards,75000,FAILED,NETWORK_ERROR,0,0.61,20,False,ESCALATE_HUMAN
CASE_07880,CUST_07880,Jo Pugh,7999,FAILED,TIMEOUT,0,0.62,0,False,SEND_PAYMENT_LINK
CASE_07881,CUST_07881,Brittney Green,50000,ABANDONED,NONE,0,0.89,45,True,ESCALATE_HUMAN
CASE_07882,CUST_07882,Adam Martinez,2499,FAILED,TIMEOUT,1,0.3,10,False,SEND_PAYMENT_LINK
CASE_07883,CUST_07883,Diane Hayes,499,FAILED,NETWORK_ERROR,2,0.67,0,False,RETRY_PAYMENT
CASE_07884,CUST_07884,Eduardo Mayer,499,FAILED,NETWORK_ERROR,2,0.56,15,False,RETRY_PAYMENT
CASE_07885,CUST_07885,Victoria Harris,4999,ABANDONED,NONE,1,0.71,45,True,ESCALATE_HUMAN
CASE_07886,CUST_07886,Mary Graves,999,FAILED,NETWORK_ERROR,0,0.83,20,False,RETRY_PAYMENT
CASE_07887,CUST_07887,Eric Webb,499,FAILED,INSUFFICIENT_FUNDS,3,0.37,10,False,STOP
CASE_07888,CUST_07888,Jared Herrera,999,FAILED,CARD_DECLINED,3,0.21,0,False,STOP
CASE_07889,CUST_07889,Mrs. Ashley Daniels,100000,ABANDONED,NONE,3,0.86,20,True,STOP
CASE_07890,CUST_07890,Michael Johnson,75000,FAILED,INSUFFICIENT_FUNDS,1,0.99,30,False,ESCALATE_HUMAN
CASE_07891,CUST_07891,Robert Mathews,9999,ABANDONED,NONE,0,0.84,0,True,SEND_PAYMENT_LINK
CASE_07892,CUST_07892,Fernando Shepard,4999,FAILED,INSUFFICIENT_FUNDS,3,0.68,0,False,STOP
CASE_07893,CUST_07893,Alexis Jimenez,25000,FAILED,INSUFFICIENT_FUNDS,1,0.38,20,False,SEND_PAYMENT_LINK
CASE_07894,CUST_07894,Robert Hayes,50000,ABANDONED,NONE,2,0.57,15,True,SEND_PAYMENT_LINK
CASE_07895,CUST_07895,Allison Thompson,4999,ABANDONED,NONE,0,0.51,5,True,SEND_PAYMENT_LINK
CASE_07896,CUST_07896,Carla Turner,4999,FAILED,NETWORK_ERROR,0,0.5,5,False,SEND_PAYMENT_LINK
CASE_07897,CUST_07897,Ashley Mercado,25000,FAILED,INSUFFICIENT_FUNDS,3,0.67,20,False,STOP
CASE_07898,CUST_07898,Janet Johnson,100000,FAILED,CARD_DECLINED,0,0.61,15,False,ESCALATE_HUMAN
CASE_07899,CUST_07899,Tammy Orr,25000,FAILED,INSUFFICIENT_FUNDS,0,0.43,0,False,SEND_PAYMENT_LINK
CASE_07900,CUST_07900,Pamela Rodriguez,2499,ABANDONED,NONE,1,0.95,45,True,ESCALATE_HUMAN
CASE_07901,CUST_07901,Michael Everett,15000,FAILED,INSUFFICIENT_FUNDS,0,0.31,20,False,SEND_PAYMENT_LINK
CASE_07902,CUST_07902,Christopher Richardson,999,FAILED,NETWORK_ERROR,0,0.89,0,False,RETRY_PAYMENT
CASE_07903,CUST_07903,Dr. Jeanne Thompson,75000,FAILED,TIMEOUT,2,0.44,0,False,ESCALATE_HUMAN
CASE_07904,CUST_07904,Wanda Clark,75000,FAILED,TIMEOUT,1,0.42,15,False,ESCALATE_HUMAN
CASE_07905,CUST_07905,Brenda Reed,7999,ABANDONED,NONE,0,0.94,30,True,ESCALATE_HUMAN
CASE_07906,CUST_07906,Jennifer Pope,1499,FAILED,NETWORK_ERROR,3,0.83,45,False,STOP
CASE_07907,CUST_07907,Anthony Sandoval,15000,FAILED,BANK_ERROR,0,0.51,5,False,SEND_PAYMENT_LINK
CASE_07908,CUST_07908,Frances Foster,7999,ABANDONED,NONE,1,0.55,0,True,SEND_PAYMENT_LINK
CASE_07909,CUST_07909,Diane Gonzalez MD,75000,FAILED,TIMEOUT,0,0.43,5,False,ESCALATE_HUMAN
CASE_07910,CUST_07910,Daniel Martinez DDS,9999,ABANDONED,NONE,3,0.59,20,True,STOP
CASE_07911,CUST_07911,Alexandria Schneider,15000,FAILED,CARD_DECLINED,1,0.79,0,False,SEND_PAYMENT_LINK
CASE_07912,CUST_07912,James Smith,4999,ABANDONED,NONE,3,0.37,0,True,STOP
CASE_07913,CUST_07913,Holly Rogers,50000,ABANDONED,NONE,3,0.45,30,True,STOP
CASE_07914,CUST_07914,Mrs. Melissa Lawson DVM,50000,FAILED,BANK_ERROR,0,0.87,10,False,RETRY_PAYMENT
CASE_07915,CUST_07915,Yvonne Yang,7999,FAILED,TIMEOUT,1,0.63,10,False,SEND_PAYMENT_LINK
CASE_07916,CUST_07916,Angel Campbell,2499,FAILED,NETWORK_ERROR,3,0.52,10,False,STOP
CASE_07917,CUST_07917,Elizabeth Perez,999,FAILED,NETWORK_ERROR,3,0.59,45,False,STOP
CASE_07918,CUST_07918,Jonathan Villa,25000,ABANDONED,NONE,3,0.68,0,True,STOP
CASE_07919,CUST_07919,Cheryl Martinez,25000,ABANDONED,NONE,3,0.39,0,True,STOP
CASE_07920,CUST_07920,John Berry,4999,FAILED,CARD_DECLINED,1,0.46,0,False,SEND_PAYMENT_LINK
CASE_07921,CUST_07921,Lauren Stevens,100000,FAILED,CARD_DECLINED,0,0.75,10,False,ESCALATE_HUMAN
CASE_07922,CUST_07922,Mr. Tyler Leon MD,4999,ABANDONED,NONE,2,0.35,0,True,SEND_PAYMENT_LINK
CASE_07923,CUST_07923,Matthew Edwards,15000,FAILED,INSUFFICIENT_FUNDS,2,0.42,0,False,SEND_PAYMENT_LINK
CASE_07924,CUST_07924,James Rodriguez,15000,ABANDONED,NONE,0,0.25,15,True,SEND_PAYMENT_LINK
CASE_07925,CUST_07925,Robert Schmidt,4999,ABANDONED,NONE,1,0.64,10,True,SEND_PAYMENT_LINK
CASE_07926,CUST_07926,Jennifer Barnett,499,ABANDONED,NONE,2,0.98,5,True,SEND_PAYMENT_LINK
CASE_07927,CUST_07927,Jean Patel,50000,FAILED,INSUFFICIENT_FUNDS,3,0.84,5,False,STOP
CASE_07928,CUST_07928,Sharon Estrada,15000,FAILED,CARD_DECLINED,0,0.38,20,False,SEND_PAYMENT_LINK
CASE_07929,CUST_07929,Yolanda Mueller,25000,FAILED,TIMEOUT,2,0.63,30,False,ESCALATE_HUMAN
CASE_07930,CUST_07930,Kenneth Gonzalez,15000,FAILED,NETWORK_ERROR,2,0.22,5,False,SEND_PAYMENT_LINK
CASE_07931,CUST_07931,Alexandra Martin,50000,FAILED,CARD_DECLINED,1,0.99,20,False,SEND_PAYMENT_LINK
CASE_07932,CUST_07932,Daniel Lopez,15000,ABANDONED,NONE,2,0.82,20,True,SEND_PAYMENT_LINK
CASE_07933,CUST_07933,Alyssa Moore,2499,FAILED,NETWORK_ERROR,3,0.25,20,False,STOP
CASE_07934,CUST_07934,Victoria Owen,1499,ABANDONED,NONE,3,0.78,45,True,STOP
CASE_07935,CUST_07935,Christopher Williams,9999,FAILED,NETWORK_ERROR,1,0.84,45,False,ESCALATE_HUMAN
CASE_07936,CUST_07936,Savannah Banks,9999,FAILED,CARD_DECLINED,0,0.39,5,False,SEND_PAYMENT_LINK
CASE_07937,CUST_07937,Sarah Wilson,1499,ABANDONED,NONE,1,0.44,45,True,ESCALATE_HUMAN
CASE_07938,CUST_07938,Melissa Everett,9999,FAILED,TIMEOUT,2,0.52,15,False,SEND_PAYMENT_LINK
CASE_07939,CUST_07939,Daniel Little,4999,ABANDONED,NONE,3,0.22,15,True,STOP
CASE_07940,CUST_07940,Hailey Watson,2499,ABANDONED,NONE,2,0.42,5,True,SEND_PAYMENT_LINK
CASE_07941,CUST_07941,William Luna,4999,FAILED,INSUFFICIENT_FUNDS,0,0.31,30,False,ESCALATE_HUMAN
CASE_07942,CUST_07942,Julie Moon,9999,FAILED,TIMEOUT,0,0.88,0,False,RETRY_PAYMENT
CASE_07943,CUST_07943,Justin Clark,25000,FAILED,INSUFFICIENT_FUNDS,1,0.63,0,False,SEND_PAYMENT_LINK
CASE_07944,CUST_07944,Joann Johnson,75000,FAILED,TIMEOUT,2,0.4,20,False,ESCALATE_HUMAN
CASE_07945,CUST_07945,Henry Sanders,7999,FAILED,INSUFFICIENT_FUNDS,2,0.52,20,False,SEND_PAYMENT_LINK
CASE_07946,CUST_07946,Tamara Burgess,50000,ABANDONED,NONE,0,0.23,0,True,SEND_PAYMENT_LINK
CASE_07947,CUST_07947,Karen Dickerson,50000,FAILED,BANK_ERROR,1,0.27,15,False,SEND_PAYMENT_LINK
CASE_07948,CUST_07948,Casey Solomon,1499,FAILED,TIMEOUT,2,0.91,0,False,RETRY_PAYMENT
CASE_07949,CUST_07949,Colin Palmer,7999,ABANDONED,NONE,2,0.61,10,True,SEND_PAYMENT_LINK
CASE_07950,CUST_07950,Kenneth Moore,100000,FAILED,NETWORK_ERROR,3,0.61,0,False,STOP
CASE_07951,CUST_07951,Billy Miller,75000,FAILED,NETWORK_ERROR,3,0.85,5,False,STOP
CASE_07952,CUST_07952,Javier Johnston,2499,FAILED,BANK_ERROR,2,0.55,10,False,SEND_PAYMENT_LINK
CASE_07953,CUST_07953,Karen Beasley,499,FAILED,CARD_DECLINED,2,0.41,15,False,SEND_PAYMENT_LINK
CASE_07954,CUST_07954,Megan Hughes,15000,ABANDONED,NONE,3,0.27,0,True,STOP
CASE_07955,CUST_07955,Amanda Davis,50000,FAILED,TIMEOUT,3,0.43,0,False,STOP
CASE_07956,CUST_07956,Brenda Owens,2499,FAILED,CARD_DECLINED,2,0.25,30,False,ESCALATE_HUMAN
CASE_07957,CUST_07957,William Higgins,2499,FAILED,NETWORK_ERROR,2,0.86,5,False,RETRY_PAYMENT
CASE_07958,CUST_07958,Cindy Curtis,4999,ABANDONED,NONE,2,0.76,15,True,SEND_PAYMENT_LINK
CASE_07959,CUST_07959,Sandra Smith,4999,ABANDONED,NONE,0,0.3,0,True,SEND_PAYMENT_LINK
CASE_07960,CUST_07960,Ashley Mcgrath,2499,FAILED,NETWORK_ERROR,3,0.74,20,False,STOP
CASE_07961,CUST_07961,Laura Blackwell,4999,FAILED,TIMEOUT,0,0.9,45,False,ESCALATE_HUMAN
CASE_07962,CUST_07962,Donna Fischer,50000,FAILED,CARD_DECLINED,0,0.91,5,False,SEND_PAYMENT_LINK
CASE_07963,CUST_07963,Barbara Reed,2499,FAILED,INSUFFICIENT_FUNDS,1,0.47,20,False,SEND_PAYMENT_LINK
CASE_07964,CUST_07964,Jessica Willis,1499,ABANDONED,NONE,0,0.6,45,True,ESCALATE_HUMAN
CASE_07965,CUST_07965,Sydney Hicks,999,FAILED,CARD_DECLINED,2,0.98,30,False,ESCALATE_HUMAN
CASE_07966,CUST_07966,Alicia Schneider,7999,FAILED,BANK_ERROR,2,0.82,30,False,ESCALATE_HUMAN
CASE_07967,CUST_07967,Mark Olson,75000,FAILED,CARD_DECLINED,0,0.6,15,False,ESCALATE_HUMAN
CASE_07968,CUST_07968,Amanda Ortiz,499,FAILED,CARD_DECLINED,1,0.74,0,False,SEND_PAYMENT_LINK
CASE_07969,CUST_07969,Robert Johnson,7999,FAILED,INSUFFICIENT_FUNDS,3,0.77,0,False,STOP
CASE_07970,CUST_07970,Oscar Orozco,1499,FAILED,NETWORK_ERROR,0,0.73,20,False,RETRY_PAYMENT
CASE_07971,CUST_07971,Tanya Evans,50000,FAILED,CARD_DECLINED,3,0.37,30,False,STOP
CASE_07972,CUST_07972,Stanley Mcgrath,1499,FAILED,BANK_ERROR,0,0.39,15,False,SEND_PAYMENT_LINK
CASE_07973,CUST_07973,Rachel Evans,25000,FAILED,NETWORK_ERROR,2,0.38,10,False,SEND_PAYMENT_LINK
CASE_07974,CUST_07974,Christy Weaver,4999,FAILED,CARD_DECLINED,0,0.75,10,False,SEND_PAYMENT_LINK
CASE_07975,CUST_07975,Vincent Campbell,75000,FAILED,TIMEOUT,1,0.82,5,False,ESCALATE_HUMAN
CASE_07976,CUST_07976,Garrett Williams,999,FAILED,TIMEOUT,3,0.65,5,False,STOP
CASE_07977,CUST_07977,Melissa White,499,FAILED,BANK_ERROR,0,0.88,5,False,RETRY_PAYMENT
CASE_07978,CUST_07978,Sean Walton,4999,FAILED,BANK_ERROR,1,0.9,0,False,RETRY_PAYMENT
CASE_07979,CUST_07979,Brandon Alvarado,499,FAILED,INSUFFICIENT_FUNDS,2,0.77,20,False,SEND_PAYMENT_LINK
CASE_07980,CUST_07980,Scott Duffy,1499,FAILED,CARD_DECLINED,3,0.5,15,False,STOP
CASE_07981,CUST_07981,David Villanueva,100000,ABANDONED,NONE,1,0.87,5,True,ESCALATE_HUMAN
CASE_07982,CUST_07982,Nicole Reyes,50000,FAILED,CARD_DECLINED,2,0.37,0,False,SEND_PAYMENT_LINK
CASE_07983,CUST_07983,Earl Watson,7999,FAILED,CARD_DECLINED,2,0.81,45,False,ESCALATE_HUMAN
CASE_07984,CUST_07984,William Frey,15000,FAILED,CARD_DECLINED,0,0.74,15,False,SEND_PAYMENT_LINK
CASE_07985,CUST_07985,Joseph Boyd,15000,FAILED,CARD_DECLINED,1,0.68,45,False,ESCALATE_HUMAN
CASE_07986,CUST_07986,Kelsey Le,2499,FAILED,TIMEOUT,3,0.85,45,False,STOP
CASE_07987,CUST_07987,David Roberts,4999,ABANDONED,NONE,0,0.87,10,True,SEND_PAYMENT_LINK
CASE_07988,CUST_07988,Julie Harris,7999,ABANDONED,NONE,1,0.74,20,True,SEND_PAYMENT_LINK
CASE_07989,CUST_07989,Melissa Nelson,75000,ABANDONED,NONE,0,0.92,0,True,ESCALATE_HUMAN
CASE_07990,CUST_07990,Thomas Erickson,15000,FAILED,CARD_DECLINED,3,0.49,30,False,STOP
CASE_07991,CUST_07991,Arthur Howard,7999,FAILED,CARD_DECLINED,0,0.73,0,False,SEND_PAYMENT_LINK
CASE_07992,CUST_07992,Norma Hart,15000,FAILED,BANK_ERROR,0,0.4,0,False,SEND_PAYMENT_LINK
CASE_07993,CUST_07993,Melissa Higgins,15000,FAILED,BANK_ERROR,0,0.71,10,False,SEND_PAYMENT_LINK
CASE_07994,CUST_07994,Andrea Mueller,4999,ABANDONED,NONE,3,0.35,0,True,STOP
CASE_07995,CUST_07995,Stephanie Kelly,499,FAILED,INSUFFICIENT_FUNDS,2,0.86,10,False,SEND_PAYMENT_LINK
CASE_07996,CUST_07996,Stacey Hill,499,ABANDONED,NONE,1,0.71,30,True,ESCALATE_HUMAN
CASE_07997,CUST_07997,Danielle Torres,999,FAILED,TIMEOUT,0,0.34,5,False,SEND_PAYMENT_LINK
CASE_07998,CUST_07998,Gregory Mcguire MD,9999,ABANDONED,NONE,1,0.69,0,True,SEND_PAYMENT_LINK
CASE_07999,CUST_07999,Ruben Ramirez,100000,ABANDONED,NONE,2,0.94,20,True,ESCALATE_HUMAN
CASE_08000,CUST_08000,Bradley Howe,999,ABANDONED,NONE,3,0.73,10,True,STOP
CASE_08001,CUST_08001,Dr. Zachary Atkinson,15000,FAILED,TIMEOUT,3,0.76,5,False,STOP
CASE_08002,CUST_08002,David Miller,7999,FAILED,NETWORK_ERROR,2,0.54,0,False,SEND_PAYMENT_LINK
CASE_08003,CUST_08003,Erin Kline,100000,FAILED,CARD_DECLINED,1,0.29,5,False,ESCALATE_HUMAN
CASE_08004,CUST_08004,Melissa Faulkner,499,FAILED,TIMEOUT,3,0.26,45,False,STOP
CASE_08005,CUST_08005,Katelyn Burke,2499,FAILED,TIMEOUT,2,0.33,0,False,SEND_PAYMENT_LINK
CASE_08006,CUST_08006,Nicholas Lopez,499,ABANDONED,NONE,2,0.26,20,True,SEND_PAYMENT_LINK
CASE_08007,CUST_08007,Thomas Brown,9999,FAILED,BANK_ERROR,0,0.64,0,False,SEND_PAYMENT_LINK
CASE_08008,CUST_08008,April Campbell,1499,FAILED,TIMEOUT,3,0.59,5,False,STOP
CASE_08009,CUST_08009,Heather Allen,1499,FAILED,NETWORK_ERROR,2,0.99,30,False,ESCALATE_HUMAN
CASE_08010,CUST_08010,Melissa Contreras,999,FAILED,NETWORK_ERROR,0,0.83,0,False,RETRY_PAYMENT
CASE_08011,CUST_08011,Mario Coleman,9999,ABANDONED,NONE,1,0.59,30,True,ESCALATE_HUMAN
CASE_08012,CUST_08012,Debbie Warren,25000,FAILED,TIMEOUT,2,0.3,0,False,SEND_PAYMENT_LINK
CASE_08013,CUST_08013,Madison Obrien,499,FAILED,NETWORK_ERROR,1,0.85,0,False,RETRY_PAYMENT
CASE_08014,CUST_08014,Cody Martinez,25000,FAILED,NETWORK_ERROR,0,0.78,0,False,RETRY_PAYMENT
CASE_08015,CUST_08015,Rebecca Sutton,15000,FAILED,INSUFFICIENT_FUNDS,3,0.42,20,False,STOP
CASE_08016,CUST_08016,Jeffrey Garrett,100000,FAILED,CARD_DECLINED,2,0.56,15,False,ESCALATE_HUMAN
CASE_08017,CUST_08017,Jermaine English,15000,FAILED,BANK_ERROR,1,0.52,30,False,ESCALATE_HUMAN
CASE_08018,CUST_08018,Terri Bautista,100000,FAILED,CARD_DECLINED,2,0.81,0,False,ESCALATE_HUMAN
CASE_08019,CUST_08019,James Martin,499,FAILED,NETWORK_ERROR,2,0.63,20,False,RETRY_PAYMENT
CASE_08020,CUST_08020,Troy Mcdonald,2499,FAILED,CARD_DECLINED,0,0.43,5,False,SEND_PAYMENT_LINK
CASE_08021,CUST_08021,Karen Rogers,2499,FAILED,BANK_ERROR,0,0.41,45,False,ESCALATE_HUMAN
CASE_08022,CUST_08022,Elizabeth Jacobs,1499,FAILED,NETWORK_ERROR,0,0.2,0,False,SEND_PAYMENT_LINK
CASE_08023,CUST_08023,Taylor Flores,9999,ABANDONED,NONE,2,0.47,30,True,ESCALATE_HUMAN
CASE_08024,CUST_08024,Jerome Chambers,7999,FAILED,CARD_DECLINED,3,0.84,0,False,STOP
CASE_08025,CUST_08025,Jasmine Norman,9999,FAILED,CARD_DECLINED,1,0.47,0,False,SEND_PAYMENT_LINK
CASE_08026,CUST_08026,Donna Butler,15000,FAILED,BANK_ERROR,0,0.35,15,False,SEND_PAYMENT_LINK
CASE_08027,CUST_08027,Ashley Williams,25000,FAILED,TIMEOUT,3,0.84,0,False,STOP
CASE_08028,CUST_08028,Nicole Hall,9999,FAILED,BANK_ERROR,0,0.64,0,False,SEND_PAYMENT_LINK
CASE_08029,CUST_08029,Stephen Summers,100000,FAILED,CARD_DECLINED,0,0.63,45,False,ESCALATE_HUMAN
CASE_08030,CUST_08030,David Brown,100000,ABANDONED,NONE,0,0.29,15,True,ESCALATE_HUMAN
CASE_08031,CUST_08031,Linda Lewis,25000,FAILED,INSUFFICIENT_FUNDS,2,0.76,5,False,SEND_PAYMENT_LINK
CASE_08032,CUST_08032,Michael Torres,499,ABANDONED,NONE,2,0.75,30,True,ESCALATE_HUMAN
CASE_08033,CUST_08033,John Paul,15000,FAILED,TIMEOUT,0,0.31,0,False,SEND_PAYMENT_LINK
CASE_08034,CUST_08034,Mary Williams,100000,ABANDONED,NONE,0,0.2,45,True,ESCALATE_HUMAN
CASE_08035,CUST_08035,Sean Schmitt,999,ABANDONED,NONE,3,0.92,5,True,STOP
CASE_08036,CUST_08036,Timothy Young,7999,FAILED,TIMEOUT,2,0.32,20,False,SEND_PAYMENT_LINK
CASE_08037,CUST_08037,Walter Tran,15000,FAILED,NETWORK_ERROR,0,0.26,30,False,ESCALATE_HUMAN
CASE_08038,CUST_08038,Charles Rivera,499,ABANDONED,NONE,3,0.62,20,True,STOP
CASE_08039,CUST_08039,Jill Lewis,4999,ABANDONED,NONE,2,0.28,30,True,ESCALATE_HUMAN
CASE_08040,CUST_08040,Samuel Smith,2499,FAILED,CARD_DECLINED,2,0.54,15,False,SEND_PAYMENT_LINK
CASE_08041,CUST_08041,David Mcdaniel,2499,ABANDONED,NONE,2,0.98,15,True,SEND_PAYMENT_LINK
CASE_08042,CUST_08042,Taylor Christensen,1499,FAILED,NETWORK_ERROR,3,0.94,45,False,STOP
CASE_08043,CUST_08043,Jay Scott,50000,ABANDONED,NONE,3,0.85,5,True,STOP
CASE_08044,CUST_08044,Colin Johnson,75000,FAILED,TIMEOUT,3,0.7,20,False,STOP
CASE_08045,CUST_08045,Melissa Harris,499,FAILED,BANK_ERROR,1,0.73,0,False,RETRY_PAYMENT
CASE_08046,CUST_08046,Marvin Marsh,75000,FAILED,CARD_DECLINED,2,0.77,0,False,ESCALATE_HUMAN
CASE_08047,CUST_08047,Kyle Osborne,75000,ABANDONED,NONE,0,0.48,0,True,ESCALATE_HUMAN
CASE_08048,CUST_08048,Michelle Berger,50000,ABANDONED,NONE,1,0.31,0,True,SEND_PAYMENT_LINK
CASE_08049,CUST_08049,Sharon Jackson,75000,FAILED,NETWORK_ERROR,3,0.32,20,False,STOP
CASE_08050,CUST_08050,Jacob Martinez,999,FAILED,INSUFFICIENT_FUNDS,2,0.75,5,False,SEND_PAYMENT_LINK
CASE_08051,CUST_08051,Heather Harris,2499,FAILED,TIMEOUT,3,0.3,0,False,STOP
CASE_08052,CUST_08052,Jennifer Clark,9999,FAILED,CARD_DECLINED,0,0.46,20,False,SEND_PAYMENT_LINK
CASE_08053,CUST_08053,Tyler Dennis,9999,FAILED,BANK_ERROR,0,0.98,45,False,ESCALATE_HUMAN
CASE_08054,CUST_08054,Nathaniel Baker,499,FAILED,TIMEOUT,1,0.41,5,False,SEND_PAYMENT_LINK
CASE_08055,CUST_08055,David Lee,4999,FAILED,NETWORK_ERROR,1,0.46,45,False,ESCALATE_HUMAN
CASE_08056,CUST_08056,Danny Lee,499,ABANDONED,NONE,3,0.69,5,True,STOP
CASE_08057,CUST_08057,Michael Jackson,4999,ABANDONED,NONE,1,0.44,10,True,SEND_PAYMENT_LINK
CASE_08058,CUST_08058,Regina Watts,999,ABANDONED,NONE,3,0.51,0,True,STOP
CASE_08059,CUST_08059,Maria Duncan,25000,ABANDONED,NONE,2,0.39,20,True,SEND_PAYMENT_LINK
CASE_08060,CUST_08060,Stephanie Hudson,4999,ABANDONED,NONE,2,0.3,5,True,SEND_PAYMENT_LINK
CASE_08061,CUST_08061,Jennifer Gutierrez,1499,ABANDONED,NONE,1,0.78,45,True,ESCALATE_HUMAN
CASE_08062,CUST_08062,Kevin Parker,15000,FAILED,CARD_DECLINED,1,0.67,15,False,SEND_PAYMENT_LINK
CASE_08063,CUST_08063,Jerry Foster,999,ABANDONED,NONE,1,0.65,0,True,SEND_PAYMENT_LINK
CASE_08064,CUST_08064,Brent Griffin,25000,FAILED,INSUFFICIENT_FUNDS,2,0.62,0,False,SEND_PAYMENT_LINK
CASE_08065,CUST_08065,Kristin Summers,9999,FAILED,NETWORK_ERROR,3,0.92,5,False,STOP
CASE_08066,CUST_08066,Adam Bryant,999,FAILED,INSUFFICIENT_FUNDS,0,0.3,45,False,ESCALATE_HUMAN
CASE_08067,CUST_08067,Andrew Garcia,15000,ABANDONED,NONE,3,0.38,0,True,STOP
CASE_08068,CUST_08068,David Gomez,4999,FAILED,CARD_DECLINED,3,0.98,10,False,STOP
CASE_08069,CUST_08069,Lori David,4999,ABANDONED,NONE,3,0.47,0,True,STOP
CASE_08070,CUST_08070,Benjamin Spears,1499,FAILED,NETWORK_ERROR,3,0.61,15,False,STOP
CASE_08071,CUST_08071,Alexander Yang,999,ABANDONED,NONE,1,0.25,15,True,SEND_PAYMENT_LINK
CASE_08072,CUST_08072,Jeffrey Smith,999,ABANDONED,NONE,0,0.4,0,True,SEND_PAYMENT_LINK
CASE_08073,CUST_08073,Robert Chambers,75000,FAILED,INSUFFICIENT_FUNDS,2,0.71,0,False,ESCALATE_HUMAN
CASE_08074,CUST_08074,Tracy Allen,100000,FAILED,TIMEOUT,0,0.48,30,False,ESCALATE_HUMAN
CASE_08075,CUST_08075,Jenna Bennett,4999,FAILED,CARD_DECLINED,0,0.59,20,False,SEND_PAYMENT_LINK
CASE_08076,CUST_08076,Michael Jacobs,4999,ABANDONED,NONE,2,0.29,45,True,ESCALATE_HUMAN
CASE_08077,CUST_08077,Michael Krause,75000,FAILED,TIMEOUT,1,0.56,0,False,ESCALATE_HUMAN
CASE_08078,CUST_08078,Daniel Smith,15000,FAILED,BANK_ERROR,2,0.69,45,False,ESCALATE_HUMAN
CASE_08079,CUST_08079,Linda Bruce,1499,FAILED,INSUFFICIENT_FUNDS,2,0.3,45,False,ESCALATE_HUMAN
CASE_08080,CUST_08080,Ashley Cox,25000,FAILED,NETWORK_ERROR,0,0.73,15,False,SEND_PAYMENT_LINK
CASE_08081,CUST_08081,Charles Lee,4999,FAILED,NETWORK_ERROR,3,0.76,15,False,STOP
CASE_08082,CUST_08082,Michael Martin,4999,ABANDONED,NONE,0,0.85,0,True,SEND_PAYMENT_LINK
CASE_08083,CUST_08083,Calvin Hicks,999,FAILED,TIMEOUT,0,0.43,30,False,ESCALATE_HUMAN
CASE_08084,CUST_08084,Benjamin Mendoza,2499,FAILED,BANK_ERROR,1,0.95,15,False,RETRY_PAYMENT
CASE_08085,CUST_08085,Patricia Baldwin,25000,FAILED,INSUFFICIENT_FUNDS,0,0.74,0,False,SEND_PAYMENT_LINK
CASE_08086,CUST_08086,Ashley Wilson,15000,ABANDONED,NONE,0,0.31,30,True,ESCALATE_HUMAN
CASE_08087,CUST_08087,Darius Perry,15000,FAILED,INSUFFICIENT_FUNDS,3,0.72,15,False,STOP
CASE_08088,CUST_08088,Elizabeth Edwards,2499,FAILED,CARD_DECLINED,0,0.74,10,False,SEND_PAYMENT_LINK
CASE_08089,CUST_08089,Blake Deleon,4999,ABANDONED,NONE,2,0.21,45,True,ESCALATE_HUMAN
CASE_08090,CUST_08090,Adam Gray,499,FAILED,TIMEOUT,1,0.33,0,False,SEND_PAYMENT_LINK
CASE_08091,CUST_08091,William Stone,9999,FAILED,TIMEOUT,3,0.46,10,False,STOP
CASE_08092,CUST_08092,William Cummings,499,FAILED,CARD_DECLINED,1,0.57,10,False,SEND_PAYMENT_LINK
CASE_08093,CUST_08093,Jennifer Gilmore,7999,FAILED,NETWORK_ERROR,2,0.64,0,False,RETRY_PAYMENT
CASE_08094,CUST_08094,Danny Higgins,1499,FAILED,CARD_DECLINED,3,0.46,0,False,STOP
CASE_08095,CUST_08095,Sharon Pena,9999,FAILED,TIMEOUT,0,0.49,45,False,ESCALATE_HUMAN
CASE_08096,CUST_08096,Sarah Williams MD,499,FAILED,CARD_DECLINED,0,0.21,5,False,SEND_PAYMENT_LINK
CASE_08097,CUST_08097,Carol Thomas,499,FAILED,INSUFFICIENT_FUNDS,1,0.56,0,False,SEND_PAYMENT_LINK
CASE_08098,CUST_08098,Laura Hurst,25000,ABANDONED,NONE,3,0.7,0,True,STOP
CASE_08099,CUST_08099,Amanda Benjamin,499,FAILED,TIMEOUT,3,0.26,45,False,STOP
CASE_08100,CUST_08100,Steven Hayes,999,ABANDONED,NONE,1,0.95,5,True,SEND_PAYMENT_LINK
CASE_08101,CUST_08101,Amy Ortega,100000,ABANDONED,NONE,3,0.96,20,True,STOP
CASE_08102,CUST_08102,Christopher Hawkins,1499,FAILED,INSUFFICIENT_FUNDS,2,0.26,0,False,SEND_PAYMENT_LINK
CASE_08103,CUST_08103,Dawn Cline,50000,FAILED,NETWORK_ERROR,0,0.87,0,False,RETRY_PAYMENT
CASE_08104,CUST_08104,Eric Green,15000,FAILED,CARD_DECLINED,1,0.87,10,False,SEND_PAYMENT_LINK
CASE_08105,CUST_08105,Deborah Evans,1499,ABANDONED,NONE,1,0.47,5,True,SEND_PAYMENT_LINK
CASE_08106,CUST_08106,Jessica Mccann,4999,FAILED,NETWORK_ERROR,1,0.65,45,False,ESCALATE_HUMAN
CASE_08107,CUST_08107,Jeremy Young,15000,FAILED,CARD_DECLINED,2,0.48,0,False,SEND_PAYMENT_LINK
CASE_08108,CUST_08108,Emily Hernandez,499,FAILED,BANK_ERROR,1,0.49,45,False,ESCALATE_HUMAN
CASE_08109,CUST_08109,Stephen Villa,25000,FAILED,NETWORK_ERROR,1,0.91,5,False,RETRY_PAYMENT
CASE_08110,CUST_08110,Benjamin Sosa,4999,ABANDONED,NONE,1,0.72,0,True,SEND_PAYMENT_LINK
CASE_08111,CUST_08111,Antonio Weeks,9999,FAILED,CARD_DECLINED,0,0.48,45,False,ESCALATE_HUMAN
CASE_08112,CUST_08112,Thomas Valdez,15000,FAILED,BANK_ERROR,0,0.76,0,False,RETRY_PAYMENT
CASE_08113,CUST_08113,Patricia Copeland,50000,ABANDONED,NONE,0,0.42,0,True,SEND_PAYMENT_LINK
CASE_08114,CUST_08114,April Johnson,75000,FAILED,TIMEOUT,3,0.57,15,False,STOP
CASE_08115,CUST_08115,Joshua Reid,75000,FAILED,TIMEOUT,1,0.57,45,False,ESCALATE_HUMAN
CASE_08116,CUST_08116,Taylor Richardson,50000,FAILED,INSUFFICIENT_FUNDS,2,0.88,45,False,ESCALATE_HUMAN
CASE_08117,CUST_08117,Jason Cook,999,FAILED,CARD_DECLINED,0,0.58,0,False,SEND_PAYMENT_LINK
CASE_08118,CUST_08118,Christie Goodwin,25000,FAILED,INSUFFICIENT_FUNDS,2,0.63,30,False,ESCALATE_HUMAN
CASE_08119,CUST_08119,Stacy Lee,4999,FAILED,TIMEOUT,0,0.66,0,False,RETRY_PAYMENT
CASE_08120,CUST_08120,Brad Hoffman,25000,ABANDONED,NONE,2,0.79,0,True,SEND_PAYMENT_LINK
CASE_08121,CUST_08121,Jason Ortiz,15000,FAILED,TIMEOUT,0,0.65,0,False,RETRY_PAYMENT
CASE_08122,CUST_08122,Erin Chavez,499,FAILED,CARD_DECLINED,3,0.43,5,False,STOP
CASE_08123,CUST_08123,Alec Hicks,75000,FAILED,NETWORK_ERROR,2,0.75,0,False,ESCALATE_HUMAN
CASE_08124,CUST_08124,Bryan Ray,7999,FAILED,INSUFFICIENT_FUNDS,3,0.6,45,False,STOP
CASE_08125,CUST_08125,Wesley Norris,4999,ABANDONED,NONE,0,0.2,15,True,SEND_PAYMENT_LINK
CASE_08126,CUST_08126,Kylie Norris,100000,FAILED,BANK_ERROR,1,0.5,0,False,ESCALATE_HUMAN
CASE_08127,CUST_08127,Michael Sawyer,4999,FAILED,INSUFFICIENT_FUNDS,2,0.83,0,False,SEND_PAYMENT_LINK
CASE_08128,CUST_08128,Erika Hale,499,FAILED,INSUFFICIENT_FUNDS,0,0.66,0,False,SEND_PAYMENT_LINK
CASE_08129,CUST_08129,Lindsey Bell,9999,ABANDONED,NONE,1,0.45,10,True,SEND_PAYMENT_LINK
CASE_08130,CUST_08130,Alexis Bean,9999,FAILED,CARD_DECLINED,2,0.85,30,False,ESCALATE_HUMAN
CASE_08131,CUST_08131,Andrew Mcbride,100000,ABANDONED,NONE,1,0.87,45,True,ESCALATE_HUMAN
CASE_08132,CUST_08132,Mariah Mcgee,15000,ABANDONED,NONE,2,0.57,5,True,SEND_PAYMENT_LINK
CASE_08133,CUST_08133,Michael Hill,499,FAILED,INSUFFICIENT_FUNDS,3,0.31,45,False,STOP
CASE_08134,CUST_08134,Amy Hunt,50000,FAILED,CARD_DECLINED,0,0.89,0,False,ESCALATE_HUMAN
CASE_08135,CUST_08135,Alyssa Serrano,100000,ABANDONED,NONE,1,0.41,30,True,ESCALATE_HUMAN
CASE_08136,CUST_08136,Alexander Griffin,4999,FAILED,CARD_DECLINED,0,0.86,0,False,SEND_PAYMENT_LINK
CASE_08137,CUST_08137,Sharon Brown,499,FAILED,BANK_ERROR,1,0.21,30,False,ESCALATE_HUMAN
CASE_08138,CUST_08138,Stephanie Larson,7999,ABANDONED,NONE,1,0.37,20,True,SEND_PAYMENT_LINK
CASE_08139,CUST_08139,Carol Mcbride,25000,FAILED,CARD_DECLINED,3,0.5,30,False,STOP
CASE_08140,CUST_08140,Christopher Ramos,7999,FAILED,INSUFFICIENT_FUNDS,1,0.47,20,False,SEND_PAYMENT_LINK
CASE_08141,CUST_08141,Christine Webb,25000,FAILED,NETWORK_ERROR,2,0.22,20,False,SEND_PAYMENT_LINK
CASE_08142,CUST_08142,Steven Snyder,9999,FAILED,CARD_DECLINED,3,0.62,20,False,STOP
CASE_08143,CUST_08143,Bradley Cohen,4999,ABANDONED,NONE,0,0.38,0,True,SEND_PAYMENT_LINK
CASE_08144,CUST_08144,Jeffrey Brennan,499,FAILED,INSUFFICIENT_FUNDS,2,0.41,10,False,SEND_PAYMENT_LINK
CASE_08145,CUST_08145,Shaun Valdez,7999,FAILED,BANK_ERROR,2,0.56,45,False,ESCALATE_HUMAN
CASE_08146,CUST_08146,Brett Baker,7999,FAILED,CARD_DECLINED,2,0.71,45,False,ESCALATE_HUMAN
CASE_08147,CUST_08147,Eric Brooks,4999,FAILED,NETWORK_ERROR,0,0.43,0,False,SEND_PAYMENT_LINK
CASE_08148,CUST_08148,Jonathan Hatfield,100000,FAILED,INSUFFICIENT_FUNDS,0,0.46,20,False,ESCALATE_HUMAN
CASE_08149,CUST_08149,John Rhodes,2499,FAILED,NETWORK_ERROR,0,0.54,15,False,SEND_PAYMENT_LINK
CASE_08150,CUST_08150,Timothy Acevedo,999,FAILED,CARD_DECLINED,3,0.72,5,False,STOP
CASE_08151,CUST_08151,David Jackson,25000,ABANDONED,NONE,2,0.72,15,True,SEND_PAYMENT_LINK
CASE_08152,CUST_08152,Adam Wilkins,7999,FAILED,BANK_ERROR,1,0.66,0,False,SEND_PAYMENT_LINK
CASE_08153,CUST_08153,Daniel Arnold,2499,FAILED,INSUFFICIENT_FUNDS,0,0.69,30,False,ESCALATE_HUMAN
CASE_08154,CUST_08154,Daniel Howe,15000,FAILED,TIMEOUT,0,0.89,20,False,RETRY_PAYMENT
CASE_08155,CUST_08155,Larry Green,15000,ABANDONED,NONE,2,0.95,5,True,SEND_PAYMENT_LINK
CASE_08156,CUST_08156,Victor Evans,9999,FAILED,INSUFFICIENT_FUNDS,0,0.89,45,False,ESCALATE_HUMAN
CASE_08157,CUST_08157,Jose Jones,7999,FAILED,NETWORK_ERROR,0,1.0,5,False,RETRY_PAYMENT
CASE_08158,CUST_08158,Kyle Meyers,75000,ABANDONED,NONE,2,0.58,5,True,ESCALATE_HUMAN
CASE_08159,CUST_08159,Jeremy Le,75000,FAILED,NETWORK_ERROR,3,0.76,45,False,STOP
CASE_08160,CUST_08160,Kristen Weaver,25000,FAILED,CARD_DECLINED,3,0.27,0,False,STOP
CASE_08161,CUST_08161,Jessica Banks,100000,ABANDONED,NONE,3,0.51,15,True,STOP
CASE_08162,CUST_08162,Glenn Adams,25000,FAILED,CARD_DECLINED,2,0.35,20,False,SEND_PAYMENT_LINK
CASE_08163,CUST_08163,Zachary Wells,75000,FAILED,BANK_ERROR,0,0.92,30,False,ESCALATE_HUMAN
CASE_08164,CUST_08164,Diana Decker,50000,FAILED,TIMEOUT,2,0.35,0,False,SEND_PAYMENT_LINK
CASE_08165,CUST_08165,Rhonda Carson,1499,ABANDONED,NONE,0,0.5,30,True,ESCALATE_HUMAN
CASE_08166,CUST_08166,Jacob Brown,4999,FAILED,BANK_ERROR,2,0.94,15,False,RETRY_PAYMENT
CASE_08167,CUST_08167,David Wilson,25000,ABANDONED,NONE,3,0.66,15,True,STOP
CASE_08168,CUST_08168,Denise Gomez,50000,FAILED,BANK_ERROR,3,0.61,5,False,STOP
CASE_08169,CUST_08169,Sean Flores,499,ABANDONED,NONE,1,0.56,5,True,SEND_PAYMENT_LINK
CASE_08170,CUST_08170,Christian White,999,FAILED,INSUFFICIENT_FUNDS,2,0.29,5,False,SEND_PAYMENT_LINK
CASE_08171,CUST_08171,Matthew Lee,100000,FAILED,INSUFFICIENT_FUNDS,1,0.36,15,False,ESCALATE_HUMAN
CASE_08172,CUST_08172,Clifford Peterson,100000,FAILED,BANK_ERROR,2,0.48,30,False,ESCALATE_HUMAN
CASE_08173,CUST_08173,Ashley Davis,999,FAILED,NETWORK_ERROR,1,0.85,30,False,ESCALATE_HUMAN
CASE_08174,CUST_08174,Robert Nelson,4999,FAILED,INSUFFICIENT_FUNDS,0,0.93,10,False,SEND_PAYMENT_LINK
CASE_08175,CUST_08175,Jenna Williams,50000,FAILED,CARD_DECLINED,3,0.36,30,False,STOP
CASE_08176,CUST_08176,Jamie Alexander,100000,FAILED,BANK_ERROR,1,0.28,10,False,ESCALATE_HUMAN
CASE_08177,CUST_08177,Todd Pacheco,75000,FAILED,BANK_ERROR,0,0.24,20,False,ESCALATE_HUMAN
CASE_08178,CUST_08178,Shaun Gross,499,ABANDONED,NONE,3,0.39,10,True,STOP
CASE_08179,CUST_08179,Jessica Arnold,4999,FAILED,BANK_ERROR,2,0.74,0,False,RETRY_PAYMENT
CASE_08180,CUST_08180,Thomas Phillips,100000,ABANDONED,NONE,1,0.4,15,True,ESCALATE_HUMAN
CASE_08181,CUST_08181,Diane Duran,9999,FAILED,TIMEOUT,3,0.71,45,False,STOP
CASE_08182,CUST_08182,Erin Hart,75000,ABANDONED,NONE,0,0.85,15,True,ESCALATE_HUMAN
CASE_08183,CUST_08183,Samuel Garcia,1499,FAILED,INSUFFICIENT_FUNDS,0,0.42,5,False,SEND_PAYMENT_LINK
CASE_08184,CUST_08184,Matthew Wilson,7999,FAILED,NETWORK_ERROR,1,0.72,20,False,SEND_PAYMENT_LINK
CASE_08185,CUST_08185,Jamie Graham,7999,FAILED,INSUFFICIENT_FUNDS,2,0.63,0,False,SEND_PAYMENT_LINK
CASE_08186,CUST_08186,Erin Boyd,9999,FAILED,BANK_ERROR,1,0.47,30,False,ESCALATE_HUMAN
CASE_08187,CUST_08187,Chelsea Ross,1499,FAILED,INSUFFICIENT_FUNDS,0,0.91,15,False,SEND_PAYMENT_LINK
CASE_08188,CUST_08188,Mary Smith,2499,FAILED,NETWORK_ERROR,0,0.97,5,False,RETRY_PAYMENT
CASE_08189,CUST_08189,Casey Lee,50000,FAILED,TIMEOUT,2,0.49,45,False,ESCALATE_HUMAN
CASE_08190,CUST_08190,Brian Moreno,50000,FAILED,NETWORK_ERROR,2,0.88,0,False,RETRY_PAYMENT
CASE_08191,CUST_08191,Roberta Smith,2499,FAILED,TIMEOUT,3,0.23,15,False,STOP
CASE_08192,CUST_08192,Joann White,9999,FAILED,BANK_ERROR,2,0.49,15,False,SEND_PAYMENT_LINK
CASE_08193,CUST_08193,Todd Rasmussen,9999,FAILED,CARD_DECLINED,2,0.67,0,False,SEND_PAYMENT_LINK
CASE_08194,CUST_08194,Scott Summers,25000,FAILED,CARD_DECLINED,2,0.91,30,False,ESCALATE_HUMAN
CASE_08195,CUST_08195,Donna Jackson,4999,ABANDONED,NONE,0,0.24,15,True,SEND_PAYMENT_LINK
CASE_08196,CUST_08196,Donna Clark,100000,FAILED,NETWORK_ERROR,1,0.86,5,False,ESCALATE_HUMAN
CASE_08197,CUST_08197,Misty Gonzalez,25000,FAILED,NETWORK_ERROR,1,0.52,20,False,RETRY_PAYMENT
CASE_08198,CUST_08198,Leslie Scott,75000,FAILED,TIMEOUT,2,0.4,15,False,ESCALATE_HUMAN
CASE_08199,CUST_08199,Joel Hopkins,499,FAILED,NETWORK_ERROR,2,0.21,20,False,SEND_PAYMENT_LINK
CASE_08200,CUST_08200,Lynn Bruce,75000,ABANDONED,NONE,2,0.83,45,True,ESCALATE_HUMAN
CASE_08201,CUST_08201,Katelyn Anthony,50000,FAILED,NETWORK_ERROR,2,0.63,20,False,SEND_PAYMENT_LINK
CASE_08202,CUST_08202,Christina Morrison,15000,FAILED,BANK_ERROR,1,0.34,0,False,SEND_PAYMENT_LINK
CASE_08203,CUST_08203,Erika Miles,499,FAILED,BANK_ERROR,0,0.25,5,False,SEND_PAYMENT_LINK
CASE_08204,CUST_08204,Joe Villarreal,100000,FAILED,CARD_DECLINED,0,0.89,20,False,ESCALATE_HUMAN
CASE_08205,CUST_08205,Ryan Anderson,50000,ABANDONED,NONE,0,0.79,5,True,SEND_PAYMENT_LINK
CASE_08206,CUST_08206,Matthew Thompson,9999,FAILED,INSUFFICIENT_FUNDS,0,0.81,0,False,SEND_PAYMENT_LINK
CASE_08207,CUST_08207,Heather Li,4999,FAILED,TIMEOUT,1,0.64,0,False,RETRY_PAYMENT
CASE_08208,CUST_08208,Sarah Mcbride,1499,FAILED,BANK_ERROR,3,0.74,0,False,STOP
CASE_08209,CUST_08209,Douglas Howe,4999,FAILED,BANK_ERROR,2,0.94,10,False,RETRY_PAYMENT
CASE_08210,CUST_08210,Kevin Hull,1499,FAILED,INSUFFICIENT_FUNDS,1,0.34,5,False,SEND_PAYMENT_LINK
CASE_08211,CUST_08211,Stacey Todd,499,FAILED,BANK_ERROR,1,0.82,0,False,RETRY_PAYMENT
CASE_08212,CUST_08212,Paul Hutchinson,499,FAILED,TIMEOUT,1,0.3,45,False,ESCALATE_HUMAN
CASE_08213,CUST_08213,Kristen Martinez,50000,FAILED,CARD_DECLINED,1,0.41,5,False,SEND_PAYMENT_LINK
CASE_08214,CUST_08214,Tabitha Williams,75000,ABANDONED,NONE,0,0.77,5,True,ESCALATE_HUMAN
CASE_08215,CUST_08215,David Franklin,7999,FAILED,BANK_ERROR,2,0.98,0,False,RETRY_PAYMENT
CASE_08216,CUST_08216,Ray Baker,75000,ABANDONED,NONE,3,0.35,10,True,STOP
CASE_08217,CUST_08217,Sharon Ortiz,100000,FAILED,NETWORK_ERROR,3,0.84,10,False,STOP
CASE_08218,CUST_08218,Kimberly Anderson,499,ABANDONED,NONE,3,0.66,15,True,STOP
CASE_08219,CUST_08219,Sharon Reilly,2499,ABANDONED,NONE,0,0.92,0,True,SEND_PAYMENT_LINK
CASE_08220,CUST_08220,Jacob Hill,25000,FAILED,TIMEOUT,3,0.23,0,False,STOP
CASE_08221,CUST_08221,Luis Duffy,9999,FAILED,BANK_ERROR,3,0.24,30,False,STOP
CASE_08222,CUST_08222,Elizabeth Gill,2499,FAILED,INSUFFICIENT_FUNDS,3,0.58,0,False,STOP
CASE_08223,CUST_08223,Michael Ruiz,9999,FAILED,NETWORK_ERROR,1,0.54,0,False,RETRY_PAYMENT
CASE_08224,CUST_08224,Nicole Patterson,50000,ABANDONED,NONE,3,0.89,5,True,STOP
CASE_08225,CUST_08225,Terri Ruiz,25000,FAILED,INSUFFICIENT_FUNDS,1,0.96,0,False,SEND_PAYMENT_LINK
CASE_08226,CUST_08226,Andre Miller,999,FAILED,NETWORK_ERROR,1,0.68,0,False,RETRY_PAYMENT
CASE_08227,CUST_08227,Sheila Camacho,1499,FAILED,BANK_ERROR,0,0.36,15,False,SEND_PAYMENT_LINK
CASE_08228,CUST_08228,Stephanie Murphy,1499,FAILED,BANK_ERROR,2,0.68,0,False,RETRY_PAYMENT
CASE_08229,CUST_08229,Justin Harrison,15000,FAILED,CARD_DECLINED,2,0.94,0,False,SEND_PAYMENT_LINK
CASE_08230,CUST_08230,Brittany Thompson DDS,100000,FAILED,INSUFFICIENT_FUNDS,2,0.26,10,False,ESCALATE_HUMAN
CASE_08231,CUST_08231,Paul Wheeler,7999,FAILED,BANK_ERROR,1,0.4,15,False,SEND_PAYMENT_LINK
CASE_08232,CUST_08232,Connie Gonzalez,9999,ABANDONED,NONE,0,0.62,5,True,SEND_PAYMENT_LINK
CASE_08233,CUST_08233,Elizabeth Malone,50000,FAILED,INSUFFICIENT_FUNDS,0,0.42,0,False,SEND_PAYMENT_LINK
CASE_08234,CUST_08234,Brooke Ramos,50000,FAILED,BANK_ERROR,3,0.42,15,False,STOP
CASE_08235,CUST_08235,Antonio Turner,2499,FAILED,CARD_DECLINED,1,0.37,45,False,ESCALATE_HUMAN
CASE_08236,CUST_08236,Joseph Ramsey,15000,FAILED,CARD_DECLINED,0,0.79,0,False,SEND_PAYMENT_LINK
CASE_08237,CUST_08237,Deborah Mitchell,7999,FAILED,TIMEOUT,2,0.47,30,False,ESCALATE_HUMAN
CASE_08238,CUST_08238,Mrs. Isabella Davidson MD,7999,FAILED,TIMEOUT,1,0.48,30,False,ESCALATE_HUMAN
CASE_08239,CUST_08239,Jason Flynn,1499,FAILED,BANK_ERROR,1,0.21,30,False,ESCALATE_HUMAN
CASE_08240,CUST_08240,Daniel Smith,499,ABANDONED,NONE,0,0.65,10,True,SEND_PAYMENT_LINK
CASE_08241,CUST_08241,Cody Howard,25000,FAILED,NETWORK_ERROR,3,0.43,15,False,STOP
CASE_08242,CUST_08242,Oscar Fields,1499,FAILED,INSUFFICIENT_FUNDS,1,0.79,20,False,SEND_PAYMENT_LINK
CASE_08243,CUST_08243,Rebecca Davis,7999,FAILED,CARD_DECLINED,3,0.66,0,False,STOP
CASE_08244,CUST_08244,Brian Dennis,15000,FAILED,BANK_ERROR,2,0.86,15,False,RETRY_PAYMENT
CASE_08245,CUST_08245,Aaron Miller,75000,FAILED,TIMEOUT,0,0.8,0,False,ESCALATE_HUMAN
CASE_08246,CUST_08246,Angel May,7999,FAILED,NETWORK_ERROR,1,0.72,0,False,RETRY_PAYMENT
CASE_08247,CUST_08247,Michelle King,75000,ABANDONED,NONE,3,0.54,45,True,STOP
CASE_08248,CUST_08248,Kayla May,499,FAILED,TIMEOUT,2,0.65,10,False,RETRY_PAYMENT
CASE_08249,CUST_08249,Casey Rowe,2499,FAILED,NETWORK_ERROR,2,0.34,10,False,SEND_PAYMENT_LINK
CASE_08250,CUST_08250,Charles Patel,7999,FAILED,BANK_ERROR,0,0.54,10,False,SEND_PAYMENT_LINK
CASE_08251,CUST_08251,Maxwell Garcia,100000,FAILED,BANK_ERROR,3,0.71,10,False,STOP
CASE_08252,CUST_08252,Heather Cummings,2499,FAILED,TIMEOUT,1,0.58,15,False,RETRY_PAYMENT
CASE_08253,CUST_08253,Mrs. Laura Griffin,100000,FAILED,BANK_ERROR,0,0.23,0,False,ESCALATE_HUMAN
CASE_08254,CUST_08254,Anthony Gordon,7999,ABANDONED,NONE,1,0.72,0,True,SEND_PAYMENT_LINK
CASE_08255,CUST_08255,Jennifer Houston,50000,FAILED,BANK_ERROR,0,0.8,0,False,RETRY_PAYMENT
CASE_08256,CUST_08256,Amanda Wheeler,1499,FAILED,BANK_ERROR,3,0.42,30,False,STOP
CASE_08257,CUST_08257,Shane Ford,4999,ABANDONED,NONE,3,0.25,30,True,STOP
CASE_08258,CUST_08258,Sabrina Baird,75000,ABANDONED,NONE,2,0.43,45,True,ESCALATE_HUMAN
CASE_08259,CUST_08259,Damon Murphy,9999,FAILED,TIMEOUT,3,0.99,0,False,STOP
CASE_08260,CUST_08260,Susan Whitaker,15000,FAILED,TIMEOUT,0,0.79,0,False,RETRY_PAYMENT
CASE_08261,CUST_08261,Samantha Smith,1499,FAILED,INSUFFICIENT_FUNDS,0,0.5,10,False,SEND_PAYMENT_LINK
CASE_08262,CUST_08262,Anthony Hernandez,1499,FAILED,TIMEOUT,3,0.45,0,False,STOP
CASE_08263,CUST_08263,Benjamin Diaz,499,FAILED,INSUFFICIENT_FUNDS,0,0.86,0,False,SEND_PAYMENT_LINK
CASE_08264,CUST_08264,Shannon Horton,15000,FAILED,BANK_ERROR,0,0.79,10,False,RETRY_PAYMENT
CASE_08265,CUST_08265,John Drake,50000,FAILED,TIMEOUT,2,0.65,5,False,RETRY_PAYMENT
CASE_08266,CUST_08266,Raymond Luna,9999,FAILED,TIMEOUT,2,0.27,0,False,SEND_PAYMENT_LINK
CASE_08267,CUST_08267,Casey Jones,499,ABANDONED,NONE,0,0.74,10,True,SEND_PAYMENT_LINK
CASE_08268,CUST_08268,Andrew Brown,75000,FAILED,TIMEOUT,0,0.84,15,False,ESCALATE_HUMAN
CASE_08269,CUST_08269,Janet Turner,499,FAILED,TIMEOUT,2,0.78,45,False,ESCALATE_HUMAN
CASE_08270,CUST_08270,Sheryl Morales,15000,FAILED,TIMEOUT,3,0.53,20,False,STOP
CASE_08271,CUST_08271,Karen Stanley,15000,FAILED,TIMEOUT,2,0.29,45,False,ESCALATE_HUMAN
CASE_08272,CUST_08272,Timothy Collins,2499,FAILED,TIMEOUT,2,0.52,15,False,RETRY_PAYMENT
CASE_08273,CUST_08273,David Oconnor,100000,FAILED,NETWORK_ERROR,3,0.24,0,False,STOP
CASE_08274,CUST_08274,Angel Dean,999,FAILED,BANK_ERROR,3,0.29,15,False,STOP
CASE_08275,CUST_08275,Tammy Webb,999,FAILED,TIMEOUT,3,0.34,30,False,STOP
CASE_08276,CUST_08276,Megan Grimes,999,FAILED,BANK_ERROR,2,0.69,10,False,RETRY_PAYMENT
CASE_08277,CUST_08277,Elizabeth Vargas,9999,FAILED,NETWORK_ERROR,2,0.21,10,False,SEND_PAYMENT_LINK
CASE_08278,CUST_08278,Rachel Wilson,100000,ABANDONED,NONE,1,0.96,15,True,ESCALATE_HUMAN
CASE_08279,CUST_08279,Rachel Ortiz,2499,FAILED,TIMEOUT,3,0.36,0,False,STOP
CASE_08280,CUST_08280,Kevin Kaufman,1499,FAILED,TIMEOUT,3,0.32,0,False,STOP
CASE_08281,CUST_08281,Anthony Todd,25000,FAILED,INSUFFICIENT_FUNDS,1,0.44,0,False,SEND_PAYMENT_LINK
CASE_08282,CUST_08282,James Estrada,25000,ABANDONED,NONE,0,0.79,20,True,SEND_PAYMENT_LINK
CASE_08283,CUST_08283,Cody Burke,75000,FAILED,INSUFFICIENT_FUNDS,1,0.85,20,False,ESCALATE_HUMAN
CASE_08284,CUST_08284,Matthew Flores,499,FAILED,TIMEOUT,1,0.83,0,False,RETRY_PAYMENT
CASE_08285,CUST_08285,Karen Schaefer,100000,FAILED,TIMEOUT,0,0.85,45,False,ESCALATE_HUMAN
CASE_08286,CUST_08286,Ebony Harrison,999,FAILED,CARD_DECLINED,3,0.95,0,False,STOP
CASE_08287,CUST_08287,Benjamin Miller,50000,FAILED,BANK_ERROR,3,0.89,10,False,STOP
CASE_08288,CUST_08288,Lawrence Turner,100000,FAILED,INSUFFICIENT_FUNDS,2,0.7,15,False,ESCALATE_HUMAN
CASE_08289,CUST_08289,Warren Sanchez,4999,FAILED,INSUFFICIENT_FUNDS,2,0.86,0,False,SEND_PAYMENT_LINK
CASE_08290,CUST_08290,Elizabeth Moran,9999,ABANDONED,NONE,2,0.72,30,True,ESCALATE_HUMAN
CASE_08291,CUST_08291,April Hodge,2499,ABANDONED,NONE,3,0.87,10,True,STOP
CASE_08292,CUST_08292,Amanda Porter,25000,FAILED,TIMEOUT,0,0.47,0,False,SEND_PAYMENT_LINK
CASE_08293,CUST_08293,Amy Herrera,50000,FAILED,NETWORK_ERROR,1,0.86,5,False,RETRY_PAYMENT
CASE_08294,CUST_08294,Nicholas Diaz,499,ABANDONED,NONE,3,0.58,45,True,STOP
CASE_08295,CUST_08295,Erika Robinson,2499,ABANDONED,NONE,3,0.57,0,True,STOP
CASE_08296,CUST_08296,David Duran,499,ABANDONED,NONE,0,0.61,0,True,SEND_PAYMENT_LINK
CASE_08297,CUST_08297,Anthony Ortega,4999,FAILED,CARD_DECLINED,1,0.71,0,False,SEND_PAYMENT_LINK
CASE_08298,CUST_08298,Joseph Diaz,100000,FAILED,BANK_ERROR,0,0.99,30,False,ESCALATE_HUMAN
CASE_08299,CUST_08299,Antonio Hall,50000,FAILED,TIMEOUT,1,0.74,20,False,RETRY_PAYMENT
CASE_08300,CUST_08300,Renee Harrison,100000,ABANDONED,NONE,1,0.21,30,True,ESCALATE_HUMAN
CASE_08301,CUST_08301,Kimberly Jones,1499,FAILED,TIMEOUT,1,0.51,20,False,RETRY_PAYMENT
CASE_08302,CUST_08302,Brian Smith,75000,ABANDONED,NONE,3,0.82,0,True,STOP
CASE_08303,CUST_08303,Alex Riley,499,FAILED,TIMEOUT,1,0.7,0,False,SEND_PAYMENT_LINK
CASE_08304,CUST_08304,Michael Walters,75000,ABANDONED,NONE,3,0.92,5,True,STOP
CASE_08305,CUST_08305,David King,9999,FAILED,CARD_DECLINED,3,0.38,5,False,STOP
CASE_08306,CUST_08306,Dr. Alisha Perez,2499,FAILED,TIMEOUT,3,0.51,20,False,STOP
CASE_08307,CUST_08307,Nicholas Gillespie,75000,ABANDONED,NONE,3,0.21,15,True,STOP
CASE_08308,CUST_08308,Sarah Johnson,7999,FAILED,CARD_DECLINED,0,0.72,15,False,SEND_PAYMENT_LINK
CASE_08309,CUST_08309,Jeremy Torres,499,FAILED,CARD_DECLINED,1,0.23,0,False,SEND_PAYMENT_LINK
CASE_08310,CUST_08310,Keith Frank,7999,FAILED,CARD_DECLINED,0,0.48,15,False,SEND_PAYMENT_LINK
CASE_08311,CUST_08311,Katherine Avery,9999,FAILED,INSUFFICIENT_FUNDS,0,0.67,10,False,SEND_PAYMENT_LINK
CASE_08312,CUST_08312,Terri Salinas,999,FAILED,INSUFFICIENT_FUNDS,1,0.53,20,False,SEND_PAYMENT_LINK
CASE_08313,CUST_08313,Sonia Alvarez,499,FAILED,TIMEOUT,1,0.68,0,False,RETRY_PAYMENT
CASE_08314,CUST_08314,Claudia Jefferson,999,FAILED,CARD_DECLINED,0,0.79,10,False,SEND_PAYMENT_LINK
CASE_08315,CUST_08315,Stacey Fletcher,50000,FAILED,NETWORK_ERROR,3,0.62,0,False,STOP
CASE_08316,CUST_08316,Ernest Adams,2499,FAILED,TIMEOUT,3,0.55,0,False,STOP
CASE_08317,CUST_08317,Diamond Owen,999,ABANDONED,NONE,3,0.55,15,True,STOP
CASE_08318,CUST_08318,Janet Gordon MD,499,FAILED,INSUFFICIENT_FUNDS,1,0.86,15,False,SEND_PAYMENT_LINK
CASE_08319,CUST_08319,Sandra Ward,75000,FAILED,TIMEOUT,2,0.85,15,False,ESCALATE_HUMAN
CASE_08320,CUST_08320,Sean Zamora,75000,FAILED,BANK_ERROR,2,0.24,45,False,ESCALATE_HUMAN
CASE_08321,CUST_08321,Alyssa Bailey,2499,ABANDONED,NONE,0,0.93,0,True,SEND_PAYMENT_LINK
CASE_08322,CUST_08322,Amy Ferguson,2499,ABANDONED,NONE,3,0.43,20,True,STOP
CASE_08323,CUST_08323,Danielle Wilson,15000,FAILED,NETWORK_ERROR,3,0.96,5,False,STOP
CASE_08324,CUST_08324,Maria Stephens,7999,FAILED,INSUFFICIENT_FUNDS,1,0.41,30,False,ESCALATE_HUMAN
CASE_08325,CUST_08325,Diana Smith,4999,FAILED,CARD_DECLINED,1,0.6,45,False,ESCALATE_HUMAN
CASE_08326,CUST_08326,Alexandra Huerta,999,FAILED,TIMEOUT,3,0.64,0,False,STOP
CASE_08327,CUST_08327,Michael Ramirez,2499,ABANDONED,NONE,0,0.88,0,True,SEND_PAYMENT_LINK
CASE_08328,CUST_08328,Ernest Wagner,499,FAILED,BANK_ERROR,0,0.6,5,False,RETRY_PAYMENT
CASE_08329,CUST_08329,Raymond Trevino,999,ABANDONED,NONE,0,0.68,0,True,SEND_PAYMENT_LINK
CASE_08330,CUST_08330,Sarah Tanner,50000,ABANDONED,NONE,2,0.59,45,True,ESCALATE_HUMAN
CASE_08331,CUST_08331,Charles Sanchez,25000,FAILED,TIMEOUT,3,0.52,0,False,STOP
CASE_08332,CUST_08332,Emily Holmes,15000,ABANDONED,NONE,2,0.45,0,True,SEND_PAYMENT_LINK
CASE_08333,CUST_08333,Joyce Kelley,4999,FAILED,CARD_DECLINED,2,0.8,20,False,SEND_PAYMENT_LINK
CASE_08334,CUST_08334,Deborah Williams,100000,FAILED,NETWORK_ERROR,1,0.3,0,False,ESCALATE_HUMAN
CASE_08335,CUST_08335,Robert Freeman,15000,ABANDONED,NONE,1,0.55,0,True,SEND_PAYMENT_LINK
CASE_08336,CUST_08336,Barry Oconnell,7999,FAILED,TIMEOUT,1,0.78,0,False,RETRY_PAYMENT
CASE_08337,CUST_08337,Kelly King,100000,FAILED,CARD_DECLINED,2,0.88,20,False,ESCALATE_HUMAN
CASE_08338,CUST_08338,Daniel Frazier,7999,FAILED,CARD_DECLINED,1,0.92,45,False,ESCALATE_HUMAN
CASE_08339,CUST_08339,Mallory Miller,50000,FAILED,NETWORK_ERROR,3,0.92,5,False,STOP
CASE_08340,CUST_08340,Mr. Terry Page,2499,ABANDONED,NONE,2,0.48,0,True,SEND_PAYMENT_LINK
CASE_08341,CUST_08341,Amber Maxwell,25000,FAILED,BANK_ERROR,1,0.63,45,False,ESCALATE_HUMAN
CASE_08342,CUST_08342,Sabrina Walsh,15000,ABANDONED,NONE,0,0.83,10,True,SEND_PAYMENT_LINK
CASE_08343,CUST_08343,Amy Thompson,4999,FAILED,BANK_ERROR,1,0.74,30,False,ESCALATE_HUMAN
CASE_08344,CUST_08344,Lisa Jones,2499,ABANDONED,NONE,0,0.7,0,True,SEND_PAYMENT_LINK
CASE_08345,CUST_08345,Roger Hardin,25000,FAILED,NETWORK_ERROR,2,0.38,30,False,ESCALATE_HUMAN
CASE_08346,CUST_08346,Laura Lam,50000,FAILED,NETWORK_ERROR,3,0.8,0,False,STOP
CASE_08347,CUST_08347,Bryan Smith,25000,FAILED,INSUFFICIENT_FUNDS,1,0.77,0,False,SEND_PAYMENT_LINK
CASE_08348,CUST_08348,Megan Santiago,499,FAILED,INSUFFICIENT_FUNDS,1,0.71,45,False,ESCALATE_HUMAN
CASE_08349,CUST_08349,Shelia Wilson,7999,FAILED,BANK_ERROR,2,0.52,0,False,RETRY_PAYMENT
CASE_08350,CUST_08350,Nicholas Johnson,1499,FAILED,NETWORK_ERROR,3,0.52,0,False,STOP
CASE_08351,CUST_08351,Samuel Daniel,25000,ABANDONED,NONE,0,0.27,20,True,SEND_PAYMENT_LINK
CASE_08352,CUST_08352,Nicole Gonzalez,9999,FAILED,CARD_DECLINED,3,0.6,0,False,STOP
CASE_08353,CUST_08353,Bryan Carr,100000,FAILED,BANK_ERROR,2,0.88,15,False,ESCALATE_HUMAN
CASE_08354,CUST_08354,Hector Campbell,25000,FAILED,CARD_DECLINED,1,0.65,15,False,SEND_PAYMENT_LINK
CASE_08355,CUST_08355,Alexander Leach,4999,FAILED,INSUFFICIENT_FUNDS,2,0.7,0,False,SEND_PAYMENT_LINK
CASE_08356,CUST_08356,Amanda Rhodes,100000,FAILED,CARD_DECLINED,3,0.35,5,False,STOP
CASE_08357,CUST_08357,Donald Carlson,100000,FAILED,NETWORK_ERROR,3,0.68,0,False,STOP
CASE_08358,CUST_08358,Shannon Pierce,25000,FAILED,INSUFFICIENT_FUNDS,2,0.69,20,False,SEND_PAYMENT_LINK
CASE_08359,CUST_08359,Joseph Keller DDS,499,FAILED,CARD_DECLINED,3,0.83,5,False,STOP
CASE_08360,CUST_08360,Rebecca Phillips,1499,FAILED,TIMEOUT,2,0.73,5,False,RETRY_PAYMENT
CASE_08361,CUST_08361,William Sanchez,499,ABANDONED,NONE,0,0.69,10,True,SEND_PAYMENT_LINK
CASE_08362,CUST_08362,Paula Lowe,100000,ABANDONED,NONE,3,0.96,0,True,STOP
CASE_08363,CUST_08363,Dana Frazier,7999,FAILED,CARD_DECLINED,1,0.93,5,False,SEND_PAYMENT_LINK
CASE_08364,CUST_08364,Ashlee Mason,4999,FAILED,TIMEOUT,1,0.68,0,False,SEND_PAYMENT_LINK
CASE_08365,CUST_08365,Beth Ware,75000,FAILED,INSUFFICIENT_FUNDS,2,0.8,45,False,ESCALATE_HUMAN
CASE_08366,CUST_08366,Emily Levine,2499,FAILED,NETWORK_ERROR,0,0.44,30,False,ESCALATE_HUMAN
CASE_08367,CUST_08367,Phillip Friedman,100000,FAILED,BANK_ERROR,2,0.22,10,False,ESCALATE_HUMAN
CASE_08368,CUST_08368,Troy Parks,2499,FAILED,TIMEOUT,1,0.68,0,False,SEND_PAYMENT_LINK
CASE_08369,CUST_08369,Carrie Brown,499,ABANDONED,NONE,3,0.56,15,True,STOP
CASE_08370,CUST_08370,Gerald Hutchinson,7999,FAILED,TIMEOUT,2,0.35,15,False,SEND_PAYMENT_LINK
CASE_08371,CUST_08371,Tanya Cisneros,15000,ABANDONED,NONE,0,0.72,20,True,SEND_PAYMENT_LINK
CASE_08372,CUST_08372,Samantha Wright,15000,FAILED,BANK_ERROR,3,0.25,0,False,STOP
CASE_08373,CUST_08373,Laurie Smith,4999,ABANDONED,NONE,2,0.27,15,True,SEND_PAYMENT_LINK
CASE_08374,CUST_08374,Gail Thompson,999,ABANDONED,NONE,1,0.32,15,True,SEND_PAYMENT_LINK
CASE_08375,CUST_08375,Victoria Taylor,9999,ABANDONED,NONE,0,0.71,45,True,ESCALATE_HUMAN
CASE_08376,CUST_08376,Jennifer James,100000,FAILED,INSUFFICIENT_FUNDS,1,0.53,45,False,ESCALATE_HUMAN
CASE_08377,CUST_08377,Nathan Williams,7999,FAILED,NETWORK_ERROR,1,0.76,15,False,RETRY_PAYMENT
CASE_08378,CUST_08378,Lydia Palmer,100000,ABANDONED,NONE,3,0.36,20,True,STOP
CASE_08379,CUST_08379,Ashley Lynch DDS,999,FAILED,NETWORK_ERROR,0,0.26,10,False,SEND_PAYMENT_LINK
CASE_08380,CUST_08380,Martin Lyons,999,ABANDONED,NONE,2,0.22,0,True,SEND_PAYMENT_LINK
CASE_08381,CUST_08381,Michael Flores,499,FAILED,INSUFFICIENT_FUNDS,3,0.74,5,False,STOP
CASE_08382,CUST_08382,Annette King,75000,FAILED,CARD_DECLINED,3,0.86,30,False,STOP
CASE_08383,CUST_08383,James Chapman,25000,FAILED,CARD_DECLINED,3,0.58,20,False,STOP
CASE_08384,CUST_08384,Linda Merritt,7999,FAILED,TIMEOUT,1,0.38,30,False,ESCALATE_HUMAN
CASE_08385,CUST_08385,Cindy Walters,999,FAILED,INSUFFICIENT_FUNDS,0,0.91,30,False,ESCALATE_HUMAN
CASE_08386,CUST_08386,Michael Marshall,4999,FAILED,BANK_ERROR,1,0.53,15,False,SEND_PAYMENT_LINK
CASE_08387,CUST_08387,Katrina King,75000,ABANDONED,NONE,2,0.34,5,True,ESCALATE_HUMAN
CASE_08388,CUST_08388,Casey Stout,75000,ABANDONED,NONE,3,0.49,0,True,STOP
CASE_08389,CUST_08389,Sophia Aguilar,15000,FAILED,INSUFFICIENT_FUNDS,2,0.74,10,False,SEND_PAYMENT_LINK
CASE_08390,CUST_08390,Diana Pierce,499,FAILED,INSUFFICIENT_FUNDS,1,0.68,15,False,SEND_PAYMENT_LINK
CASE_08391,CUST_08391,Jessica Hill,50000,FAILED,INSUFFICIENT_FUNDS,1,0.52,10,False,SEND_PAYMENT_LINK
CASE_08392,CUST_08392,Kathleen Gonzales,1499,FAILED,TIMEOUT,2,0.55,15,False,RETRY_PAYMENT
CASE_08393,CUST_08393,Kayla Peters,4999,ABANDONED,NONE,3,0.49,5,True,STOP
CASE_08394,CUST_08394,Frank Walker,50000,FAILED,TIMEOUT,3,0.51,0,False,STOP
CASE_08395,CUST_08395,Jesse Williams,15000,FAILED,INSUFFICIENT_FUNDS,1,0.61,15,False,SEND_PAYMENT_LINK
CASE_08396,CUST_08396,Warren Barrera,100000,FAILED,CARD_DECLINED,3,0.25,15,False,STOP
CASE_08397,CUST_08397,John Davis,100000,FAILED,INSUFFICIENT_FUNDS,2,0.38,0,False,ESCALATE_HUMAN
CASE_08398,CUST_08398,Aaron Valdez,50000,ABANDONED,NONE,1,0.64,10,True,SEND_PAYMENT_LINK
CASE_08399,CUST_08399,James Mooney,4999,FAILED,INSUFFICIENT_FUNDS,0,0.32,10,False,SEND_PAYMENT_LINK
CASE_08400,CUST_08400,Amber Barton,25000,FAILED,INSUFFICIENT_FUNDS,3,0.61,20,False,STOP
CASE_08401,CUST_08401,Michelle Reed,100000,FAILED,CARD_DECLINED,3,0.52,10,False,STOP
CASE_08402,CUST_08402,Caroline Monroe,75000,FAILED,NETWORK_ERROR,1,0.45,30,False,ESCALATE_HUMAN
CASE_08403,CUST_08403,Kimberly Eaton,999,FAILED,INSUFFICIENT_FUNDS,3,0.64,5,False,STOP
CASE_08404,CUST_08404,David Smith,15000,FAILED,INSUFFICIENT_FUNDS,3,0.3,20,False,STOP
CASE_08405,CUST_08405,Curtis Olson,1499,FAILED,NETWORK_ERROR,1,0.5,30,False,ESCALATE_HUMAN
CASE_08406,CUST_08406,Brian Gomez,999,FAILED,CARD_DECLINED,3,0.36,10,False,STOP
CASE_08407,CUST_08407,Crystal Delgado,499,FAILED,TIMEOUT,0,0.52,20,False,SEND_PAYMENT_LINK
CASE_08408,CUST_08408,Victoria Hansen,100000,FAILED,NETWORK_ERROR,1,0.45,20,False,ESCALATE_HUMAN
CASE_08409,CUST_08409,Samantha Johnson,50000,ABANDONED,NONE,3,0.9,20,True,STOP
CASE_08410,CUST_08410,Stephanie Barrera,1499,FAILED,CARD_DECLINED,1,0.34,30,False,ESCALATE_HUMAN
CASE_08411,CUST_08411,Daniel Diaz,50000,FAILED,BANK_ERROR,2,0.6,45,False,ESCALATE_HUMAN
CASE_08412,CUST_08412,Megan Robertson,9999,ABANDONED,NONE,0,0.99,30,True,ESCALATE_HUMAN
CASE_08413,CUST_08413,Jeremy Stephenson,999,ABANDONED,NONE,3,0.27,10,True,STOP
CASE_08414,CUST_08414,Richard Simpson,25000,FAILED,NETWORK_ERROR,1,0.47,45,False,ESCALATE_HUMAN
CASE_08415,CUST_08415,Brian Perez,7999,FAILED,BANK_ERROR,2,1.0,45,False,ESCALATE_HUMAN
CASE_08416,CUST_08416,Tamara Hanson,499,FAILED,CARD_DECLINED,1,0.43,0,False,SEND_PAYMENT_LINK
CASE_08417,CUST_08417,Diane Mcdaniel,2499,ABANDONED,NONE,1,0.4,10,True,SEND_PAYMENT_LINK
CASE_08418,CUST_08418,Michael Thompson,1499,FAILED,NETWORK_ERROR,0,0.97,15,False,RETRY_PAYMENT
CASE_08419,CUST_08419,Brian Bowers,7999,FAILED,BANK_ERROR,0,0.65,15,False,RETRY_PAYMENT
CASE_08420,CUST_08420,Eric Love,999,FAILED,NETWORK_ERROR,0,0.55,30,False,ESCALATE_HUMAN
CASE_08421,CUST_08421,Michael Moore,75000,ABANDONED,NONE,1,0.86,0,True,ESCALATE_HUMAN
CASE_08422,CUST_08422,Todd Russell,2499,FAILED,NETWORK_ERROR,2,0.45,45,False,ESCALATE_HUMAN
CASE_08423,CUST_08423,Lauren Beltran,2499,FAILED,NETWORK_ERROR,2,0.33,15,False,SEND_PAYMENT_LINK
CASE_08424,CUST_08424,Kaitlyn Martinez,499,FAILED,INSUFFICIENT_FUNDS,1,0.39,0,False,SEND_PAYMENT_LINK
CASE_08425,CUST_08425,Daniel Ramirez,100000,FAILED,TIMEOUT,0,0.33,10,False,ESCALATE_HUMAN
CASE_08426,CUST_08426,Patrick Miller,100000,ABANDONED,NONE,3,0.46,0,True,STOP
CASE_08427,CUST_08427,Daniel Barrett,4999,FAILED,CARD_DECLINED,3,0.58,5,False,STOP
CASE_08428,CUST_08428,Sandra Lopez,999,ABANDONED,NONE,0,0.49,45,True,ESCALATE_HUMAN
CASE_08429,CUST_08429,Amanda Robinson,75000,FAILED,INSUFFICIENT_FUNDS,1,0.35,0,False,ESCALATE_HUMAN
CASE_08430,CUST_08430,Patricia Wong,4999,FAILED,INSUFFICIENT_FUNDS,2,0.5,5,False,SEND_PAYMENT_LINK
CASE_08431,CUST_08431,Catherine Richardson,9999,ABANDONED,NONE,1,0.55,20,True,SEND_PAYMENT_LINK
CASE_08432,CUST_08432,Sharon Bell,2499,ABANDONED,NONE,2,0.99,10,True,SEND_PAYMENT_LINK
CASE_08433,CUST_08433,Drew Gonzalez,100000,FAILED,CARD_DECLINED,0,0.22,20,False,ESCALATE_HUMAN
CASE_08434,CUST_08434,Lisa Castillo,2499,FAILED,NETWORK_ERROR,3,0.81,0,False,STOP
CASE_08435,CUST_08435,Edward Waters,75000,FAILED,NETWORK_ERROR,0,0.42,10,False,ESCALATE_HUMAN
CASE_08436,CUST_08436,Keith Harris,1499,FAILED,TIMEOUT,0,0.69,0,False,RETRY_PAYMENT
CASE_08437,CUST_08437,Michelle Chan,4999,FAILED,INSUFFICIENT_FUNDS,0,0.54,30,False,ESCALATE_HUMAN
CASE_08438,CUST_08438,Darlene Vega,25000,FAILED,TIMEOUT,1,0.6,0,False,SEND_PAYMENT_LINK
CASE_08439,CUST_08439,Andrea Grant,999,FAILED,TIMEOUT,1,0.61,45,False,ESCALATE_HUMAN
CASE_08440,CUST_08440,Miguel Garza,2499,FAILED,TIMEOUT,2,0.91,15,False,RETRY_PAYMENT
CASE_08441,CUST_08441,Cameron Beck,50000,FAILED,INSUFFICIENT_FUNDS,3,0.99,0,False,STOP
CASE_08442,CUST_08442,Mary Castro,9999,FAILED,NETWORK_ERROR,0,0.96,0,False,RETRY_PAYMENT
CASE_08443,CUST_08443,James Hicks,4999,FAILED,TIMEOUT,2,0.75,10,False,RETRY_PAYMENT
CASE_08444,CUST_08444,Sandra Young,9999,FAILED,TIMEOUT,1,0.29,10,False,SEND_PAYMENT_LINK
CASE_08445,CUST_08445,Mr. Sergio Ray,2499,FAILED,NETWORK_ERROR,0,0.93,30,False,ESCALATE_HUMAN
CASE_08446,CUST_08446,Brian Li V,4999,FAILED,BANK_ERROR,0,0.79,0,False,RETRY_PAYMENT
CASE_08447,CUST_08447,Erica Perez,999,FAILED,INSUFFICIENT_FUNDS,2,0.7,0,False,SEND_PAYMENT_LINK
CASE_08448,CUST_08448,Alejandra White,50000,FAILED,NETWORK_ERROR,0,0.68,0,False,SEND_PAYMENT_LINK
CASE_08449,CUST_08449,Michael Thomas,999,FAILED,NETWORK_ERROR,2,0.25,20,False,SEND_PAYMENT_LINK
CASE_08450,CUST_08450,Peter Hurst,7999,FAILED,TIMEOUT,2,0.98,10,False,RETRY_PAYMENT
CASE_08451,CUST_08451,Dana Galvan,25000,FAILED,NETWORK_ERROR,0,0.92,0,False,RETRY_PAYMENT
CASE_08452,CUST_08452,Jeremy Newton,999,ABANDONED,NONE,0,0.29,0,True,SEND_PAYMENT_LINK
CASE_08453,CUST_08453,Jessica Allen,7999,FAILED,NETWORK_ERROR,0,0.7,10,False,RETRY_PAYMENT
CASE_08454,CUST_08454,Tyler Chandler,4999,FAILED,BANK_ERROR,2,0.92,30,False,ESCALATE_HUMAN
CASE_08455,CUST_08455,Brenda Gutierrez,2499,FAILED,TIMEOUT,0,0.88,20,False,RETRY_PAYMENT
CASE_08456,CUST_08456,Lauren Bridges,499,FAILED,INSUFFICIENT_FUNDS,1,0.47,0,False,SEND_PAYMENT_LINK
CASE_08457,CUST_08457,Miguel Turner,7999,FAILED,BANK_ERROR,2,0.97,0,False,RETRY_PAYMENT
CASE_08458,CUST_08458,Joseph Simpson,4999,FAILED,INSUFFICIENT_FUNDS,3,0.23,20,False,STOP
CASE_08459,CUST_08459,Jordan Brown,4999,FAILED,INSUFFICIENT_FUNDS,2,0.99,0,False,SEND_PAYMENT_LINK
CASE_08460,CUST_08460,Tyler Golden,75000,ABANDONED,NONE,1,0.33,10,True,ESCALATE_HUMAN
CASE_08461,CUST_08461,Billy Roth,499,FAILED,NETWORK_ERROR,2,0.28,5,False,SEND_PAYMENT_LINK
CASE_08462,CUST_08462,Jessica Larsen,7999,FAILED,CARD_DECLINED,0,0.7,5,False,SEND_PAYMENT_LINK
CASE_08463,CUST_08463,Kevin Lawrence,25000,FAILED,NETWORK_ERROR,3,0.6,0,False,STOP
CASE_08464,CUST_08464,Timothy Sullivan,50000,FAILED,BANK_ERROR,0,0.99,15,False,RETRY_PAYMENT
CASE_08465,CUST_08465,Lori Hodges,75000,ABANDONED,NONE,0,0.41,5,True,ESCALATE_HUMAN
CASE_08466,CUST_08466,Kevin Schroeder,50000,FAILED,BANK_ERROR,0,0.23,45,False,ESCALATE_HUMAN
CASE_08467,CUST_08467,Cindy Simpson,75000,FAILED,INSUFFICIENT_FUNDS,2,0.59,5,False,ESCALATE_HUMAN
CASE_08468,CUST_08468,Lindsey Anderson,50000,FAILED,BANK_ERROR,3,0.22,30,False,STOP
CASE_08469,CUST_08469,Jessica Lewis,15000,FAILED,TIMEOUT,1,0.24,45,False,ESCALATE_HUMAN
CASE_08470,CUST_08470,Rebecca Nelson,25000,ABANDONED,NONE,2,0.62,5,True,SEND_PAYMENT_LINK
CASE_08471,CUST_08471,Judy Thomas,100000,FAILED,NETWORK_ERROR,2,0.62,45,False,ESCALATE_HUMAN
CASE_08472,CUST_08472,Heather Vargas,999,FAILED,INSUFFICIENT_FUNDS,0,0.78,15,False,SEND_PAYMENT_LINK
CASE_08473,CUST_08473,Edward Mathews,100000,FAILED,INSUFFICIENT_FUNDS,0,0.46,0,False,ESCALATE_HUMAN
CASE_08474,CUST_08474,Victor Willis,25000,FAILED,BANK_ERROR,3,0.26,0,False,STOP
CASE_08475,CUST_08475,Jessica Rivera,499,FAILED,INSUFFICIENT_FUNDS,2,0.44,0,False,SEND_PAYMENT_LINK
CASE_08476,CUST_08476,Carol George,100000,FAILED,BANK_ERROR,2,0.61,0,False,ESCALATE_HUMAN
CASE_08477,CUST_08477,Danielle Walker,499,FAILED,INSUFFICIENT_FUNDS,1,0.45,5,False,SEND_PAYMENT_LINK
CASE_08478,CUST_08478,April Glover,100000,ABANDONED,NONE,1,0.46,15,True,ESCALATE_HUMAN
CASE_08479,CUST_08479,Amanda Conley,9999,FAILED,INSUFFICIENT_FUNDS,2,0.28,0,False,SEND_PAYMENT_LINK
CASE_08480,CUST_08480,Brandon Lane,75000,ABANDONED,NONE,0,0.25,0,True,ESCALATE_HUMAN
CASE_08481,CUST_08481,Joshua Gordon,50000,FAILED,BANK_ERROR,0,0.47,10,False,SEND_PAYMENT_LINK
CASE_08482,CUST_08482,Nicole Young,999,ABANDONED,NONE,3,0.29,0,True,STOP
CASE_08483,CUST_08483,Daniel Robles,4999,FAILED,BANK_ERROR,2,0.8,0,False,RETRY_PAYMENT
CASE_08484,CUST_08484,Teresa Medina,50000,ABANDONED,NONE,2,0.94,0,True,SEND_PAYMENT_LINK
CASE_08485,CUST_08485,Thomas Ray,75000,ABANDONED,NONE,0,0.31,20,True,ESCALATE_HUMAN
CASE_08486,CUST_08486,Mr. Joseph Gibson,9999,FAILED,CARD_DECLINED,0,0.93,0,False,SEND_PAYMENT_LINK
CASE_08487,CUST_08487,Kaitlyn Buchanan,499,FAILED,TIMEOUT,1,0.77,5,False,RETRY_PAYMENT
CASE_08488,CUST_08488,Kristina Davis,100000,FAILED,TIMEOUT,3,0.56,20,False,STOP
CASE_08489,CUST_08489,Catherine Fitzpatrick,7999,FAILED,NETWORK_ERROR,3,0.92,0,False,STOP
CASE_08490,CUST_08490,Cynthia Wade,2499,FAILED,NETWORK_ERROR,2,0.28,5,False,SEND_PAYMENT_LINK
CASE_08491,CUST_08491,Jody Rivera,4999,FAILED,NETWORK_ERROR,1,0.34,45,False,ESCALATE_HUMAN
CASE_08492,CUST_08492,Curtis Allen,499,ABANDONED,NONE,2,0.73,0,True,SEND_PAYMENT_LINK
CASE_08493,CUST_08493,Patrick Reed,7999,FAILED,CARD_DECLINED,0,0.47,15,False,SEND_PAYMENT_LINK
CASE_08494,CUST_08494,Albert Wright,499,FAILED,BANK_ERROR,0,0.55,5,False,RETRY_PAYMENT
CASE_08495,CUST_08495,Austin Bean,7999,ABANDONED,NONE,3,0.34,0,True,STOP
CASE_08496,CUST_08496,Victoria Logan PhD,100000,ABANDONED,NONE,1,0.57,0,True,ESCALATE_HUMAN
CASE_08497,CUST_08497,Joyce Davenport,499,FAILED,CARD_DECLINED,0,0.93,15,False,SEND_PAYMENT_LINK
CASE_08498,CUST_08498,Zachary Hester,100000,ABANDONED,NONE,0,0.5,15,True,ESCALATE_HUMAN
CASE_08499,CUST_08499,Edward Simpson,999,FAILED,CARD_DECLINED,2,0.77,15,False,SEND_PAYMENT_LINK
CASE_08500,CUST_08500,Michael Colon,1499,ABANDONED,NONE,2,0.4,15,True,SEND_PAYMENT_LINK
CASE_08501,CUST_08501,Laura Valdez,1499,FAILED,TIMEOUT,3,0.36,45,False,STOP
CASE_08502,CUST_08502,Melissa Ware,4999,FAILED,INSUFFICIENT_FUNDS,3,0.94,0,False,STOP
CASE_08503,CUST_08503,Elizabeth Moore,50000,FAILED,BANK_ERROR,0,0.91,0,False,RETRY_PAYMENT
CASE_08504,CUST_08504,Kevin Larson,75000,ABANDONED,NONE,1,0.51,0,True,ESCALATE_HUMAN
CASE_08505,CUST_08505,Melissa Holland,75000,FAILED,INSUFFICIENT_FUNDS,1,0.23,15,False,ESCALATE_HUMAN
CASE_08506,CUST_08506,Mr. Timothy Tran,15000,FAILED,BANK_ERROR,0,0.43,20,False,SEND_PAYMENT_LINK
CASE_08507,CUST_08507,Sarah Jones,1499,FAILED,BANK_ERROR,0,0.37,0,False,SEND_PAYMENT_LINK
CASE_08508,CUST_08508,Karen Leach,4999,FAILED,BANK_ERROR,0,0.21,0,False,SEND_PAYMENT_LINK
CASE_08509,CUST_08509,Victoria Bradley,2499,FAILED,INSUFFICIENT_FUNDS,3,0.44,10,False,STOP
CASE_08510,CUST_08510,Kenneth Griffin,1499,FAILED,INSUFFICIENT_FUNDS,1,0.57,30,False,ESCALATE_HUMAN
CASE_08511,CUST_08511,Tracy Myers DVM,25000,FAILED,INSUFFICIENT_FUNDS,2,0.73,0,False,SEND_PAYMENT_LINK
CASE_08512,CUST_08512,Andrew Davis,100000,FAILED,NETWORK_ERROR,3,0.22,0,False,STOP
CASE_08513,CUST_08513,Riley Preston,9999,FAILED,INSUFFICIENT_FUNDS,3,0.52,30,False,STOP
CASE_08514,CUST_08514,Mrs. Valerie Black,50000,ABANDONED,NONE,1,0.48,20,True,SEND_PAYMENT_LINK
CASE_08515,CUST_08515,Christine Williams,75000,FAILED,TIMEOUT,0,0.37,0,False,ESCALATE_HUMAN
CASE_08516,CUST_08516,Mark Williams MD,15000,ABANDONED,NONE,2,0.69,20,True,SEND_PAYMENT_LINK
CASE_08517,CUST_08517,Bill Williams,15000,FAILED,NETWORK_ERROR,3,0.35,20,False,STOP
CASE_08518,CUST_08518,Ronald Smith,25000,FAILED,TIMEOUT,3,0.29,0,False,STOP
CASE_08519,CUST_08519,Elizabeth Anderson,50000,FAILED,NETWORK_ERROR,2,0.24,15,False,SEND_PAYMENT_LINK
CASE_08520,CUST_08520,Carrie Hernandez,75000,FAILED,BANK_ERROR,0,0.28,0,False,ESCALATE_HUMAN
CASE_08521,CUST_08521,Bradley Williams,15000,FAILED,INSUFFICIENT_FUNDS,1,0.3,15,False,SEND_PAYMENT_LINK
CASE_08522,CUST_08522,Sean Rocha,50000,FAILED,BANK_ERROR,1,0.37,45,False,ESCALATE_HUMAN
CASE_08523,CUST_08523,Jennifer Davies,999,FAILED,BANK_ERROR,1,0.29,0,False,SEND_PAYMENT_LINK
CASE_08524,CUST_08524,Kenneth Herrera,9999,ABANDONED,NONE,3,0.45,10,True,STOP
CASE_08525,CUST_08525,Lisa Graham,9999,ABANDONED,NONE,0,0.59,0,True,SEND_PAYMENT_LINK
CASE_08526,CUST_08526,Charles Jones,50000,FAILED,TIMEOUT,0,0.29,30,False,ESCALATE_HUMAN
CASE_08527,CUST_08527,Aaron Shaffer,25000,ABANDONED,NONE,1,0.39,0,True,SEND_PAYMENT_LINK
CASE_08528,CUST_08528,Jordan Miller,2499,ABANDONED,NONE,0,0.46,15,True,SEND_PAYMENT_LINK
CASE_08529,CUST_08529,Cathy Hernandez,25000,ABANDONED,NONE,0,0.35,10,True,SEND_PAYMENT_LINK
CASE_08530,CUST_08530,Annette Bentley,1499,FAILED,NETWORK_ERROR,1,0.78,10,False,RETRY_PAYMENT
CASE_08531,CUST_08531,Ms. Debra Flores DVM,7999,FAILED,NETWORK_ERROR,1,0.56,10,False,RETRY_PAYMENT
CASE_08532,CUST_08532,Earl Medina,25000,ABANDONED,NONE,2,0.89,45,True,ESCALATE_HUMAN
CASE_08533,CUST_08533,Laura Chang,75000,FAILED,INSUFFICIENT_FUNDS,3,0.7,0,False,STOP
CASE_08534,CUST_08534,John Hendricks,15000,FAILED,INSUFFICIENT_FUNDS,2,0.24,0,False,SEND_PAYMENT_LINK
CASE_08535,CUST_08535,Sarah Hoover,100000,ABANDONED,NONE,2,0.82,10,True,ESCALATE_HUMAN
CASE_08536,CUST_08536,Cheryl Stewart,1499,FAILED,INSUFFICIENT_FUNDS,1,0.55,5,False,SEND_PAYMENT_LINK
CASE_08537,CUST_08537,Sarah Watts,9999,ABANDONED,NONE,3,0.97,10,True,STOP
CASE_08538,CUST_08538,Phillip Austin,4999,ABANDONED,NONE,3,0.29,45,True,STOP
CASE_08539,CUST_08539,Crystal Gonzalez,25000,FAILED,NETWORK_ERROR,0,0.62,30,False,ESCALATE_HUMAN
CASE_08540,CUST_08540,Amanda Lang,100000,ABANDONED,NONE,1,0.44,30,True,ESCALATE_HUMAN
CASE_08541,CUST_08541,Aaron Cochran,15000,FAILED,CARD_DECLINED,3,0.55,45,False,STOP
CASE_08542,CUST_08542,Karen Walker,100000,FAILED,INSUFFICIENT_FUNDS,1,0.57,5,False,ESCALATE_HUMAN
CASE_08543,CUST_08543,Heather Evans,100000,FAILED,TIMEOUT,0,0.45,30,False,ESCALATE_HUMAN
CASE_08544,CUST_08544,Robert Tanner,7999,FAILED,TIMEOUT,1,0.83,10,False,RETRY_PAYMENT
CASE_08545,CUST_08545,Eric Johnson,75000,FAILED,INSUFFICIENT_FUNDS,3,0.68,0,False,STOP
CASE_08546,CUST_08546,Ian Jackson,100000,ABANDONED,NONE,0,0.58,30,True,ESCALATE_HUMAN
CASE_08547,CUST_08547,Robert Smith,75000,FAILED,INSUFFICIENT_FUNDS,2,0.47,5,False,ESCALATE_HUMAN
CASE_08548,CUST_08548,Kyle Pittman,499,FAILED,TIMEOUT,3,0.36,10,False,STOP
CASE_08549,CUST_08549,Miss Rachel Bailey,999,FAILED,NETWORK_ERROR,1,0.97,0,False,RETRY_PAYMENT
CASE_08550,CUST_08550,Samantha Bailey,999,FAILED,CARD_DECLINED,2,0.51,0,False,SEND_PAYMENT_LINK
CASE_08551,CUST_08551,James Rivera,4999,FAILED,INSUFFICIENT_FUNDS,2,0.47,0,False,SEND_PAYMENT_LINK
CASE_08552,CUST_08552,Jamie Tyler,7999,FAILED,NETWORK_ERROR,3,0.43,45,False,STOP
CASE_08553,CUST_08553,Sarah Lloyd,7999,ABANDONED,NONE,2,0.32,20,True,SEND_PAYMENT_LINK
CASE_08554,CUST_08554,Anthony Spencer,4999,FAILED,INSUFFICIENT_FUNDS,1,0.55,0,False,SEND_PAYMENT_LINK
CASE_08555,CUST_08555,Ryan Oneal,25000,FAILED,BANK_ERROR,0,0.35,0,False,SEND_PAYMENT_LINK
CASE_08556,CUST_08556,Dylan Henderson,4999,FAILED,TIMEOUT,3,0.43,20,False,STOP
CASE_08557,CUST_08557,Michael Silva,499,ABANDONED,NONE,1,0.5,0,True,SEND_PAYMENT_LINK
CASE_08558,CUST_08558,Samuel Nelson,100000,FAILED,TIMEOUT,2,0.61,20,False,ESCALATE_HUMAN
CASE_08559,CUST_08559,Jean Cantrell,499,ABANDONED,NONE,3,0.96,30,True,STOP
CASE_08560,CUST_08560,Nathan Weber,1499,FAILED,TIMEOUT,0,0.66,0,False,SEND_PAYMENT_LINK
CASE_08561,CUST_08561,Shannon Watson,100000,FAILED,NETWORK_ERROR,1,0.83,0,False,ESCALATE_HUMAN
CASE_08562,CUST_08562,Nicole Jones,7999,FAILED,NETWORK_ERROR,2,0.23,20,False,SEND_PAYMENT_LINK
CASE_08563,CUST_08563,Dennis Powell,75000,FAILED,INSUFFICIENT_FUNDS,2,0.42,15,False,ESCALATE_HUMAN
CASE_08564,CUST_08564,Mrs. Pamela Nguyen MD,1499,FAILED,NETWORK_ERROR,2,0.66,10,False,RETRY_PAYMENT
CASE_08565,CUST_08565,Jeremy Flores,100000,FAILED,TIMEOUT,1,0.23,20,False,ESCALATE_HUMAN
CASE_08566,CUST_08566,Taylor Carr,15000,ABANDONED,NONE,0,0.44,20,True,SEND_PAYMENT_LINK
CASE_08567,CUST_08567,Courtney Allen,1499,FAILED,BANK_ERROR,0,0.87,0,False,RETRY_PAYMENT
CASE_08568,CUST_08568,Jimmy Cohen,100000,ABANDONED,NONE,2,0.3,20,True,ESCALATE_HUMAN
CASE_08569,CUST_08569,Douglas Thomas,15000,FAILED,CARD_DECLINED,3,0.22,45,False,STOP
CASE_08570,CUST_08570,Justin Williams,9999,FAILED,BANK_ERROR,0,0.96,5,False,RETRY_PAYMENT
CASE_08571,CUST_08571,Billy Smith,4999,FAILED,BANK_ERROR,0,0.6,0,False,SEND_PAYMENT_LINK
CASE_08572,CUST_08572,Rhonda Long,2499,FAILED,TIMEOUT,3,0.57,0,False,STOP
CASE_08573,CUST_08573,Tiffany Andersen,1499,ABANDONED,NONE,2,0.69,15,True,SEND_PAYMENT_LINK
CASE_08574,CUST_08574,Jason Juarez,25000,FAILED,NETWORK_ERROR,3,0.95,0,False,STOP
CASE_08575,CUST_08575,Elizabeth Williams,25000,ABANDONED,NONE,0,0.27,20,True,SEND_PAYMENT_LINK
CASE_08576,CUST_08576,Wendy Nicholson,100000,ABANDONED,NONE,3,0.96,45,True,STOP
CASE_08577,CUST_08577,Ricky Wilson,25000,FAILED,TIMEOUT,0,0.25,5,False,SEND_PAYMENT_LINK
CASE_08578,CUST_08578,Patrick Stevens,499,FAILED,BANK_ERROR,1,0.96,45,False,ESCALATE_HUMAN
CASE_08579,CUST_08579,Karen Espinoza,2499,FAILED,BANK_ERROR,1,0.37,30,False,ESCALATE_HUMAN
CASE_08580,CUST_08580,Rachael Spence,7999,FAILED,INSUFFICIENT_FUNDS,2,0.84,0,False,SEND_PAYMENT_LINK
CASE_08581,CUST_08581,Melissa Mercado,9999,FAILED,BANK_ERROR,2,0.42,20,False,SEND_PAYMENT_LINK
CASE_08582,CUST_08582,Richard Thompson,25000,FAILED,NETWORK_ERROR,0,0.42,0,False,SEND_PAYMENT_LINK
CASE_08583,CUST_08583,David Reynolds DDS,100000,FAILED,NETWORK_ERROR,0,0.52,15,False,ESCALATE_HUMAN
CASE_08584,CUST_08584,Michael Brown,7999,FAILED,BANK_ERROR,3,0.67,5,False,STOP
CASE_08585,CUST_08585,Jeffrey Christensen,75000,ABANDONED,NONE,0,0.31,10,True,ESCALATE_HUMAN
CASE_08586,CUST_08586,Donald Baker,75000,ABANDONED,NONE,0,0.79,0,True,ESCALATE_HUMAN
CASE_08587,CUST_08587,Justin Garza,4999,ABANDONED,NONE,3,0.26,0,True,STOP
CASE_08588,CUST_08588,Dominic Sanders,50000,ABANDONED,NONE,2,0.41,0,True,SEND_PAYMENT_LINK
CASE_08589,CUST_08589,Christina Evans,50000,FAILED,INSUFFICIENT_FUNDS,1,0.59,0,False,ESCALATE_HUMAN
CASE_08590,CUST_08590,Autumn Scott,75000,ABANDONED,NONE,3,0.94,0,True,STOP
CASE_08591,CUST_08591,Andrew Trujillo,7999,FAILED,BANK_ERROR,2,0.53,0,False,RETRY_PAYMENT
CASE_08592,CUST_08592,Amy Nielsen,15000,FAILED,INSUFFICIENT_FUNDS,3,0.73,15,False,STOP
CASE_08593,CUST_08593,Monica Wilson,9999,FAILED,INSUFFICIENT_FUNDS,2,0.9,0,False,SEND_PAYMENT_LINK
CASE_08594,CUST_08594,Lisa Jones,50000,FAILED,NETWORK_ERROR,2,0.8,5,False,RETRY_PAYMENT
CASE_08595,CUST_08595,Shannon Smith,1499,FAILED,NETWORK_ERROR,3,0.68,0,False,STOP
CASE_08596,CUST_08596,Craig Oneill,999,ABANDONED,NONE,2,0.29,15,True,SEND_PAYMENT_LINK
CASE_08597,CUST_08597,Annette Levy,50000,FAILED,NETWORK_ERROR,1,0.84,0,False,RETRY_PAYMENT
CASE_08598,CUST_08598,Mary Cruz,9999,FAILED,BANK_ERROR,1,0.3,0,False,SEND_PAYMENT_LINK
CASE_08599,CUST_08599,Allison Hebert,7999,FAILED,CARD_DECLINED,2,0.26,30,False,ESCALATE_HUMAN
CASE_08600,CUST_08600,Zachary Brown,7999,ABANDONED,NONE,3,0.27,20,True,STOP
CASE_08601,CUST_08601,Paul Morrison,7999,ABANDONED,NONE,1,0.33,10,True,SEND_PAYMENT_LINK
CASE_08602,CUST_08602,Patricia Crane,7999,FAILED,NETWORK_ERROR,3,0.21,45,False,STOP
CASE_08603,CUST_08603,Erin Rodriguez,2499,FAILED,INSUFFICIENT_FUNDS,0,0.61,5,False,SEND_PAYMENT_LINK
CASE_08604,CUST_08604,Christine Morris,15000,FAILED,NETWORK_ERROR,0,0.48,0,False,SEND_PAYMENT_LINK
CASE_08605,CUST_08605,David Mitchell,9999,ABANDONED,NONE,3,0.51,45,True,STOP
CASE_08606,CUST_08606,Joseph Hunter,499,FAILED,NETWORK_ERROR,2,0.53,5,False,RETRY_PAYMENT
CASE_08607,CUST_08607,Phyllis Hamilton,499,FAILED,BANK_ERROR,3,1.0,0,False,STOP
CASE_08608,CUST_08608,Scott Oliver,50000,FAILED,NETWORK_ERROR,0,0.42,0,False,SEND_PAYMENT_LINK
CASE_08609,CUST_08609,Cheryl Rodriguez,50000,FAILED,CARD_DECLINED,0,0.39,5,False,SEND_PAYMENT_LINK
CASE_08610,CUST_08610,Daniel Hartman,999,FAILED,BANK_ERROR,0,0.37,30,False,ESCALATE_HUMAN
CASE_08611,CUST_08611,Audrey Johnson,4999,ABANDONED,NONE,1,0.6,5,True,SEND_PAYMENT_LINK
CASE_08612,CUST_08612,Samantha Hill,50000,FAILED,BANK_ERROR,3,0.99,45,False,STOP
CASE_08613,CUST_08613,Roger Horn,50000,FAILED,CARD_DECLINED,2,0.41,30,False,ESCALATE_HUMAN
CASE_08614,CUST_08614,David Thomas,9999,FAILED,CARD_DECLINED,1,0.78,5,False,SEND_PAYMENT_LINK
CASE_08615,CUST_08615,Danielle Riley,9999,FAILED,BANK_ERROR,2,0.22,30,False,ESCALATE_HUMAN
CASE_08616,CUST_08616,Amanda Freeman,1499,FAILED,CARD_DECLINED,2,0.69,0,False,SEND_PAYMENT_LINK
CASE_08617,CUST_08617,Andrew Burns,75000,ABANDONED,NONE,0,0.73,0,True,ESCALATE_HUMAN
CASE_08618,CUST_08618,Daniel Martin,50000,FAILED,CARD_DECLINED,0,0.41,5,False,ESCALATE_HUMAN
CASE_08619,CUST_08619,Kathryn Johnson,100000,FAILED,NETWORK_ERROR,1,1.0,10,False,ESCALATE_HUMAN
CASE_08620,CUST_08620,Joy Davila,7999,FAILED,BANK_ERROR,3,0.49,10,False,STOP
CASE_08621,CUST_08621,Natalie Cannon,1499,ABANDONED,NONE,3,0.39,0,True,STOP
CASE_08622,CUST_08622,Matthew Hernandez,100000,ABANDONED,NONE,1,0.35,0,True,ESCALATE_HUMAN
CASE_08623,CUST_08623,Jason Ryan,999,FAILED,INSUFFICIENT_FUNDS,1,0.32,0,False,SEND_PAYMENT_LINK
CASE_08624,CUST_08624,Jonathan Simpson,999,ABANDONED,NONE,1,0.82,0,True,SEND_PAYMENT_LINK
CASE_08625,CUST_08625,Bailey Finley,50000,ABANDONED,NONE,2,0.49,0,True,SEND_PAYMENT_LINK
CASE_08626,CUST_08626,Dustin Hammond,100000,ABANDONED,NONE,2,0.85,0,True,ESCALATE_HUMAN
CASE_08627,CUST_08627,Allison Cole,9999,FAILED,CARD_DECLINED,3,0.34,10,False,STOP
CASE_08628,CUST_08628,Frank Garcia,50000,FAILED,TIMEOUT,1,0.36,20,False,SEND_PAYMENT_LINK
CASE_08629,CUST_08629,Brittney Delacruz,9999,FAILED,INSUFFICIENT_FUNDS,3,0.46,0,False,STOP
CASE_08630,CUST_08630,James Lamb,75000,ABANDONED,NONE,3,0.8,30,True,STOP
CASE_08631,CUST_08631,Mr. Benjamin Stewart,999,FAILED,CARD_DECLINED,0,0.37,0,False,SEND_PAYMENT_LINK
CASE_08632,CUST_08632,Sean Mcclain,75000,FAILED,NETWORK_ERROR,1,0.35,0,False,ESCALATE_HUMAN
CASE_08633,CUST_08633,Jennifer Brown,50000,FAILED,CARD_DECLINED,2,0.98,15,False,SEND_PAYMENT_LINK
CASE_08634,CUST_08634,Robert Caldwell,499,ABANDONED,NONE,1,0.55,45,True,ESCALATE_HUMAN
CASE_08635,CUST_08635,Debbie Sanchez,7999,FAILED,NETWORK_ERROR,3,0.91,20,False,STOP
CASE_08636,CUST_08636,Evan Cochran,75000,FAILED,INSUFFICIENT_FUNDS,0,0.95,20,False,ESCALATE_HUMAN
CASE_08637,CUST_08637,Lisa Fox,9999,ABANDONED,NONE,3,0.25,0,True,STOP
CASE_08638,CUST_08638,Brittany Browning,1499,FAILED,NETWORK_ERROR,2,0.99,15,False,RETRY_PAYMENT
CASE_08639,CUST_08639,Shelby Brooks,75000,FAILED,INSUFFICIENT_FUNDS,1,0.56,0,False,ESCALATE_HUMAN
CASE_08640,CUST_08640,Natalie Golden,100000,FAILED,BANK_ERROR,2,0.98,10,False,ESCALATE_HUMAN
CASE_08641,CUST_08641,Joshua Diaz,50000,FAILED,NETWORK_ERROR,1,0.54,0,False,RETRY_PAYMENT
CASE_08642,CUST_08642,Matthew Orozco,15000,FAILED,INSUFFICIENT_FUNDS,1,0.34,0,False,SEND_PAYMENT_LINK
CASE_08643,CUST_08643,Joseph Lewis,1499,FAILED,BANK_ERROR,0,0.85,30,False,ESCALATE_HUMAN
CASE_08644,CUST_08644,Scott Hansen,2499,FAILED,CARD_DECLINED,0,0.93,10,False,SEND_PAYMENT_LINK
CASE_08645,CUST_08645,Elizabeth Leonard,15000,FAILED,TIMEOUT,3,0.46,0,False,STOP
CASE_08646,CUST_08646,Nancy Shah,75000,FAILED,CARD_DECLINED,2,0.63,45,False,ESCALATE_HUMAN
CASE_08647,CUST_08647,Kristin Baker,7999,FAILED,CARD_DECLINED,1,0.39,30,False,ESCALATE_HUMAN
CASE_08648,CUST_08648,Amy Jimenez,999,FAILED,INSUFFICIENT_FUNDS,2,0.37,15,False,SEND_PAYMENT_LINK
CASE_08649,CUST_08649,Zachary Nixon,999,FAILED,INSUFFICIENT_FUNDS,3,0.79,10,False,STOP
CASE_08650,CUST_08650,Scott Greene,2499,FAILED,NETWORK_ERROR,0,0.68,0,False,SEND_PAYMENT_LINK
CASE_08651,CUST_08651,Kathy Thornton,9999,FAILED,BANK_ERROR,2,0.41,0,False,SEND_PAYMENT_LINK
CASE_08652,CUST_08652,Benjamin George,100000,FAILED,INSUFFICIENT_FUNDS,1,0.39,45,False,ESCALATE_HUMAN
CASE_08653,CUST_08653,Yvonne Brennan,1499,FAILED,INSUFFICIENT_FUNDS,0,0.59,20,False,SEND_PAYMENT_LINK
CASE_08654,CUST_08654,Richard Holt,25000,FAILED,BANK_ERROR,0,0.52,45,False,ESCALATE_HUMAN
CASE_08655,CUST_08655,Maxwell Thomas,1499,FAILED,INSUFFICIENT_FUNDS,0,0.34,45,False,ESCALATE_HUMAN
CASE_08656,CUST_08656,Donald Randall,4999,FAILED,NETWORK_ERROR,0,0.74,20,False,RETRY_PAYMENT
CASE_08657,CUST_08657,Beverly Williams,75000,FAILED,CARD_DECLINED,0,0.54,0,False,ESCALATE_HUMAN
CASE_08658,CUST_08658,John Evans,7999,FAILED,CARD_DECLINED,1,0.29,10,False,SEND_PAYMENT_LINK
CASE_08659,CUST_08659,Brandon Martinez,7999,FAILED,NETWORK_ERROR,2,0.28,5,False,SEND_PAYMENT_LINK
CASE_08660,CUST_08660,Kaitlyn Wood,25000,ABANDONED,NONE,0,0.83,20,True,SEND_PAYMENT_LINK
CASE_08661,CUST_08661,Alan Lynch,15000,FAILED,NETWORK_ERROR,0,0.54,20,False,SEND_PAYMENT_LINK
CASE_08662,CUST_08662,Heather Lara,7999,FAILED,BANK_ERROR,1,0.56,0,False,RETRY_PAYMENT
CASE_08663,CUST_08663,Beth Lawson,75000,FAILED,NETWORK_ERROR,3,0.26,30,False,STOP
CASE_08664,CUST_08664,John Rivera,100000,FAILED,NETWORK_ERROR,0,0.53,15,False,ESCALATE_HUMAN
CASE_08665,CUST_08665,Ann Manning,2499,FAILED,BANK_ERROR,0,0.56,45,False,ESCALATE_HUMAN
CASE_08666,CUST_08666,Timothy Reese,50000,FAILED,TIMEOUT,3,0.7,30,False,STOP
CASE_08667,CUST_08667,Isaac Mcdonald,1499,ABANDONED,NONE,3,0.99,0,True,STOP
CASE_08668,CUST_08668,Donald Sharp,4999,FAILED,CARD_DECLINED,3,0.34,5,False,STOP
CASE_08669,CUST_08669,Laura Martin,999,FAILED,NETWORK_ERROR,3,0.64,30,False,STOP
CASE_08670,CUST_08670,Gregory Newman,7999,ABANDONED,NONE,2,0.59,10,True,SEND_PAYMENT_LINK
CASE_08671,CUST_08671,Robert Baxter,499,FAILED,CARD_DECLINED,1,0.71,15,False,SEND_PAYMENT_LINK
CASE_08672,CUST_08672,Amy Dominguez,2499,FAILED,NETWORK_ERROR,2,0.46,0,False,SEND_PAYMENT_LINK
CASE_08673,CUST_08673,Allison Davis,4999,ABANDONED,NONE,0,0.55,10,True,SEND_PAYMENT_LINK
CASE_08674,CUST_08674,Mark Smith,100000,FAILED,CARD_DECLINED,2,0.24,30,False,ESCALATE_HUMAN
CASE_08675,CUST_08675,Karen Mullins,1499,ABANDONED,NONE,3,0.47,15,True,STOP
CASE_08676,CUST_08676,Anthony Ritter,15000,ABANDONED,NONE,0,0.67,0,True,SEND_PAYMENT_LINK
CASE_08677,CUST_08677,Jeff Doyle,4999,FAILED,INSUFFICIENT_FUNDS,0,0.69,20,False,SEND_PAYMENT_LINK
CASE_08678,CUST_08678,Brian Gibson,2499,ABANDONED,NONE,0,0.37,15,True,SEND_PAYMENT_LINK
CASE_08679,CUST_08679,Suzanne Miller DDS,75000,FAILED,BANK_ERROR,1,0.35,5,False,ESCALATE_HUMAN
CASE_08680,CUST_08680,Teresa Wright,1499,ABANDONED,NONE,3,0.61,10,True,STOP
CASE_08681,CUST_08681,Nicole Larson,2499,FAILED,CARD_DECLINED,2,0.69,0,False,SEND_PAYMENT_LINK
CASE_08682,CUST_08682,Mary Robertson,50000,ABANDONED,NONE,3,0.53,45,True,STOP
CASE_08683,CUST_08683,Cody Schaefer,7999,ABANDONED,NONE,1,0.31,10,True,SEND_PAYMENT_LINK
CASE_08684,CUST_08684,Robert Brewer,2499,ABANDONED,NONE,3,0.36,20,True,STOP
CASE_08685,CUST_08685,Miguel Bruce,1499,ABANDONED,NONE,0,0.26,0,True,SEND_PAYMENT_LINK
CASE_08686,CUST_08686,Eric Jenkins,9999,FAILED,BANK_ERROR,2,0.68,15,False,RETRY_PAYMENT
CASE_08687,CUST_08687,Jessica Newman,2499,FAILED,INSUFFICIENT_FUNDS,0,0.54,45,False,ESCALATE_HUMAN
CASE_08688,CUST_08688,Melissa Anderson,50000,FAILED,CARD_DECLINED,1,0.69,45,False,ESCALATE_HUMAN
CASE_08689,CUST_08689,Ryan Warner,9999,FAILED,TIMEOUT,3,0.76,45,False,STOP
CASE_08690,CUST_08690,Kathleen Moore,7999,FAILED,INSUFFICIENT_FUNDS,0,0.56,5,False,SEND_PAYMENT_LINK
CASE_08691,CUST_08691,Wesley Pacheco,100000,FAILED,BANK_ERROR,0,0.45,0,False,ESCALATE_HUMAN
CASE_08692,CUST_08692,Daniel Mora,4999,FAILED,TIMEOUT,2,0.4,0,False,SEND_PAYMENT_LINK
CASE_08693,CUST_08693,Bonnie Blake,50000,ABANDONED,NONE,3,0.87,0,True,STOP
CASE_08694,CUST_08694,Anthony Sullivan,4999,FAILED,CARD_DECLINED,2,0.6,0,False,SEND_PAYMENT_LINK
CASE_08695,CUST_08695,Cindy Freeman,4999,FAILED,INSUFFICIENT_FUNDS,1,0.8,30,False,ESCALATE_HUMAN
CASE_08696,CUST_08696,Robert Mitchell,75000,ABANDONED,NONE,0,0.36,10,True,ESCALATE_HUMAN
CASE_08697,CUST_08697,Tracy Spencer,15000,ABANDONED,NONE,3,0.95,5,True,STOP
CASE_08698,CUST_08698,Dakota Nixon,499,ABANDONED,NONE,3,0.66,30,True,STOP
CASE_08699,CUST_08699,Wesley Guerrero,7999,FAILED,TIMEOUT,0,0.52,15,False,SEND_PAYMENT_LINK
CASE_08700,CUST_08700,Jonathan Johnson,999,FAILED,TIMEOUT,3,0.34,5,False,STOP
CASE_08701,CUST_08701,David Harvey,4999,ABANDONED,NONE,0,0.49,0,True,SEND_PAYMENT_LINK
CASE_08702,CUST_08702,Kyle Haley,4999,FAILED,TIMEOUT,3,0.24,0,False,STOP
CASE_08703,CUST_08703,Carl Price,50000,FAILED,BANK_ERROR,0,0.67,15,False,RETRY_PAYMENT
CASE_08704,CUST_08704,Lori Garza,100000,FAILED,CARD_DECLINED,0,0.2,15,False,ESCALATE_HUMAN
CASE_08705,CUST_08705,Shane Ellis,499,FAILED,TIMEOUT,2,0.55,30,False,ESCALATE_HUMAN
CASE_08706,CUST_08706,Alicia Barnett,1499,FAILED,INSUFFICIENT_FUNDS,2,0.46,5,False,SEND_PAYMENT_LINK
CASE_08707,CUST_08707,Michael Cannon,15000,FAILED,CARD_DECLINED,0,0.4,30,False,ESCALATE_HUMAN
CASE_08708,CUST_08708,Rebecca Guerra,7999,ABANDONED,NONE,2,0.45,45,True,ESCALATE_HUMAN
CASE_08709,CUST_08709,Sara Hernandez,4999,FAILED,BANK_ERROR,3,0.39,5,False,STOP
CASE_08710,CUST_08710,Michelle Rose,2499,FAILED,NETWORK_ERROR,2,0.25,0,False,SEND_PAYMENT_LINK
CASE_08711,CUST_08711,John Garza,2499,FAILED,CARD_DECLINED,1,0.83,45,False,ESCALATE_HUMAN
CASE_08712,CUST_08712,Linda Martin,1499,FAILED,TIMEOUT,1,0.23,20,False,SEND_PAYMENT_LINK
CASE_08713,CUST_08713,Robert Ramirez,499,ABANDONED,NONE,2,0.73,10,True,SEND_PAYMENT_LINK
CASE_08714,CUST_08714,Michelle House,50000,FAILED,BANK_ERROR,2,0.71,5,False,SEND_PAYMENT_LINK
CASE_08715,CUST_08715,Paula Stevenson,4999,FAILED,NETWORK_ERROR,3,0.79,5,False,STOP
CASE_08716,CUST_08716,Vincent Love,2499,FAILED,BANK_ERROR,0,0.97,30,False,ESCALATE_HUMAN
CASE_08717,CUST_08717,Jesse Schmidt,999,FAILED,TIMEOUT,1,0.27,20,False,SEND_PAYMENT_LINK
CASE_08718,CUST_08718,William Jones,75000,FAILED,NETWORK_ERROR,1,0.66,5,False,ESCALATE_HUMAN
CASE_08719,CUST_08719,Nicolas Bryant,999,ABANDONED,NONE,3,0.99,45,True,STOP
CASE_08720,CUST_08720,Donald Hodges,999,FAILED,TIMEOUT,0,0.32,5,False,SEND_PAYMENT_LINK
CASE_08721,CUST_08721,Jennifer Lucas,25000,FAILED,NETWORK_ERROR,3,0.93,0,False,STOP
CASE_08722,CUST_08722,Nicolas Strong,75000,FAILED,NETWORK_ERROR,2,0.39,15,False,ESCALATE_HUMAN
CASE_08723,CUST_08723,Beth Burgess,9999,FAILED,INSUFFICIENT_FUNDS,0,0.92,5,False,SEND_PAYMENT_LINK
CASE_08724,CUST_08724,David Moore,7999,FAILED,NETWORK_ERROR,1,0.62,5,False,RETRY_PAYMENT
CASE_08725,CUST_08725,George Harper,50000,ABANDONED,NONE,1,0.44,0,True,SEND_PAYMENT_LINK
CASE_08726,CUST_08726,Frank Young,75000,FAILED,BANK_ERROR,2,0.97,0,False,ESCALATE_HUMAN
CASE_08727,CUST_08727,Brittney Walker,499,FAILED,TIMEOUT,3,0.71,0,False,STOP
CASE_08728,CUST_08728,Gabriela King,4999,FAILED,TIMEOUT,0,0.68,0,False,SEND_PAYMENT_LINK
CASE_08729,CUST_08729,Bailey Wagner,50000,FAILED,NETWORK_ERROR,1,0.62,20,False,SEND_PAYMENT_LINK
CASE_08730,CUST_08730,Kenneth Williams,50000,FAILED,BANK_ERROR,0,0.22,30,False,ESCALATE_HUMAN
CASE_08731,CUST_08731,Tiffany Walker,2499,FAILED,BANK_ERROR,1,0.56,15,False,SEND_PAYMENT_LINK
CASE_08732,CUST_08732,Jason Higgins,4999,FAILED,BANK_ERROR,2,0.66,20,False,RETRY_PAYMENT
CASE_08733,CUST_08733,Amy Carter,50000,FAILED,BANK_ERROR,2,0.64,15,False,SEND_PAYMENT_LINK
CASE_08734,CUST_08734,Candice Farrell,499,FAILED,TIMEOUT,0,0.99,15,False,RETRY_PAYMENT
CASE_08735,CUST_08735,Eric Goodwin,75000,FAILED,INSUFFICIENT_FUNDS,2,0.64,10,False,ESCALATE_HUMAN
CASE_08736,CUST_08736,Daniel Banks,15000,FAILED,TIMEOUT,3,0.42,15,False,STOP
CASE_08737,CUST_08737,Daniel Williams,999,ABANDONED,NONE,0,0.98,0,True,SEND_PAYMENT_LINK
CASE_08738,CUST_08738,Cole Smith,1499,FAILED,NETWORK_ERROR,3,0.46,0,False,STOP
CASE_08739,CUST_08739,Joshua Manning,1499,FAILED,INSUFFICIENT_FUNDS,1,0.66,0,False,SEND_PAYMENT_LINK
CASE_08740,CUST_08740,Kelly Hall,2499,FAILED,TIMEOUT,2,0.28,0,False,SEND_PAYMENT_LINK
CASE_08741,CUST_08741,Charles Brown,2499,ABANDONED,NONE,1,0.61,0,True,SEND_PAYMENT_LINK
CASE_08742,CUST_08742,Crystal Williamson,499,FAILED,CARD_DECLINED,3,0.34,15,False,STOP
CASE_08743,CUST_08743,Jonathan Tyler,15000,FAILED,INSUFFICIENT_FUNDS,0,0.32,5,False,SEND_PAYMENT_LINK
CASE_08744,CUST_08744,Laura Miller,15000,FAILED,TIMEOUT,3,0.81,20,False,STOP
CASE_08745,CUST_08745,Jasmine Hall,75000,FAILED,BANK_ERROR,0,0.84,0,False,ESCALATE_HUMAN
CASE_08746,CUST_08746,Sandra Lee,7999,FAILED,NETWORK_ERROR,3,0.54,45,False,STOP
CASE_08747,CUST_08747,Scott Nelson,50000,FAILED,TIMEOUT,1,0.59,20,False,RETRY_PAYMENT
CASE_08748,CUST_08748,Jessica Joseph,2499,FAILED,INSUFFICIENT_FUNDS,2,0.66,15,False,SEND_PAYMENT_LINK
CASE_08749,CUST_08749,Nicholas Nguyen,25000,FAILED,CARD_DECLINED,2,0.97,15,False,SEND_PAYMENT_LINK
CASE_08750,CUST_08750,Joshua Hart,9999,FAILED,TIMEOUT,1,0.68,15,False,SEND_PAYMENT_LINK
CASE_08751,CUST_08751,Melanie Torres,499,FAILED,INSUFFICIENT_FUNDS,0,0.8,30,False,ESCALATE_HUMAN
CASE_08752,CUST_08752,Mark Li,7999,FAILED,NETWORK_ERROR,3,0.88,30,False,STOP
CASE_08753,CUST_08753,John Campbell,25000,FAILED,INSUFFICIENT_FUNDS,3,0.95,45,False,STOP
CASE_08754,CUST_08754,Lauren Melton,7999,ABANDONED,NONE,2,1.0,20,True,SEND_PAYMENT_LINK
CASE_08755,CUST_08755,Deborah Barnett,9999,FAILED,INSUFFICIENT_FUNDS,3,0.59,0,False,STOP
CASE_08756,CUST_08756,Jon Morales,7999,FAILED,CARD_DECLINED,3,0.89,0,False,STOP
CASE_08757,CUST_08757,Alicia Ramos,9999,ABANDONED,NONE,3,0.94,15,True,STOP
CASE_08758,CUST_08758,Megan Wells,999,FAILED,INSUFFICIENT_FUNDS,0,0.45,0,False,SEND_PAYMENT_LINK
CASE_08759,CUST_08759,Daniel Parrish,7999,ABANDONED,NONE,3,0.2,0,True,STOP
CASE_08760,CUST_08760,Thomas Cruz,9999,FAILED,NETWORK_ERROR,3,0.69,0,False,STOP
CASE_08761,CUST_08761,Timothy Sanchez,100000,FAILED,INSUFFICIENT_FUNDS,3,0.53,0,False,STOP
CASE_08762,CUST_08762,Chris White,100000,ABANDONED,NONE,1,0.61,0,True,ESCALATE_HUMAN
CASE_08763,CUST_08763,Ryan Ware,25000,FAILED,TIMEOUT,2,0.28,0,False,SEND_PAYMENT_LINK
CASE_08764,CUST_08764,Megan Sexton,15000,FAILED,TIMEOUT,1,0.22,0,False,SEND_PAYMENT_LINK
CASE_08765,CUST_08765,Heather Holmes,1499,FAILED,BANK_ERROR,0,0.35,5,False,SEND_PAYMENT_LINK
CASE_08766,CUST_08766,Mark Moreno,25000,FAILED,BANK_ERROR,2,0.41,20,False,SEND_PAYMENT_LINK
CASE_08767,CUST_08767,Crystal Williams,1499,ABANDONED,NONE,3,0.39,0,True,STOP
CASE_08768,CUST_08768,Emily Griffith,4999,ABANDONED,NONE,2,0.67,30,True,ESCALATE_HUMAN
CASE_08769,CUST_08769,David Garcia,75000,FAILED,INSUFFICIENT_FUNDS,0,0.31,15,False,ESCALATE_HUMAN
CASE_08770,CUST_08770,Robert Fisher,4999,FAILED,CARD_DECLINED,1,0.78,45,False,ESCALATE_HUMAN
CASE_08771,CUST_08771,Benjamin White,7999,FAILED,BANK_ERROR,2,0.6,10,False,RETRY_PAYMENT
CASE_08772,CUST_08772,Wendy Moore,75000,FAILED,NETWORK_ERROR,2,0.38,15,False,ESCALATE_HUMAN
CASE_08773,CUST_08773,Christine Alvarado,75000,FAILED,BANK_ERROR,1,0.64,30,False,ESCALATE_HUMAN
CASE_08774,CUST_08774,Holly Contreras,75000,FAILED,TIMEOUT,1,0.99,0,False,ESCALATE_HUMAN
CASE_08775,CUST_08775,Charles Harris,999,FAILED,NETWORK_ERROR,2,0.8,30,False,ESCALATE_HUMAN
CASE_08776,CUST_08776,Amanda Prince,2499,FAILED,TIMEOUT,0,0.43,20,False,SEND_PAYMENT_LINK
CASE_08777,CUST_08777,Joanna Garcia,2499,FAILED,NETWORK_ERROR,0,0.65,0,False,SEND_PAYMENT_LINK
CASE_08778,CUST_08778,Alyssa Lambert,499,FAILED,TIMEOUT,2,0.74,15,False,SEND_PAYMENT_LINK
CASE_08779,CUST_08779,David Fields,9999,FAILED,CARD_DECLINED,3,0.92,10,False,STOP
CASE_08780,CUST_08780,Eric Ponce,499,FAILED,INSUFFICIENT_FUNDS,3,0.49,45,False,STOP
CASE_08781,CUST_08781,Michael Pena,2499,FAILED,INSUFFICIENT_FUNDS,2,0.68,10,False,SEND_PAYMENT_LINK
CASE_08782,CUST_08782,Patrick Ray,1499,FAILED,TIMEOUT,2,0.33,45,False,ESCALATE_HUMAN
CASE_08783,CUST_08783,Paul Howard,4999,FAILED,CARD_DECLINED,1,0.64,20,False,SEND_PAYMENT_LINK
CASE_08784,CUST_08784,Jennifer Bryan,7999,FAILED,CARD_DECLINED,0,0.87,45,False,ESCALATE_HUMAN
CASE_08785,CUST_08785,Eric Campbell,15000,FAILED,INSUFFICIENT_FUNDS,2,0.23,15,False,SEND_PAYMENT_LINK
CASE_08786,CUST_08786,Hunter Ramirez,4999,FAILED,INSUFFICIENT_FUNDS,0,0.68,5,False,SEND_PAYMENT_LINK
CASE_08787,CUST_08787,Monica Gomez,15000,FAILED,NETWORK_ERROR,3,0.99,30,False,STOP
CASE_08788,CUST_08788,Mary Figueroa,50000,ABANDONED,NONE,0,0.99,20,True,SEND_PAYMENT_LINK
CASE_08789,CUST_08789,Anna Williams,999,ABANDONED,NONE,2,0.29,15,True,SEND_PAYMENT_LINK
CASE_08790,CUST_08790,Nicole Simmons,999,FAILED,CARD_DECLINED,2,0.83,45,False,ESCALATE_HUMAN
CASE_08791,CUST_08791,Amy Brown,2499,ABANDONED,NONE,2,0.98,15,True,SEND_PAYMENT_LINK
CASE_08792,CUST_08792,Holly Blevins,50000,FAILED,CARD_DECLINED,1,0.59,0,False,SEND_PAYMENT_LINK
CASE_08793,CUST_08793,Douglas Young,50000,FAILED,BANK_ERROR,3,0.68,0,False,STOP
CASE_08794,CUST_08794,David Jones,7999,ABANDONED,NONE,2,0.68,20,True,SEND_PAYMENT_LINK
CASE_08795,CUST_08795,Gregory Lewis,499,FAILED,NETWORK_ERROR,3,0.3,0,False,STOP
CASE_08796,CUST_08796,Anthony Deleon,1499,FAILED,INSUFFICIENT_FUNDS,0,0.73,0,False,SEND_PAYMENT_LINK
CASE_08797,CUST_08797,Jay Wells,50000,FAILED,INSUFFICIENT_FUNDS,3,0.67,15,False,STOP
CASE_08798,CUST_08798,Judith Gonzalez,15000,FAILED,INSUFFICIENT_FUNDS,2,0.9,45,False,ESCALATE_HUMAN
CASE_08799,CUST_08799,Jordan Morrison,7999,ABANDONED,NONE,1,0.36,15,True,SEND_PAYMENT_LINK
CASE_08800,CUST_08800,Angela Clark,50000,FAILED,CARD_DECLINED,0,0.39,45,False,ESCALATE_HUMAN
CASE_08801,CUST_08801,Susan Wheeler,100000,ABANDONED,NONE,3,0.9,0,True,STOP
CASE_08802,CUST_08802,Curtis Phillips,25000,FAILED,TIMEOUT,0,0.78,5,False,RETRY_PAYMENT
CASE_08803,CUST_08803,Katrina Rangel,15000,FAILED,BANK_ERROR,1,0.36,10,False,SEND_PAYMENT_LINK
CASE_08804,CUST_08804,Sharon Doyle,2499,FAILED,INSUFFICIENT_FUNDS,0,0.7,30,False,ESCALATE_HUMAN
CASE_08805,CUST_08805,Laura Jarvis,499,ABANDONED,NONE,0,0.32,45,True,ESCALATE_HUMAN
CASE_08806,CUST_08806,Stephen Nielsen,15000,ABANDONED,NONE,1,0.4,45,True,ESCALATE_HUMAN
CASE_08807,CUST_08807,Sandra Vasquez,15000,FAILED,CARD_DECLINED,0,0.35,0,False,SEND_PAYMENT_LINK
CASE_08808,CUST_08808,Amber Soto,1499,FAILED,CARD_DECLINED,1,0.34,0,False,SEND_PAYMENT_LINK
CASE_08809,CUST_08809,Mary Sawyer,4999,FAILED,CARD_DECLINED,2,0.73,5,False,SEND_PAYMENT_LINK
CASE_08810,CUST_08810,Denise Cruz,7999,FAILED,CARD_DECLINED,3,0.61,45,False,STOP
CASE_08811,CUST_08811,Cheryl Johnson,999,ABANDONED,NONE,2,0.67,30,True,ESCALATE_HUMAN
CASE_08812,CUST_08812,Jessica Macias,999,FAILED,INSUFFICIENT_FUNDS,1,0.73,15,False,SEND_PAYMENT_LINK
CASE_08813,CUST_08813,Robert Mclaughlin,50000,FAILED,TIMEOUT,1,0.61,0,False,RETRY_PAYMENT
CASE_08814,CUST_08814,Samantha Dickerson,999,ABANDONED,NONE,0,0.77,45,True,ESCALATE_HUMAN
CASE_08815,CUST_08815,Lydia Mcneil,75000,FAILED,TIMEOUT,1,0.6,10,False,ESCALATE_HUMAN
CASE_08816,CUST_08816,Thomas Williams,2499,FAILED,TIMEOUT,1,0.99,0,False,RETRY_PAYMENT
CASE_08817,CUST_08817,Jonathan Barnes,7999,ABANDONED,NONE,1,0.47,0,True,SEND_PAYMENT_LINK
CASE_08818,CUST_08818,Taylor Yang,15000,FAILED,BANK_ERROR,1,0.94,45,False,ESCALATE_HUMAN
CASE_08819,CUST_08819,Kenneth Rogers,999,FAILED,NETWORK_ERROR,1,0.81,0,False,RETRY_PAYMENT
CASE_08820,CUST_08820,Andrew Wright,999,FAILED,BANK_ERROR,3,0.69,45,False,STOP
CASE_08821,CUST_08821,Sheri Moore,7999,FAILED,NETWORK_ERROR,1,0.27,20,False,SEND_PAYMENT_LINK
CASE_08822,CUST_08822,Eric Gibson,15000,FAILED,TIMEOUT,3,0.33,45,False,STOP
CASE_08823,CUST_08823,Brian Faulkner,1499,FAILED,BANK_ERROR,2,0.21,20,False,SEND_PAYMENT_LINK
CASE_08824,CUST_08824,Lonnie Carter,9999,FAILED,INSUFFICIENT_FUNDS,1,0.51,0,False,SEND_PAYMENT_LINK
CASE_08825,CUST_08825,Whitney Mccarthy,999,FAILED,INSUFFICIENT_FUNDS,0,0.71,0,False,SEND_PAYMENT_LINK
CASE_08826,CUST_08826,Matthew Forbes,999,FAILED,INSUFFICIENT_FUNDS,2,0.94,20,False,SEND_PAYMENT_LINK
CASE_08827,CUST_08827,Scott Herrera,25000,FAILED,TIMEOUT,1,0.86,0,False,RETRY_PAYMENT
CASE_08828,CUST_08828,Heather Carter,25000,FAILED,CARD_DECLINED,2,0.48,10,False,SEND_PAYMENT_LINK
CASE_08829,CUST_08829,David Wagner,100000,ABANDONED,NONE,1,0.48,30,True,ESCALATE_HUMAN
CASE_08830,CUST_08830,Elizabeth Johnson,1499,FAILED,INSUFFICIENT_FUNDS,3,0.4,10,False,STOP
CASE_08831,CUST_08831,Alan Wells,1499,FAILED,NETWORK_ERROR,2,0.53,10,False,RETRY_PAYMENT
CASE_08832,CUST_08832,Adam Vance,4999,ABANDONED,NONE,2,0.28,10,True,SEND_PAYMENT_LINK
CASE_08833,CUST_08833,Nathaniel Robinson,4999,FAILED,INSUFFICIENT_FUNDS,3,0.76,15,False,STOP
CASE_08834,CUST_08834,Joseph Porter,15000,FAILED,CARD_DECLINED,0,0.84,15,False,SEND_PAYMENT_LINK
CASE_08835,CUST_08835,Evelyn Munoz,1499,FAILED,BANK_ERROR,3,0.44,15,False,STOP
CASE_08836,CUST_08836,Julie Nelson,499,FAILED,TIMEOUT,2,0.39,0,False,SEND_PAYMENT_LINK
CASE_08837,CUST_08837,Alexander Salazar,15000,FAILED,BANK_ERROR,0,0.39,0,False,SEND_PAYMENT_LINK
CASE_08838,CUST_08838,Justin Day,2499,ABANDONED,NONE,3,0.47,45,True,STOP
CASE_08839,CUST_08839,Matthew Wu,2499,FAILED,NETWORK_ERROR,3,0.59,0,False,STOP
CASE_08840,CUST_08840,Daniel Mcpherson,100000,ABANDONED,NONE,0,1.0,10,True,ESCALATE_HUMAN
CASE_08841,CUST_08841,Jacob Thompson,1499,FAILED,INSUFFICIENT_FUNDS,0,0.33,15,False,SEND_PAYMENT_LINK
CASE_08842,CUST_08842,Jessica Curry,499,FAILED,CARD_DECLINED,1,0.42,0,False,SEND_PAYMENT_LINK
CASE_08843,CUST_08843,Travis Eaton,1499,FAILED,NETWORK_ERROR,1,0.34,30,False,ESCALATE_HUMAN
CASE_08844,CUST_08844,Andrew Mcneil,1499,FAILED,NETWORK_ERROR,2,0.93,30,False,ESCALATE_HUMAN
CASE_08845,CUST_08845,Jessica Brown,7999,FAILED,NETWORK_ERROR,0,0.95,0,False,RETRY_PAYMENT
CASE_08846,CUST_08846,Brittney Collins,9999,FAILED,BANK_ERROR,1,0.68,45,False,ESCALATE_HUMAN
CASE_08847,CUST_08847,Tanya Cox,75000,ABANDONED,NONE,3,0.37,15,True,STOP
CASE_08848,CUST_08848,Gregory Thomas,1499,FAILED,TIMEOUT,2,0.93,5,False,RETRY_PAYMENT
CASE_08849,CUST_08849,Sandra Wagner,75000,ABANDONED,NONE,2,0.49,45,True,ESCALATE_HUMAN
CASE_08850,CUST_08850,Barbara Craig,1499,ABANDONED,NONE,1,0.33,0,True,SEND_PAYMENT_LINK
CASE_08851,CUST_08851,Diana Clark,25000,FAILED,INSUFFICIENT_FUNDS,0,0.78,45,False,ESCALATE_HUMAN
CASE_08852,CUST_08852,Parker Jones,25000,FAILED,CARD_DECLINED,0,0.62,0,False,SEND_PAYMENT_LINK
CASE_08853,CUST_08853,Jennifer Gray,50000,FAILED,BANK_ERROR,0,0.6,45,False,ESCALATE_HUMAN
CASE_08854,CUST_08854,Pamela Wise,2499,FAILED,BANK_ERROR,0,0.53,5,False,RETRY_PAYMENT
CASE_08855,CUST_08855,Tanner Lynn,50000,FAILED,INSUFFICIENT_FUNDS,1,0.85,5,False,ESCALATE_HUMAN
CASE_08856,CUST_08856,Kimberly Kaiser,50000,ABANDONED,NONE,0,0.81,30,True,ESCALATE_HUMAN
CASE_08857,CUST_08857,Brandy Hernandez,1499,FAILED,INSUFFICIENT_FUNDS,0,0.86,5,False,SEND_PAYMENT_LINK
CASE_08858,CUST_08858,Mary Love,1499,FAILED,BANK_ERROR,2,0.82,0,False,RETRY_PAYMENT
CASE_08859,CUST_08859,Samuel Rogers,499,FAILED,NETWORK_ERROR,1,0.29,5,False,SEND_PAYMENT_LINK
CASE_08860,CUST_08860,Kelly Reynolds DVM,2499,FAILED,INSUFFICIENT_FUNDS,1,0.2,45,False,ESCALATE_HUMAN
CASE_08861,CUST_08861,Sherry Mcintyre,75000,ABANDONED,NONE,1,0.44,30,True,ESCALATE_HUMAN
CASE_08862,CUST_08862,Kenneth Wheeler,25000,FAILED,CARD_DECLINED,0,0.94,0,False,SEND_PAYMENT_LINK
CASE_08863,CUST_08863,Miguel Yoder,1499,FAILED,BANK_ERROR,2,0.6,45,False,ESCALATE_HUMAN
CASE_08864,CUST_08864,Christine Conley,50000,ABANDONED,NONE,0,0.24,10,True,SEND_PAYMENT_LINK
CASE_08865,CUST_08865,Victor Thomas,999,FAILED,NETWORK_ERROR,1,1.0,10,False,RETRY_PAYMENT
CASE_08866,CUST_08866,Zachary Mcdaniel,75000,FAILED,BANK_ERROR,0,0.55,0,False,ESCALATE_HUMAN
CASE_08867,CUST_08867,Randall Walker,7999,FAILED,CARD_DECLINED,1,0.27,30,False,ESCALATE_HUMAN
CASE_08868,CUST_08868,Wendy Bush,15000,FAILED,TIMEOUT,3,0.52,0,False,STOP
CASE_08869,CUST_08869,Tonya Lane,999,FAILED,TIMEOUT,2,0.42,0,False,SEND_PAYMENT_LINK
CASE_08870,CUST_08870,Steve Moreno,1499,ABANDONED,NONE,3,0.51,0,True,STOP
CASE_08871,CUST_08871,Matthew Johnson,75000,FAILED,BANK_ERROR,0,0.51,15,False,ESCALATE_HUMAN
CASE_08872,CUST_08872,Wendy Weaver,15000,FAILED,TIMEOUT,0,0.99,0,False,RETRY_PAYMENT
CASE_08873,CUST_08873,Alan Valenzuela,2499,ABANDONED,NONE,3,0.8,15,True,STOP
CASE_08874,CUST_08874,Steve Ramirez,15000,FAILED,BANK_ERROR,3,0.99,5,False,STOP
CASE_08875,CUST_08875,Steven Noble,25000,FAILED,NETWORK_ERROR,0,0.8,45,False,ESCALATE_HUMAN
CASE_08876,CUST_08876,Mikayla Cain MD,4999,FAILED,CARD_DECLINED,0,0.89,5,False,SEND_PAYMENT_LINK
CASE_08877,CUST_08877,Kevin Martinez,499,FAILED,TIMEOUT,1,0.67,0,False,RETRY_PAYMENT
CASE_08878,CUST_08878,Kathleen Williams,2499,ABANDONED,NONE,1,0.99,30,True,ESCALATE_HUMAN
CASE_08879,CUST_08879,John Powell,1499,FAILED,TIMEOUT,0,0.31,45,False,ESCALATE_HUMAN
CASE_08880,CUST_08880,Alison Myers,499,FAILED,TIMEOUT,0,0.32,0,False,SEND_PAYMENT_LINK
CASE_08881,CUST_08881,Cynthia Wilson,2499,ABANDONED,NONE,0,0.49,20,True,SEND_PAYMENT_LINK
CASE_08882,CUST_08882,Lisa Spears,15000,FAILED,CARD_DECLINED,1,0.74,0,False,SEND_PAYMENT_LINK
CASE_08883,CUST_08883,Billy Wright,1499,FAILED,INSUFFICIENT_FUNDS,2,0.88,20,False,SEND_PAYMENT_LINK
CASE_08884,CUST_08884,Anthony Becker,7999,FAILED,NETWORK_ERROR,3,0.38,0,False,STOP
CASE_08885,CUST_08885,Lori Barr,9999,FAILED,INSUFFICIENT_FUNDS,2,0.48,0,False,SEND_PAYMENT_LINK
CASE_08886,CUST_08886,Maria Underwood,2499,ABANDONED,NONE,2,0.38,10,True,SEND_PAYMENT_LINK
CASE_08887,CUST_08887,Daniel Phillips,1499,FAILED,NETWORK_ERROR,1,0.99,10,False,RETRY_PAYMENT
CASE_08888,CUST_08888,Sharon Chan,9999,ABANDONED,NONE,3,0.89,0,True,STOP
CASE_08889,CUST_08889,Miranda Diaz,1499,ABANDONED,NONE,3,0.51,30,True,STOP
CASE_08890,CUST_08890,Jennifer Cameron,4999,ABANDONED,NONE,0,0.42,15,True,SEND_PAYMENT_LINK
CASE_08891,CUST_08891,Randy Saunders,7999,FAILED,BANK_ERROR,2,0.78,0,False,RETRY_PAYMENT
CASE_08892,CUST_08892,Anthony Sharp,100000,FAILED,INSUFFICIENT_FUNDS,3,0.41,0,False,STOP
CASE_08893,CUST_08893,David Gonzalez,7999,FAILED,CARD_DECLINED,3,0.63,20,False,STOP
CASE_08894,CUST_08894,Zachary Russell,4999,FAILED,NETWORK_ERROR,0,0.69,20,False,RETRY_PAYMENT
CASE_08895,CUST_08895,Amber Curry,75000,FAILED,INSUFFICIENT_FUNDS,3,0.93,5,False,STOP
CASE_08896,CUST_08896,Jason Aguilar,999,FAILED,NETWORK_ERROR,0,0.3,20,False,SEND_PAYMENT_LINK
CASE_08897,CUST_08897,Mrs. Hailey Martinez DDS,7999,FAILED,CARD_DECLINED,2,0.35,0,False,SEND_PAYMENT_LINK
CASE_08898,CUST_08898,Donna Hayes,999,FAILED,INSUFFICIENT_FUNDS,1,0.4,0,False,SEND_PAYMENT_LINK
CASE_08899,CUST_08899,Nicole Johnson,7999,FAILED,INSUFFICIENT_FUNDS,1,0.87,30,False,ESCALATE_HUMAN
CASE_08900,CUST_08900,Travis Taylor,50000,FAILED,CARD_DECLINED,3,0.87,0,False,STOP
CASE_08901,CUST_08901,Guy Zimmerman,25000,FAILED,INSUFFICIENT_FUNDS,2,0.91,45,False,ESCALATE_HUMAN
CASE_08902,CUST_08902,Paul Richards,75000,FAILED,NETWORK_ERROR,2,0.46,45,False,ESCALATE_HUMAN
CASE_08903,CUST_08903,Michael Stephens MD,15000,FAILED,CARD_DECLINED,3,0.66,30,False,STOP
CASE_08904,CUST_08904,Jessica Webb,4999,FAILED,INSUFFICIENT_FUNDS,2,0.94,0,False,SEND_PAYMENT_LINK
CASE_08905,CUST_08905,David Wallace,100000,FAILED,BANK_ERROR,3,0.62,30,False,STOP
CASE_08906,CUST_08906,Michael Hamilton,7999,ABANDONED,NONE,2,0.67,30,True,ESCALATE_HUMAN
CASE_08907,CUST_08907,Michael Jones,75000,FAILED,TIMEOUT,3,0.62,20,False,STOP
CASE_08908,CUST_08908,Peter Adkins,15000,FAILED,INSUFFICIENT_FUNDS,1,0.25,45,False,ESCALATE_HUMAN
CASE_08909,CUST_08909,Tina Hudson,999,FAILED,CARD_DECLINED,0,0.63,20,False,SEND_PAYMENT_LINK
CASE_08910,CUST_08910,Angela Rush,15000,FAILED,INSUFFICIENT_FUNDS,0,0.29,5,False,SEND_PAYMENT_LINK
CASE_08911,CUST_08911,Luke Sexton,75000,FAILED,INSUFFICIENT_FUNDS,3,0.59,0,False,STOP
CASE_08912,CUST_08912,Molly Garner,15000,FAILED,BANK_ERROR,1,0.55,0,False,RETRY_PAYMENT
CASE_08913,CUST_08913,Laura Williams,499,FAILED,CARD_DECLINED,2,0.89,20,False,SEND_PAYMENT_LINK
CASE_08914,CUST_08914,Deborah Perry,2499,FAILED,TIMEOUT,3,0.48,0,False,STOP
CASE_08915,CUST_08915,Zachary Vang,7999,FAILED,BANK_ERROR,0,0.65,5,False,RETRY_PAYMENT
CASE_08916,CUST_08916,Heather Sweeney,2499,FAILED,TIMEOUT,2,0.45,20,False,SEND_PAYMENT_LINK
CASE_08917,CUST_08917,Mark Brooks,4999,FAILED,CARD_DECLINED,3,0.33,10,False,STOP
CASE_08918,CUST_08918,Tina Reese,999,FAILED,BANK_ERROR,3,0.59,45,False,STOP
CASE_08919,CUST_08919,Christine Russell,499,ABANDONED,NONE,1,0.32,45,True,ESCALATE_HUMAN
CASE_08920,CUST_08920,William Fletcher,50000,FAILED,TIMEOUT,0,0.97,30,False,ESCALATE_HUMAN
CASE_08921,CUST_08921,Jesus Calderon,999,FAILED,TIMEOUT,1,0.96,30,False,ESCALATE_HUMAN
CASE_08922,CUST_08922,Edward King,499,ABANDONED,NONE,0,0.62,20,True,SEND_PAYMENT_LINK
CASE_08923,CUST_08923,Daniel Oconnor,15000,FAILED,CARD_DECLINED,3,0.58,5,False,STOP
CASE_08924,CUST_08924,Joseph Moran,15000,FAILED,TIMEOUT,3,0.84,0,False,STOP
CASE_08925,CUST_08925,Cheryl Wood,15000,FAILED,CARD_DECLINED,1,0.59,20,False,SEND_PAYMENT_LINK
CASE_08926,CUST_08926,Christine Green,499,FAILED,TIMEOUT,0,0.98,30,False,ESCALATE_HUMAN
CASE_08927,CUST_08927,Peter Mathis,15000,FAILED,TIMEOUT,0,0.68,30,False,ESCALATE_HUMAN
CASE_08928,CUST_08928,Vanessa Morse,499,FAILED,CARD_DECLINED,1,0.31,20,False,SEND_PAYMENT_LINK
CASE_08929,CUST_08929,Miranda Murphy,9999,FAILED,CARD_DECLINED,0,0.5,0,False,SEND_PAYMENT_LINK
CASE_08930,CUST_08930,Kimberly Franco,25000,FAILED,BANK_ERROR,3,0.23,30,False,STOP
CASE_08931,CUST_08931,Tanya Campbell,499,FAILED,TIMEOUT,0,0.94,0,False,RETRY_PAYMENT
CASE_08932,CUST_08932,Thomas Kim,1499,FAILED,BANK_ERROR,3,0.65,5,False,STOP
CASE_08933,CUST_08933,Amy Stafford,50000,FAILED,INSUFFICIENT_FUNDS,0,0.88,0,False,ESCALATE_HUMAN
CASE_08934,CUST_08934,Julie Gutierrez,999,FAILED,NETWORK_ERROR,1,0.83,0,False,RETRY_PAYMENT
CASE_08935,CUST_08935,Nathaniel Vargas,499,ABANDONED,NONE,3,0.55,45,True,STOP
CASE_08936,CUST_08936,Michael Miranda,15000,FAILED,TIMEOUT,0,0.43,10,False,SEND_PAYMENT_LINK
CASE_08937,CUST_08937,Shirley Good,999,FAILED,NETWORK_ERROR,1,0.87,45,False,ESCALATE_HUMAN
CASE_08938,CUST_08938,Anthony Flowers,1499,FAILED,INSUFFICIENT_FUNDS,0,0.65,10,False,SEND_PAYMENT_LINK
CASE_08939,CUST_08939,Denise Murphy,1499,FAILED,CARD_DECLINED,3,0.3,30,False,STOP
CASE_08940,CUST_08940,Spencer Andrews,1499,FAILED,TIMEOUT,3,0.22,0,False,STOP
CASE_08941,CUST_08941,Eric Solomon,7999,FAILED,INSUFFICIENT_FUNDS,3,0.45,0,False,STOP
CASE_08942,CUST_08942,Brett Brown,1499,FAILED,BANK_ERROR,0,0.88,0,False,RETRY_PAYMENT
CASE_08943,CUST_08943,Amy Brown,7999,FAILED,CARD_DECLINED,0,0.47,30,False,ESCALATE_HUMAN
CASE_08944,CUST_08944,James Carlson,7999,FAILED,TIMEOUT,1,0.44,10,False,SEND_PAYMENT_LINK
CASE_08945,CUST_08945,Jane Odom,75000,FAILED,NETWORK_ERROR,1,0.4,15,False,ESCALATE_HUMAN
CASE_08946,CUST_08946,Elizabeth Rivas,1499,FAILED,TIMEOUT,3,0.7,10,False,STOP
CASE_08947,CUST_08947,Daniel Guerra,25000,ABANDONED,NONE,3,0.95,5,True,STOP
CASE_08948,CUST_08948,Holly Martinez,1499,FAILED,BANK_ERROR,0,0.52,5,False,SEND_PAYMENT_LINK
CASE_08949,CUST_08949,Kara Williams DDS,75000,FAILED,TIMEOUT,1,0.28,45,False,ESCALATE_HUMAN
CASE_08950,CUST_08950,Corey Fernandez,9999,ABANDONED,NONE,3,0.87,30,True,STOP
CASE_08951,CUST_08951,Angela Wagner,4999,FAILED,CARD_DECLINED,1,0.34,30,False,ESCALATE_HUMAN
CASE_08952,CUST_08952,Alexander Brown,25000,FAILED,NETWORK_ERROR,1,0.69,0,False,SEND_PAYMENT_LINK
CASE_08953,CUST_08953,Hunter Jones,4999,ABANDONED,NONE,1,0.23,20,True,SEND_PAYMENT_LINK
CASE_08954,CUST_08954,Jamie Flores,9999,ABANDONED,NONE,3,0.81,20,True,STOP
CASE_08955,CUST_08955,Danny Harris,1499,ABANDONED,NONE,0,0.71,20,True,SEND_PAYMENT_LINK
CASE_08956,CUST_08956,Dennis Ramos,75000,FAILED,CARD_DECLINED,0,0.93,0,False,ESCALATE_HUMAN
CASE_08957,CUST_08957,Steven Nelson,4999,ABANDONED,NONE,0,0.99,10,True,SEND_PAYMENT_LINK
CASE_08958,CUST_08958,Lydia Lambert,50000,FAILED,INSUFFICIENT_FUNDS,2,0.71,10,False,SEND_PAYMENT_LINK
CASE_08959,CUST_08959,Desiree Brown,9999,FAILED,NETWORK_ERROR,3,0.77,0,False,STOP
CASE_08960,CUST_08960,Adam Murphy PhD,2499,ABANDONED,NONE,0,0.48,10,True,SEND_PAYMENT_LINK
CASE_08961,CUST_08961,Suzanne Gibson,1499,ABANDONED,NONE,1,0.71,0,True,SEND_PAYMENT_LINK
CASE_08962,CUST_08962,Nicole Harris,25000,ABANDONED,NONE,1,0.32,0,True,SEND_PAYMENT_LINK
CASE_08963,CUST_08963,Mariah Watson,15000,ABANDONED,NONE,3,0.97,10,True,STOP
CASE_08964,CUST_08964,Sharon Peterson,100000,FAILED,BANK_ERROR,3,0.89,10,False,STOP
CASE_08965,CUST_08965,Lance Mack,9999,FAILED,INSUFFICIENT_FUNDS,2,0.72,5,False,SEND_PAYMENT_LINK
CASE_08966,CUST_08966,Helen Velasquez,100000,FAILED,TIMEOUT,1,0.71,10,False,ESCALATE_HUMAN
CASE_08967,CUST_08967,Kevin Murphy,2499,ABANDONED,NONE,3,0.46,10,True,STOP
CASE_08968,CUST_08968,Jeffrey Dennis,7999,FAILED,CARD_DECLINED,1,0.99,5,False,SEND_PAYMENT_LINK
CASE_08969,CUST_08969,Sarah Levine,1499,FAILED,INSUFFICIENT_FUNDS,2,0.78,5,False,SEND_PAYMENT_LINK
CASE_08970,CUST_08970,Marilyn Perez,7999,ABANDONED,NONE,3,0.61,0,True,STOP
CASE_08971,CUST_08971,Ricardo Matthews,1499,ABANDONED,NONE,2,0.82,15,True,SEND_PAYMENT_LINK
CASE_08972,CUST_08972,Cody Odonnell,4999,FAILED,TIMEOUT,1,0.87,45,False,ESCALATE_HUMAN
CASE_08973,CUST_08973,Julie Hernandez,499,FAILED,BANK_ERROR,1,0.85,30,False,ESCALATE_HUMAN
CASE_08974,CUST_08974,Danielle Maldonado,75000,ABANDONED,NONE,0,0.83,0,True,ESCALATE_HUMAN
CASE_08975,CUST_08975,Peter Chung,7999,ABANDONED,NONE,3,0.98,0,True,STOP
CASE_08976,CUST_08976,Shawn Marsh,4999,FAILED,TIMEOUT,0,0.48,45,False,ESCALATE_HUMAN
CASE_08977,CUST_08977,James Allen,999,ABANDONED,NONE,1,0.37,15,True,SEND_PAYMENT_LINK
CASE_08978,CUST_08978,Linda Davis,2499,FAILED,BANK_ERROR,0,0.29,45,False,ESCALATE_HUMAN
CASE_08979,CUST_08979,Dr. Daniel Ramirez,15000,ABANDONED,NONE,2,0.23,0,True,SEND_PAYMENT_LINK
CASE_08980,CUST_08980,Harold Taylor,9999,FAILED,CARD_DECLINED,3,0.9,15,False,STOP
CASE_08981,CUST_08981,Lauren Webb,499,FAILED,NETWORK_ERROR,1,0.3,15,False,SEND_PAYMENT_LINK
CASE_08982,CUST_08982,David Rivers,999,FAILED,CARD_DECLINED,0,0.25,10,False,SEND_PAYMENT_LINK
CASE_08983,CUST_08983,Cody Burke,4999,FAILED,TIMEOUT,0,0.31,30,False,ESCALATE_HUMAN
CASE_08984,CUST_08984,Ashley Fields,2499,FAILED,TIMEOUT,3,0.47,10,False,STOP
CASE_08985,CUST_08985,Melissa Browning MD,1499,ABANDONED,NONE,3,0.7,45,True,STOP
CASE_08986,CUST_08986,Michael Best,499,FAILED,NETWORK_ERROR,1,0.95,20,False,RETRY_PAYMENT
CASE_08987,CUST_08987,Kenneth Nicholson,15000,ABANDONED,NONE,1,0.76,0,True,SEND_PAYMENT_LINK
CASE_08988,CUST_08988,Shelby Gill,999,FAILED,BANK_ERROR,0,0.8,30,False,ESCALATE_HUMAN
CASE_08989,CUST_08989,Michael Adams,7999,FAILED,CARD_DECLINED,3,0.99,10,False,STOP
CASE_08990,CUST_08990,Patricia Allen,999,FAILED,BANK_ERROR,3,0.78,10,False,STOP
CASE_08991,CUST_08991,Lisa Fox,1499,FAILED,TIMEOUT,3,0.74,10,False,STOP
CASE_08992,CUST_08992,Rebecca Cooper,100000,ABANDONED,NONE,0,0.43,5,True,ESCALATE_HUMAN
CASE_08993,CUST_08993,Cody Wade,25000,FAILED,CARD_DECLINED,0,0.53,10,False,SEND_PAYMENT_LINK
CASE_08994,CUST_08994,Alexander Daniel,100000,FAILED,CARD_DECLINED,2,0.93,0,False,ESCALATE_HUMAN
CASE_08995,CUST_08995,Jay Robinson,7999,FAILED,NETWORK_ERROR,2,0.4,10,False,SEND_PAYMENT_LINK
CASE_08996,CUST_08996,Christine Lopez,15000,FAILED,BANK_ERROR,3,0.84,0,False,STOP
CASE_08997,CUST_08997,Tiffany Davis,75000,FAILED,INSUFFICIENT_FUNDS,3,0.93,45,False,STOP
CASE_08998,CUST_08998,Elizabeth Gonzalez,50000,FAILED,BANK_ERROR,2,0.47,10,False,SEND_PAYMENT_LINK
CASE_08999,CUST_08999,Lisa Sherman,499,FAILED,BANK_ERROR,0,0.22,0,False,SEND_PAYMENT_LINK
CASE_09000,CUST_09000,Edwin Lee,4999,ABANDONED,NONE,0,0.29,30,True,ESCALATE_HUMAN
CASE_09001,CUST_09001,Joseph Avila,15000,FAILED,INSUFFICIENT_FUNDS,2,0.37,0,False,SEND_PAYMENT_LINK
CASE_09002,CUST_09002,Alexandra Walter,100000,FAILED,NETWORK_ERROR,3,0.51,0,False,STOP
CASE_09003,CUST_09003,Eric Ford,100000,ABANDONED,NONE,1,0.88,5,True,ESCALATE_HUMAN
CASE_09004,CUST_09004,John Rich,2499,FAILED,BANK_ERROR,0,0.23,0,False,SEND_PAYMENT_LINK
CASE_09005,CUST_09005,Eric Roberson,75000,FAILED,INSUFFICIENT_FUNDS,1,0.68,0,False,ESCALATE_HUMAN
CASE_09006,CUST_09006,Andrew Thompson,75000,FAILED,NETWORK_ERROR,1,0.56,30,False,ESCALATE_HUMAN
CASE_09007,CUST_09007,Travis Brady,75000,FAILED,TIMEOUT,1,0.85,0,False,ESCALATE_HUMAN
CASE_09008,CUST_09008,Brian Moore,4999,FAILED,CARD_DECLINED,3,0.85,0,False,STOP
CASE_09009,CUST_09009,Patrick Williams,2499,FAILED,TIMEOUT,0,0.56,0,False,RETRY_PAYMENT
CASE_09010,CUST_09010,Tom Smith,75000,FAILED,INSUFFICIENT_FUNDS,1,0.53,10,False,ESCALATE_HUMAN
CASE_09011,CUST_09011,Edward Sanders,50000,FAILED,TIMEOUT,2,0.27,20,False,SEND_PAYMENT_LINK
CASE_09012,CUST_09012,Brent Cunningham,50000,FAILED,INSUFFICIENT_FUNDS,1,0.64,45,False,ESCALATE_HUMAN
CASE_09013,CUST_09013,Eric Walker,15000,FAILED,NETWORK_ERROR,0,0.38,5,False,SEND_PAYMENT_LINK
CASE_09014,CUST_09014,Robert Poole,7999,FAILED,TIMEOUT,2,0.83,10,False,RETRY_PAYMENT
CASE_09015,CUST_09015,Edward Doyle,25000,FAILED,INSUFFICIENT_FUNDS,3,0.33,30,False,STOP
CASE_09016,CUST_09016,Laura Thomas,2499,ABANDONED,NONE,2,0.36,5,True,SEND_PAYMENT_LINK
CASE_09017,CUST_09017,Joseph Russell,999,ABANDONED,NONE,0,0.81,0,True,SEND_PAYMENT_LINK
CASE_09018,CUST_09018,Joshua Weber,75000,FAILED,CARD_DECLINED,3,0.73,30,False,STOP
CASE_09019,CUST_09019,Amy Campbell,25000,FAILED,BANK_ERROR,3,0.59,0,False,STOP
CASE_09020,CUST_09020,Nathan Todd,7999,FAILED,NETWORK_ERROR,3,0.83,0,False,STOP
CASE_09021,CUST_09021,Tiffany Hardin,100000,ABANDONED,NONE,2,0.23,20,True,ESCALATE_HUMAN
CASE_09022,CUST_09022,Robert Hardin,9999,FAILED,BANK_ERROR,2,0.97,20,False,RETRY_PAYMENT
CASE_09023,CUST_09023,Michael Robinson,25000,FAILED,CARD_DECLINED,2,0.43,20,False,SEND_PAYMENT_LINK
CASE_09024,CUST_09024,Christopher Ellis,4999,FAILED,BANK_ERROR,0,0.81,0,False,RETRY_PAYMENT
CASE_09025,CUST_09025,Jaime Gallegos,999,FAILED,NETWORK_ERROR,2,0.45,0,False,SEND_PAYMENT_LINK
CASE_09026,CUST_09026,Nancy Turner,1499,ABANDONED,NONE,1,0.28,0,True,SEND_PAYMENT_LINK
CASE_09027,CUST_09027,Tara Nelson,9999,FAILED,BANK_ERROR,3,0.4,5,False,STOP
CASE_09028,CUST_09028,Troy Smith,75000,FAILED,TIMEOUT,2,0.89,0,False,ESCALATE_HUMAN
CASE_09029,CUST_09029,Arthur Singh,50000,FAILED,NETWORK_ERROR,2,0.52,5,False,SEND_PAYMENT_LINK
CASE_09030,CUST_09030,Wayne Gardner,499,ABANDONED,NONE,1,0.84,45,True,ESCALATE_HUMAN
CASE_09031,CUST_09031,Alec Johnston,15000,FAILED,INSUFFICIENT_FUNDS,2,0.75,10,False,SEND_PAYMENT_LINK
CASE_09032,CUST_09032,Mathew Jordan,4999,FAILED,TIMEOUT,0,0.57,10,False,SEND_PAYMENT_LINK
CASE_09033,CUST_09033,Andrew Reed,75000,ABANDONED,NONE,3,0.58,10,True,STOP
CASE_09034,CUST_09034,Valerie Riddle,999,FAILED,NETWORK_ERROR,2,0.89,45,False,ESCALATE_HUMAN
CASE_09035,CUST_09035,Elizabeth Dennis,2499,FAILED,NETWORK_ERROR,1,0.36,0,False,SEND_PAYMENT_LINK
CASE_09036,CUST_09036,Eric Thornton,7999,FAILED,BANK_ERROR,3,0.36,15,False,STOP
CASE_09037,CUST_09037,Michael Ayala,15000,FAILED,NETWORK_ERROR,3,0.52,0,False,STOP
CASE_09038,CUST_09038,Amy Scott,15000,FAILED,BANK_ERROR,2,0.22,20,False,SEND_PAYMENT_LINK
CASE_09039,CUST_09039,Paula Peterson,9999,ABANDONED,NONE,0,0.95,15,True,SEND_PAYMENT_LINK
CASE_09040,CUST_09040,Heather Robertson,499,FAILED,BANK_ERROR,3,0.27,0,False,STOP
CASE_09041,CUST_09041,Christina Schultz,9999,ABANDONED,NONE,2,0.48,5,True,SEND_PAYMENT_LINK
CASE_09042,CUST_09042,Sarah Johnson,1499,ABANDONED,NONE,2,0.6,0,True,SEND_PAYMENT_LINK
CASE_09043,CUST_09043,Julie Mcdaniel,75000,FAILED,TIMEOUT,1,0.74,0,False,ESCALATE_HUMAN
CASE_09044,CUST_09044,Gregory Webb,75000,FAILED,BANK_ERROR,3,0.62,45,False,STOP
CASE_09045,CUST_09045,Rhonda Bennett,2499,FAILED,CARD_DECLINED,3,0.24,0,False,STOP
CASE_09046,CUST_09046,William Bush,999,FAILED,TIMEOUT,3,0.28,5,False,STOP
CASE_09047,CUST_09047,Daniel Russell,25000,FAILED,CARD_DECLINED,1,0.77,0,False,SEND_PAYMENT_LINK
CASE_09048,CUST_09048,Hunter Kirby,15000,FAILED,CARD_DECLINED,0,0.6,5,False,SEND_PAYMENT_LINK
CASE_09049,CUST_09049,Emily Smith,25000,FAILED,CARD_DECLINED,3,0.9,0,False,STOP
CASE_09050,CUST_09050,Tiffany Hill,999,ABANDONED,NONE,2,0.2,45,True,ESCALATE_HUMAN
CASE_09051,CUST_09051,Spencer Farrell Jr.,999,ABANDONED,NONE,2,0.57,0,True,SEND_PAYMENT_LINK
CASE_09052,CUST_09052,Mark Rose,999,FAILED,CARD_DECLINED,3,0.77,15,False,STOP
CASE_09053,CUST_09053,Sharon Romero,100000,FAILED,BANK_ERROR,3,0.3,0,False,STOP
CASE_09054,CUST_09054,Ryan Taylor,7999,FAILED,CARD_DECLINED,1,0.33,0,False,SEND_PAYMENT_LINK
CASE_09055,CUST_09055,Kelly Travis,9999,ABANDONED,NONE,2,0.83,0,True,SEND_PAYMENT_LINK
CASE_09056,CUST_09056,Robert Wallace,15000,ABANDONED,NONE,1,0.26,0,True,SEND_PAYMENT_LINK
CASE_09057,CUST_09057,Danielle Martin MD,50000,ABANDONED,NONE,2,0.66,0,True,SEND_PAYMENT_LINK
CASE_09058,CUST_09058,Lawrence Mckinney,2499,FAILED,BANK_ERROR,3,0.74,20,False,STOP
CASE_09059,CUST_09059,Karen Watson,1499,FAILED,INSUFFICIENT_FUNDS,1,0.96,20,False,SEND_PAYMENT_LINK
CASE_09060,CUST_09060,April Miller,75000,FAILED,TIMEOUT,0,0.89,0,False,ESCALATE_HUMAN
CASE_09061,CUST_09061,Adam Contreras,7999,ABANDONED,NONE,3,0.7,15,True,STOP
CASE_09062,CUST_09062,Don Hoffman,999,ABANDONED,NONE,1,0.68,30,True,ESCALATE_HUMAN
CASE_09063,CUST_09063,Nathaniel Lucas,1499,ABANDONED,NONE,0,0.81,10,True,SEND_PAYMENT_LINK
CASE_09064,CUST_09064,Mr. Daniel Richards Jr.,25000,FAILED,NETWORK_ERROR,1,0.63,5,False,RETRY_PAYMENT
CASE_09065,CUST_09065,Cindy Bond,2499,FAILED,TIMEOUT,1,0.36,20,False,SEND_PAYMENT_LINK
CASE_09066,CUST_09066,Crystal Campos,499,ABANDONED,NONE,2,0.99,20,True,SEND_PAYMENT_LINK
CASE_09067,CUST_09067,Paul Acosta,75000,ABANDONED,NONE,2,0.56,10,True,ESCALATE_HUMAN
CASE_09068,CUST_09068,Yolanda Young,9999,FAILED,INSUFFICIENT_FUNDS,2,0.63,0,False,SEND_PAYMENT_LINK
CASE_09069,CUST_09069,Amy Morgan,25000,ABANDONED,NONE,1,0.69,45,True,ESCALATE_HUMAN
CASE_09070,CUST_09070,Michelle Rojas,75000,FAILED,TIMEOUT,1,0.92,15,False,ESCALATE_HUMAN
CASE_09071,CUST_09071,Isabel Clark,25000,ABANDONED,NONE,3,0.42,0,True,STOP
CASE_09072,CUST_09072,Mrs. Sandra Ramirez,7999,FAILED,BANK_ERROR,0,0.47,5,False,SEND_PAYMENT_LINK
CASE_09073,CUST_09073,Jessica Warren,4999,ABANDONED,NONE,2,0.24,20,True,SEND_PAYMENT_LINK
CASE_09074,CUST_09074,Nicholas Smith,7999,ABANDONED,NONE,3,0.75,5,True,STOP
CASE_09075,CUST_09075,Raymond Dunn,25000,ABANDONED,NONE,2,0.43,30,True,ESCALATE_HUMAN
CASE_09076,CUST_09076,Meghan Obrien,999,FAILED,INSUFFICIENT_FUNDS,0,0.33,5,False,SEND_PAYMENT_LINK
CASE_09077,CUST_09077,Olivia Moreno,75000,FAILED,INSUFFICIENT_FUNDS,0,0.22,15,False,ESCALATE_HUMAN
CASE_09078,CUST_09078,Kyle Gillespie,15000,FAILED,CARD_DECLINED,3,0.54,20,False,STOP
CASE_09079,CUST_09079,Melody Alvarez,7999,ABANDONED,NONE,1,0.96,0,True,SEND_PAYMENT_LINK
CASE_09080,CUST_09080,James Ramirez,9999,ABANDONED,NONE,0,0.89,5,True,SEND_PAYMENT_LINK
CASE_09081,CUST_09081,Cassandra Moreno,2499,ABANDONED,NONE,3,0.88,30,True,STOP
CASE_09082,CUST_09082,Rodney Roth,15000,FAILED,INSUFFICIENT_FUNDS,0,0.23,45,False,ESCALATE_HUMAN
CASE_09083,CUST_09083,Paul Andrews,4999,FAILED,CARD_DECLINED,3,0.92,0,False,STOP
CASE_09084,CUST_09084,Emily Stevens,25000,FAILED,TIMEOUT,0,0.37,10,False,SEND_PAYMENT_LINK
CASE_09085,CUST_09085,Jackson Jackson,499,FAILED,INSUFFICIENT_FUNDS,1,0.58,0,False,SEND_PAYMENT_LINK
CASE_09086,CUST_09086,Brenda Johnson,15000,FAILED,BANK_ERROR,0,0.37,0,False,SEND_PAYMENT_LINK
CASE_09087,CUST_09087,Anthony Swanson Jr.,9999,ABANDONED,NONE,3,0.43,20,True,STOP
CASE_09088,CUST_09088,James Daniels,100000,FAILED,TIMEOUT,2,0.58,45,False,ESCALATE_HUMAN
CASE_09089,CUST_09089,Brenda Griffith,15000,ABANDONED,NONE,2,0.48,45,True,ESCALATE_HUMAN
CASE_09090,CUST_09090,Jesse Cooper,75000,ABANDONED,NONE,2,0.57,30,True,ESCALATE_HUMAN
CASE_09091,CUST_09091,Darren Horton,999,FAILED,INSUFFICIENT_FUNDS,0,0.57,10,False,SEND_PAYMENT_LINK
CASE_09092,CUST_09092,Katherine Jefferson,9999,FAILED,CARD_DECLINED,0,0.94,0,False,SEND_PAYMENT_LINK
CASE_09093,CUST_09093,Keith Davis,2499,FAILED,TIMEOUT,0,0.63,5,False,SEND_PAYMENT_LINK
CASE_09094,CUST_09094,Betty Bailey,15000,ABANDONED,NONE,3,0.62,20,True,STOP
CASE_09095,CUST_09095,Hannah Lewis,25000,FAILED,BANK_ERROR,0,0.22,0,False,SEND_PAYMENT_LINK
CASE_09096,CUST_09096,Michael Herrera,9999,FAILED,TIMEOUT,1,1.0,15,False,RETRY_PAYMENT
CASE_09097,CUST_09097,Eric Glenn,1499,FAILED,TIMEOUT,0,0.42,0,False,SEND_PAYMENT_LINK
CASE_09098,CUST_09098,Robert Simmons,499,ABANDONED,NONE,3,0.5,0,True,STOP
CASE_09099,CUST_09099,Lisa Johnson,2499,FAILED,INSUFFICIENT_FUNDS,1,0.87,10,False,SEND_PAYMENT_LINK
CASE_09100,CUST_09100,Carrie Gray,50000,FAILED,NETWORK_ERROR,3,0.24,20,False,STOP
CASE_09101,CUST_09101,Todd Wagner,100000,FAILED,TIMEOUT,2,0.83,0,False,ESCALATE_HUMAN
CASE_09102,CUST_09102,Kayla Jones,100000,ABANDONED,NONE,0,0.44,15,True,ESCALATE_HUMAN
CASE_09103,CUST_09103,Christina Morris,2499,ABANDONED,NONE,3,0.52,0,True,STOP
CASE_09104,CUST_09104,Anthony Carrillo,100000,ABANDONED,NONE,3,0.59,0,True,STOP
CASE_09105,CUST_09105,Lisa Stone,999,FAILED,INSUFFICIENT_FUNDS,2,0.7,20,False,SEND_PAYMENT_LINK
CASE_09106,CUST_09106,Cameron Davis,999,FAILED,BANK_ERROR,0,0.48,5,False,SEND_PAYMENT_LINK
CASE_09107,CUST_09107,Michael Costa,75000,FAILED,INSUFFICIENT_FUNDS,2,0.4,0,False,ESCALATE_HUMAN
CASE_09108,CUST_09108,Madison Gutierrez,1499,FAILED,TIMEOUT,2,0.66,0,False,RETRY_PAYMENT
CASE_09109,CUST_09109,Johnny Nguyen,499,FAILED,INSUFFICIENT_FUNDS,0,0.98,30,False,ESCALATE_HUMAN
CASE_09110,CUST_09110,Stefanie Harrison,499,FAILED,NETWORK_ERROR,2,0.35,5,False,SEND_PAYMENT_LINK
CASE_09111,CUST_09111,Angela Mosley,15000,FAILED,BANK_ERROR,0,0.36,0,False,SEND_PAYMENT_LINK
CASE_09112,CUST_09112,Jenny Dillon,4999,FAILED,INSUFFICIENT_FUNDS,3,0.3,45,False,STOP
CASE_09113,CUST_09113,Marc Beck,50000,ABANDONED,NONE,3,0.33,0,True,STOP
CASE_09114,CUST_09114,Monique Mitchell,15000,ABANDONED,NONE,2,0.78,0,True,SEND_PAYMENT_LINK
CASE_09115,CUST_09115,Melissa Wu,999,FAILED,TIMEOUT,3,0.31,10,False,STOP
CASE_09116,CUST_09116,Andre Knight,25000,FAILED,TIMEOUT,2,0.91,30,False,ESCALATE_HUMAN
CASE_09117,CUST_09117,Lisa Roberts,7999,FAILED,NETWORK_ERROR,3,0.39,5,False,STOP
CASE_09118,CUST_09118,Mallory Aguilar,1499,FAILED,TIMEOUT,2,0.67,0,False,SEND_PAYMENT_LINK
CASE_09119,CUST_09119,Paul Summers,9999,FAILED,TIMEOUT,3,0.51,30,False,STOP
CASE_09120,CUST_09120,Peter Reynolds,999,FAILED,INSUFFICIENT_FUNDS,3,0.24,20,False,STOP
CASE_09121,CUST_09121,Michael Burns,7999,ABANDONED,NONE,3,0.33,5,True,STOP
CASE_09122,CUST_09122,Cynthia Sparks,15000,FAILED,NETWORK_ERROR,3,0.28,30,False,STOP
CASE_09123,CUST_09123,Andrew Harris,999,FAILED,TIMEOUT,1,0.88,0,False,RETRY_PAYMENT
CASE_09124,CUST_09124,Daniel Carter,15000,ABANDONED,NONE,3,0.2,30,True,STOP
CASE_09125,CUST_09125,Cindy Price,75000,FAILED,TIMEOUT,1,0.34,30,False,ESCALATE_HUMAN
CASE_09126,CUST_09126,Vicki Cruz,50000,ABANDONED,NONE,1,0.79,10,True,SEND_PAYMENT_LINK
CASE_09127,CUST_09127,Robin Rosales,7999,FAILED,NETWORK_ERROR,2,0.96,0,False,RETRY_PAYMENT
CASE_09128,CUST_09128,Kaitlyn Adams,100000,FAILED,BANK_ERROR,3,0.6,0,False,STOP
CASE_09129,CUST_09129,Karen Smith,9999,FAILED,NETWORK_ERROR,2,0.87,10,False,RETRY_PAYMENT
CASE_09130,CUST_09130,Kelly Hernandez,100000,FAILED,CARD_DECLINED,3,0.63,10,False,STOP
CASE_09131,CUST_09131,Tina Carter,50000,ABANDONED,NONE,2,0.68,5,True,SEND_PAYMENT_LINK
CASE_09132,CUST_09132,Adrian Banks,100000,FAILED,TIMEOUT,1,0.78,0,False,ESCALATE_HUMAN
CASE_09133,CUST_09133,Jason Tucker,1499,ABANDONED,NONE,3,0.6,0,True,STOP
CASE_09134,CUST_09134,Travis Cowan,75000,FAILED,NETWORK_ERROR,2,0.5,30,False,ESCALATE_HUMAN
CASE_09135,CUST_09135,Aaron Graham,25000,FAILED,INSUFFICIENT_FUNDS,2,0.59,20,False,SEND_PAYMENT_LINK
CASE_09136,CUST_09136,Richard Smith,7999,FAILED,TIMEOUT,1,0.41,20,False,SEND_PAYMENT_LINK
CASE_09137,CUST_09137,Ashley Vang MD,4999,FAILED,TIMEOUT,0,0.38,0,False,SEND_PAYMENT_LINK
CASE_09138,CUST_09138,Luis Barnes,1499,FAILED,NETWORK_ERROR,2,0.22,0,False,SEND_PAYMENT_LINK
CASE_09139,CUST_09139,Brian Dickerson,1499,FAILED,NETWORK_ERROR,3,0.44,5,False,STOP
CASE_09140,CUST_09140,Mark Nichols,100000,FAILED,TIMEOUT,2,0.87,15,False,ESCALATE_HUMAN
CASE_09141,CUST_09141,Jonathan Hughes,7999,ABANDONED,NONE,1,0.28,0,True,SEND_PAYMENT_LINK
CASE_09142,CUST_09142,Rickey Newton,75000,ABANDONED,NONE,3,0.34,10,True,STOP
CASE_09143,CUST_09143,Bethany Mendoza,15000,ABANDONED,NONE,3,0.2,45,True,STOP
CASE_09144,CUST_09144,Meagan Anderson,1499,FAILED,NETWORK_ERROR,0,0.25,0,False,SEND_PAYMENT_LINK
CASE_09145,CUST_09145,Robert Ford,4999,FAILED,CARD_DECLINED,3,0.42,30,False,STOP
CASE_09146,CUST_09146,Anne Mitchell,75000,FAILED,CARD_DECLINED,3,0.69,5,False,STOP
CASE_09147,CUST_09147,Jane Young,75000,FAILED,CARD_DECLINED,1,0.4,5,False,ESCALATE_HUMAN
CASE_09148,CUST_09148,Candace Cooper,100000,FAILED,CARD_DECLINED,3,0.86,45,False,STOP
CASE_09149,CUST_09149,Daniel Castaneda,25000,FAILED,CARD_DECLINED,3,0.62,45,False,STOP
CASE_09150,CUST_09150,Andrea Wright,1499,FAILED,CARD_DECLINED,0,0.97,5,False,SEND_PAYMENT_LINK
CASE_09151,CUST_09151,Joseph Marshall,25000,ABANDONED,NONE,0,0.93,20,True,SEND_PAYMENT_LINK
CASE_09152,CUST_09152,Deborah Jones,7999,FAILED,BANK_ERROR,1,0.47,30,False,ESCALATE_HUMAN
CASE_09153,CUST_09153,Mrs. Bonnie Mitchell,75000,FAILED,NETWORK_ERROR,3,0.39,15,False,STOP
CASE_09154,CUST_09154,Jeffrey Ross,1499,FAILED,CARD_DECLINED,0,0.5,45,False,ESCALATE_HUMAN
CASE_09155,CUST_09155,Leonard Mcclain,4999,ABANDONED,NONE,0,0.73,5,True,SEND_PAYMENT_LINK
CASE_09156,CUST_09156,Michael Garcia,4999,FAILED,CARD_DECLINED,2,0.25,20,False,SEND_PAYMENT_LINK
CASE_09157,CUST_09157,David Young MD,15000,FAILED,BANK_ERROR,3,0.73,20,False,STOP
CASE_09158,CUST_09158,Ashley Diaz,1499,FAILED,TIMEOUT,3,0.52,30,False,STOP
CASE_09159,CUST_09159,William Salazar,100000,ABANDONED,NONE,3,0.97,5,True,STOP
CASE_09160,CUST_09160,Alan Hunt,100000,ABANDONED,NONE,0,0.63,0,True,ESCALATE_HUMAN
CASE_09161,CUST_09161,Jennifer Smith,50000,FAILED,INSUFFICIENT_FUNDS,3,0.41,20,False,STOP
CASE_09162,CUST_09162,Adrienne Vega,25000,FAILED,BANK_ERROR,0,0.49,30,False,ESCALATE_HUMAN
CASE_09163,CUST_09163,Michael Sullivan,4999,FAILED,NETWORK_ERROR,1,0.98,0,False,RETRY_PAYMENT
CASE_09164,CUST_09164,Tiffany Bennett,9999,FAILED,TIMEOUT,1,0.39,10,False,SEND_PAYMENT_LINK
CASE_09165,CUST_09165,Nathan Buchanan,25000,ABANDONED,NONE,3,0.35,15,True,STOP
CASE_09166,CUST_09166,Kristy Solomon,999,FAILED,CARD_DECLINED,0,0.69,20,False,SEND_PAYMENT_LINK
CASE_09167,CUST_09167,William Davies,9999,FAILED,BANK_ERROR,1,0.66,0,False,RETRY_PAYMENT
CASE_09168,CUST_09168,Christopher Reeves,7999,ABANDONED,NONE,1,0.41,20,True,SEND_PAYMENT_LINK
CASE_09169,CUST_09169,Alexis Wade,2499,FAILED,NETWORK_ERROR,1,0.85,45,False,ESCALATE_HUMAN
CASE_09170,CUST_09170,Rachel Flores,7999,FAILED,TIMEOUT,3,0.31,10,False,STOP
CASE_09171,CUST_09171,Jimmy Coffey IV,2499,FAILED,CARD_DECLINED,0,0.22,45,False,ESCALATE_HUMAN
CASE_09172,CUST_09172,Devon Johnson,9999,ABANDONED,NONE,1,0.83,10,True,SEND_PAYMENT_LINK
CASE_09173,CUST_09173,James Carpenter,75000,FAILED,TIMEOUT,2,0.25,10,False,ESCALATE_HUMAN
CASE_09174,CUST_09174,Joanna Hudson,50000,FAILED,INSUFFICIENT_FUNDS,3,0.8,15,False,STOP
CASE_09175,CUST_09175,Kristen Alvarez,100000,ABANDONED,NONE,2,0.42,10,True,ESCALATE_HUMAN
CASE_09176,CUST_09176,Luis Mccoy,7999,FAILED,NETWORK_ERROR,2,0.69,20,False,RETRY_PAYMENT
CASE_09177,CUST_09177,Kendra Carr,499,ABANDONED,NONE,3,0.78,30,True,STOP
CASE_09178,CUST_09178,Kathleen Wolf,15000,FAILED,BANK_ERROR,1,0.31,20,False,SEND_PAYMENT_LINK
CASE_09179,CUST_09179,Mark Aguirre,4999,ABANDONED,NONE,0,0.8,15,True,SEND_PAYMENT_LINK
CASE_09180,CUST_09180,Mark Joseph,2499,FAILED,TIMEOUT,0,0.32,0,False,SEND_PAYMENT_LINK
CASE_09181,CUST_09181,Steven White,1499,ABANDONED,NONE,2,0.79,30,True,ESCALATE_HUMAN
CASE_09182,CUST_09182,Elizabeth Martin,9999,ABANDONED,NONE,3,0.76,5,True,STOP
CASE_09183,CUST_09183,David Reid,25000,FAILED,INSUFFICIENT_FUNDS,0,0.4,5,False,SEND_PAYMENT_LINK
CASE_09184,CUST_09184,Jasmine Harris,25000,ABANDONED,NONE,0,0.29,20,True,SEND_PAYMENT_LINK
CASE_09185,CUST_09185,Charles Smith,25000,FAILED,BANK_ERROR,0,0.6,0,False,RETRY_PAYMENT
CASE_09186,CUST_09186,Teresa Wallace,9999,FAILED,INSUFFICIENT_FUNDS,2,0.62,15,False,SEND_PAYMENT_LINK
CASE_09187,CUST_09187,Michele Combs,50000,FAILED,CARD_DECLINED,1,0.89,10,False,ESCALATE_HUMAN
CASE_09188,CUST_09188,Caleb Taylor,7999,ABANDONED,NONE,2,0.35,0,True,SEND_PAYMENT_LINK
CASE_09189,CUST_09189,Tiffany Miller,1499,FAILED,INSUFFICIENT_FUNDS,2,0.42,0,False,SEND_PAYMENT_LINK
CASE_09190,CUST_09190,William Henry,2499,FAILED,TIMEOUT,3,0.52,5,False,STOP
CASE_09191,CUST_09191,Meghan Baldwin,2499,FAILED,BANK_ERROR,0,0.45,15,False,SEND_PAYMENT_LINK
CASE_09192,CUST_09192,Anthony Olson,50000,FAILED,NETWORK_ERROR,0,0.48,20,False,SEND_PAYMENT_LINK
CASE_09193,CUST_09193,Amy Abbott,50000,FAILED,TIMEOUT,0,0.87,5,False,RETRY_PAYMENT
CASE_09194,CUST_09194,George Hill,9999,FAILED,TIMEOUT,1,0.62,30,False,ESCALATE_HUMAN
CASE_09195,CUST_09195,Heather Baker,4999,FAILED,CARD_DECLINED,0,0.25,5,False,SEND_PAYMENT_LINK
CASE_09196,CUST_09196,Pamela Tapia,499,ABANDONED,NONE,1,0.87,0,True,SEND_PAYMENT_LINK
CASE_09197,CUST_09197,Jennifer Valentine,999,FAILED,INSUFFICIENT_FUNDS,1,0.64,45,False,ESCALATE_HUMAN
CASE_09198,CUST_09198,David Tucker,50000,ABANDONED,NONE,1,0.6,5,True,SEND_PAYMENT_LINK
CASE_09199,CUST_09199,Dr. Erin Gallegos,499,FAILED,CARD_DECLINED,2,0.25,0,False,SEND_PAYMENT_LINK
CASE_09200,CUST_09200,Francisco Smith,999,FAILED,TIMEOUT,2,0.51,0,False,RETRY_PAYMENT
CASE_09201,CUST_09201,Adam Williams,2499,FAILED,CARD_DECLINED,0,0.32,20,False,SEND_PAYMENT_LINK
CASE_09202,CUST_09202,Carrie Price,499,FAILED,CARD_DECLINED,2,0.8,45,False,ESCALATE_HUMAN
CASE_09203,CUST_09203,Monica Powell,50000,ABANDONED,NONE,2,0.41,45,True,ESCALATE_HUMAN
CASE_09204,CUST_09204,Laura Bradshaw,999,FAILED,INSUFFICIENT_FUNDS,0,0.68,5,False,SEND_PAYMENT_LINK
CASE_09205,CUST_09205,Melanie Lewis,25000,ABANDONED,NONE,2,0.99,30,True,ESCALATE_HUMAN
CASE_09206,CUST_09206,Victor Winters,999,FAILED,NETWORK_ERROR,0,0.75,15,False,RETRY_PAYMENT
CASE_09207,CUST_09207,Theresa Carroll,4999,ABANDONED,NONE,2,0.62,0,True,SEND_PAYMENT_LINK
CASE_09208,CUST_09208,Samuel Barber,7999,ABANDONED,NONE,3,0.32,0,True,STOP
CASE_09209,CUST_09209,James Lindsey,100000,FAILED,INSUFFICIENT_FUNDS,3,1.0,10,False,STOP
CASE_09210,CUST_09210,Dr. Lawrence Hodges DDS,4999,ABANDONED,NONE,0,0.49,0,True,SEND_PAYMENT_LINK
CASE_09211,CUST_09211,Ryan Joseph,1499,FAILED,INSUFFICIENT_FUNDS,0,0.53,15,False,SEND_PAYMENT_LINK
CASE_09212,CUST_09212,Sean Chavez,9999,ABANDONED,NONE,0,0.88,15,True,SEND_PAYMENT_LINK
CASE_09213,CUST_09213,Michael Brady,499,FAILED,CARD_DECLINED,0,0.87,15,False,SEND_PAYMENT_LINK
CASE_09214,CUST_09214,Steven Blake,75000,FAILED,NETWORK_ERROR,3,0.46,45,False,STOP
CASE_09215,CUST_09215,Diane Ramirez,50000,FAILED,NETWORK_ERROR,1,0.67,10,False,RETRY_PAYMENT
CASE_09216,CUST_09216,Patrick Knox,2499,ABANDONED,NONE,1,0.9,0,True,SEND_PAYMENT_LINK
CASE_09217,CUST_09217,John Hughes,100000,FAILED,INSUFFICIENT_FUNDS,1,0.27,20,False,ESCALATE_HUMAN
CASE_09218,CUST_09218,Kimberly Chapman,499,FAILED,TIMEOUT,1,0.56,10,False,RETRY_PAYMENT
CASE_09219,CUST_09219,Amy Mccoy,4999,FAILED,INSUFFICIENT_FUNDS,1,0.33,0,False,SEND_PAYMENT_LINK
CASE_09220,CUST_09220,Alex Black,999,FAILED,BANK_ERROR,3,0.72,0,False,STOP
CASE_09221,CUST_09221,Stephanie Mclaughlin,2499,ABANDONED,NONE,3,0.35,45,True,STOP
CASE_09222,CUST_09222,Tami Arnold,999,FAILED,BANK_ERROR,0,0.69,45,False,ESCALATE_HUMAN
CASE_09223,CUST_09223,Thomas Lee,2499,FAILED,INSUFFICIENT_FUNDS,2,0.98,5,False,SEND_PAYMENT_LINK
CASE_09224,CUST_09224,Daniel Ortiz,15000,FAILED,BANK_ERROR,2,0.51,5,False,SEND_PAYMENT_LINK
CASE_09225,CUST_09225,Tiffany Johnson,1499,ABANDONED,NONE,2,0.71,15,True,SEND_PAYMENT_LINK
CASE_09226,CUST_09226,Dr. Mary Ruiz,9999,FAILED,NETWORK_ERROR,3,0.53,45,False,STOP
CASE_09227,CUST_09227,Susan Conner,499,FAILED,CARD_DECLINED,0,0.23,15,False,SEND_PAYMENT_LINK
CASE_09228,CUST_09228,Daniel Cox,25000,FAILED,BANK_ERROR,0,0.46,15,False,SEND_PAYMENT_LINK
CASE_09229,CUST_09229,Brandi Collins,499,FAILED,INSUFFICIENT_FUNDS,2,0.38,45,False,ESCALATE_HUMAN
CASE_09230,CUST_09230,Michael Esparza,100000,FAILED,NETWORK_ERROR,0,0.65,0,False,ESCALATE_HUMAN
CASE_09231,CUST_09231,Christopher White,15000,ABANDONED,NONE,2,0.7,0,True,SEND_PAYMENT_LINK
CASE_09232,CUST_09232,Jeffrey Leon,4999,FAILED,INSUFFICIENT_FUNDS,0,0.96,10,False,SEND_PAYMENT_LINK
CASE_09233,CUST_09233,Elaine Turner,9999,ABANDONED,NONE,0,0.91,15,True,SEND_PAYMENT_LINK
CASE_09234,CUST_09234,Rebecca Cole,4999,FAILED,NETWORK_ERROR,0,0.23,20,False,SEND_PAYMENT_LINK
CASE_09235,CUST_09235,Keith Clark,7999,ABANDONED,NONE,1,0.93,20,True,SEND_PAYMENT_LINK
CASE_09236,CUST_09236,Mary Brown,9999,FAILED,INSUFFICIENT_FUNDS,2,0.73,5,False,SEND_PAYMENT_LINK
CASE_09237,CUST_09237,Bobby Wong,75000,ABANDONED,NONE,1,0.6,30,True,ESCALATE_HUMAN
CASE_09238,CUST_09238,Cassidy Ward,9999,ABANDONED,NONE,2,0.68,15,True,SEND_PAYMENT_LINK
CASE_09239,CUST_09239,Mike Lee,50000,FAILED,BANK_ERROR,1,0.42,0,False,SEND_PAYMENT_LINK
CASE_09240,CUST_09240,Randy Robinson,2499,FAILED,NETWORK_ERROR,1,0.35,20,False,SEND_PAYMENT_LINK
CASE_09241,CUST_09241,Melissa Taylor,4999,FAILED,CARD_DECLINED,0,0.62,20,False,SEND_PAYMENT_LINK
CASE_09242,CUST_09242,Gary Macias,999,FAILED,NETWORK_ERROR,1,0.64,5,False,RETRY_PAYMENT
CASE_09243,CUST_09243,Jessica Black,100000,FAILED,CARD_DECLINED,0,0.73,5,False,ESCALATE_HUMAN
CASE_09244,CUST_09244,Cassandra Sullivan MD,2499,FAILED,INSUFFICIENT_FUNDS,0,0.7,0,False,SEND_PAYMENT_LINK
CASE_09245,CUST_09245,Nicole Gardner,75000,FAILED,INSUFFICIENT_FUNDS,3,0.29,0,False,STOP
CASE_09246,CUST_09246,Robert Adams,15000,FAILED,BANK_ERROR,3,0.61,30,False,STOP
CASE_09247,CUST_09247,Austin Rhodes,2499,FAILED,INSUFFICIENT_FUNDS,3,0.98,5,False,STOP
CASE_09248,CUST_09248,Diana Vaughan,15000,FAILED,BANK_ERROR,1,0.82,0,False,RETRY_PAYMENT
CASE_09249,CUST_09249,Shawn Bender,15000,ABANDONED,NONE,0,0.69,20,True,SEND_PAYMENT_LINK
CASE_09250,CUST_09250,Raymond Zimmerman,25000,FAILED,BANK_ERROR,2,0.62,15,False,SEND_PAYMENT_LINK
CASE_09251,CUST_09251,Valerie Logan,25000,FAILED,BANK_ERROR,0,0.37,15,False,SEND_PAYMENT_LINK
CASE_09252,CUST_09252,Justin Stephens,100000,ABANDONED,NONE,2,0.21,30,True,ESCALATE_HUMAN
CASE_09253,CUST_09253,Paul Wade,4999,ABANDONED,NONE,2,0.22,30,True,ESCALATE_HUMAN
CASE_09254,CUST_09254,Michaela Taylor,2499,ABANDONED,NONE,1,0.66,20,True,SEND_PAYMENT_LINK
CASE_09255,CUST_09255,Kathy Owens,999,ABANDONED,NONE,2,0.53,30,True,ESCALATE_HUMAN
CASE_09256,CUST_09256,Nicole Palmer,15000,FAILED,NETWORK_ERROR,0,0.61,5,False,SEND_PAYMENT_LINK
CASE_09257,CUST_09257,Christopher Garza,4999,FAILED,INSUFFICIENT_FUNDS,0,0.27,0,False,SEND_PAYMENT_LINK
CASE_09258,CUST_09258,Isaiah Jimenez,50000,FAILED,INSUFFICIENT_FUNDS,2,0.45,0,False,ESCALATE_HUMAN
CASE_09259,CUST_09259,Amber Daniel,7999,FAILED,CARD_DECLINED,3,0.39,45,False,STOP
CASE_09260,CUST_09260,Theresa Lopez PhD,4999,FAILED,TIMEOUT,3,0.88,0,False,STOP
CASE_09261,CUST_09261,Jeanne Snow,75000,ABANDONED,NONE,0,0.91,20,True,ESCALATE_HUMAN
CASE_09262,CUST_09262,Alice Harvey,4999,FAILED,INSUFFICIENT_FUNDS,2,0.46,5,False,SEND_PAYMENT_LINK
CASE_09263,CUST_09263,Denise Mclaughlin,15000,FAILED,BANK_ERROR,0,0.28,15,False,SEND_PAYMENT_LINK
CASE_09264,CUST_09264,Mr. Michael Gonzalez,9999,FAILED,INSUFFICIENT_FUNDS,3,0.95,0,False,STOP
CASE_09265,CUST_09265,Anita Newman,9999,FAILED,TIMEOUT,2,0.9,5,False,RETRY_PAYMENT
CASE_09266,CUST_09266,Joshua Parker,2499,ABANDONED,NONE,3,0.92,45,True,STOP
CASE_09267,CUST_09267,Mr. Derrick Riley II,4999,FAILED,CARD_DECLINED,0,0.36,0,False,SEND_PAYMENT_LINK
CASE_09268,CUST_09268,Patrick Hughes,75000,ABANDONED,NONE,0,0.21,0,True,ESCALATE_HUMAN
CASE_09269,CUST_09269,Ariel Johnson,15000,FAILED,CARD_DECLINED,2,0.59,0,False,SEND_PAYMENT_LINK
CASE_09270,CUST_09270,Sherry Ruiz,75000,FAILED,INSUFFICIENT_FUNDS,0,0.45,15,False,ESCALATE_HUMAN
CASE_09271,CUST_09271,James Munoz,999,FAILED,CARD_DECLINED,2,0.46,5,False,SEND_PAYMENT_LINK
CASE_09272,CUST_09272,Nicholas Mendoza,25000,ABANDONED,NONE,1,0.51,0,True,SEND_PAYMENT_LINK
CASE_09273,CUST_09273,Corey Hodges,15000,FAILED,CARD_DECLINED,3,0.54,0,False,STOP
CASE_09274,CUST_09274,Jill Jimenez,25000,FAILED,CARD_DECLINED,2,0.39,45,False,ESCALATE_HUMAN
CASE_09275,CUST_09275,Cassie Macdonald,25000,FAILED,NETWORK_ERROR,2,0.62,30,False,ESCALATE_HUMAN
CASE_09276,CUST_09276,Miranda Martin,100000,FAILED,BANK_ERROR,0,0.86,0,False,ESCALATE_HUMAN
CASE_09277,CUST_09277,Joshua Wilson,15000,FAILED,INSUFFICIENT_FUNDS,3,0.42,15,False,STOP
CASE_09278,CUST_09278,Matthew Alvarado,499,FAILED,TIMEOUT,0,0.5,0,False,RETRY_PAYMENT
CASE_09279,CUST_09279,Brenda Walker,100000,FAILED,CARD_DECLINED,0,0.61,45,False,ESCALATE_HUMAN
CASE_09280,CUST_09280,Mary Mccall,15000,FAILED,BANK_ERROR,0,0.22,30,False,ESCALATE_HUMAN
CASE_09281,CUST_09281,Sydney Riddle,75000,ABANDONED,NONE,1,0.77,0,True,ESCALATE_HUMAN
CASE_09282,CUST_09282,Jean Olsen MD,15000,FAILED,BANK_ERROR,1,0.83,5,False,RETRY_PAYMENT
CASE_09283,CUST_09283,Ryan Torres,9999,FAILED,TIMEOUT,2,0.86,0,False,RETRY_PAYMENT
CASE_09284,CUST_09284,Angela Berger,75000,ABANDONED,NONE,0,0.47,0,True,ESCALATE_HUMAN
CASE_09285,CUST_09285,Brandi Stephens,4999,ABANDONED,NONE,1,0.49,15,True,SEND_PAYMENT_LINK
CASE_09286,CUST_09286,Jessica Sandoval,1499,FAILED,NETWORK_ERROR,2,0.41,5,False,SEND_PAYMENT_LINK
CASE_09287,CUST_09287,Alexander Perez,499,FAILED,BANK_ERROR,3,0.91,10,False,STOP
CASE_09288,CUST_09288,Jeffrey Smith,7999,FAILED,BANK_ERROR,2,0.85,20,False,RETRY_PAYMENT
CASE_09289,CUST_09289,Lori Barber,4999,FAILED,NETWORK_ERROR,0,0.71,0,False,SEND_PAYMENT_LINK
CASE_09290,CUST_09290,James Coleman,50000,ABANDONED,NONE,1,0.57,0,True,SEND_PAYMENT_LINK
CASE_09291,CUST_09291,Mark Kennedy,100000,FAILED,TIMEOUT,2,0.72,5,False,ESCALATE_HUMAN
CASE_09292,CUST_09292,Jennifer Shepherd,999,ABANDONED,NONE,2,0.27,0,True,SEND_PAYMENT_LINK
CASE_09293,CUST_09293,Joy Faulkner,50000,FAILED,BANK_ERROR,3,0.49,10,False,STOP
CASE_09294,CUST_09294,Deborah Jones,100000,FAILED,BANK_ERROR,2,0.94,0,False,ESCALATE_HUMAN
CASE_09295,CUST_09295,Charlotte Brown,9999,FAILED,TIMEOUT,3,0.3,0,False,STOP
CASE_09296,CUST_09296,Kelly Paul,1499,FAILED,CARD_DECLINED,2,0.36,30,False,ESCALATE_HUMAN
CASE_09297,CUST_09297,Emily Brennan,50000,FAILED,CARD_DECLINED,2,0.94,10,False,SEND_PAYMENT_LINK
CASE_09298,CUST_09298,Leslie Lee,25000,FAILED,BANK_ERROR,2,0.25,30,False,ESCALATE_HUMAN
CASE_09299,CUST_09299,Timothy Miller,4999,ABANDONED,NONE,2,0.34,10,True,SEND_PAYMENT_LINK
CASE_09300,CUST_09300,James Reid,50000,ABANDONED,NONE,3,0.48,15,True,STOP
CASE_09301,CUST_09301,Timothy Gross,7999,FAILED,BANK_ERROR,2,1.0,5,False,RETRY_PAYMENT
CASE_09302,CUST_09302,Mr. Isaiah Williams,25000,FAILED,NETWORK_ERROR,3,0.53,15,False,STOP
CASE_09303,CUST_09303,Kelly Ford,15000,FAILED,BANK_ERROR,0,0.79,0,False,RETRY_PAYMENT
CASE_09304,CUST_09304,Robert Green,1499,FAILED,TIMEOUT,1,0.38,45,False,ESCALATE_HUMAN
CASE_09305,CUST_09305,Christopher Weaver,15000,FAILED,BANK_ERROR,2,0.34,10,False,SEND_PAYMENT_LINK
CASE_09306,CUST_09306,Ashley Foster,4999,FAILED,INSUFFICIENT_FUNDS,2,0.74,15,False,SEND_PAYMENT_LINK
CASE_09307,CUST_09307,Keith Johnson,15000,FAILED,CARD_DECLINED,1,0.69,45,False,ESCALATE_HUMAN
CASE_09308,CUST_09308,Carla Williams,2499,FAILED,INSUFFICIENT_FUNDS,1,0.5,10,False,SEND_PAYMENT_LINK
CASE_09309,CUST_09309,Steve Smith,2499,FAILED,CARD_DECLINED,1,0.95,5,False,SEND_PAYMENT_LINK
CASE_09310,CUST_09310,Joshua Mccormick,7999,FAILED,TIMEOUT,2,0.25,5,False,SEND_PAYMENT_LINK
CASE_09311,CUST_09311,Jennifer Hicks,75000,FAILED,NETWORK_ERROR,3,0.96,0,False,STOP
CASE_09312,CUST_09312,Jared Hardin,9999,FAILED,INSUFFICIENT_FUNDS,3,0.28,15,False,STOP
CASE_09313,CUST_09313,Amanda Collier,15000,FAILED,NETWORK_ERROR,0,0.21,0,False,SEND_PAYMENT_LINK
CASE_09314,CUST_09314,Jordan Parks,75000,FAILED,TIMEOUT,1,0.86,0,False,ESCALATE_HUMAN
CASE_09315,CUST_09315,Linda Hubbard,1499,FAILED,BANK_ERROR,1,0.67,15,False,RETRY_PAYMENT
CASE_09316,CUST_09316,Katie Gentry,999,ABANDONED,NONE,1,0.31,0,True,SEND_PAYMENT_LINK
CASE_09317,CUST_09317,John Wilson,25000,FAILED,INSUFFICIENT_FUNDS,0,0.41,0,False,SEND_PAYMENT_LINK
CASE_09318,CUST_09318,Robyn Shaffer,1499,ABANDONED,NONE,1,0.7,20,True,SEND_PAYMENT_LINK
CASE_09319,CUST_09319,Jocelyn Harrison,100000,FAILED,TIMEOUT,2,0.41,5,False,ESCALATE_HUMAN
CASE_09320,CUST_09320,Christopher Young,15000,FAILED,INSUFFICIENT_FUNDS,0,0.41,0,False,SEND_PAYMENT_LINK
CASE_09321,CUST_09321,Brittany Cisneros,50000,ABANDONED,NONE,3,0.63,30,True,STOP
CASE_09322,CUST_09322,Clinton Mclean,15000,FAILED,TIMEOUT,0,0.71,0,False,RETRY_PAYMENT
CASE_09323,CUST_09323,Steven Reyes,9999,FAILED,BANK_ERROR,1,0.93,20,False,RETRY_PAYMENT
CASE_09324,CUST_09324,Adam Mcgee,2499,FAILED,INSUFFICIENT_FUNDS,2,0.53,0,False,SEND_PAYMENT_LINK
CASE_09325,CUST_09325,Donald Campos,2499,FAILED,NETWORK_ERROR,1,0.27,15,False,SEND_PAYMENT_LINK
CASE_09326,CUST_09326,Raymond Oconnor,15000,FAILED,CARD_DECLINED,3,0.4,5,False,STOP
CASE_09327,CUST_09327,Jesse Franklin,100000,FAILED,INSUFFICIENT_FUNDS,2,0.47,0,False,ESCALATE_HUMAN
CASE_09328,CUST_09328,David Mills,15000,ABANDONED,NONE,3,0.71,0,True,STOP
CASE_09329,CUST_09329,Michelle Young,75000,ABANDONED,NONE,0,0.9,5,True,ESCALATE_HUMAN
CASE_09330,CUST_09330,Susan Smith,7999,ABANDONED,NONE,2,0.22,5,True,SEND_PAYMENT_LINK
CASE_09331,CUST_09331,Cathy Diaz,499,ABANDONED,NONE,0,0.68,15,True,SEND_PAYMENT_LINK
CASE_09332,CUST_09332,Alyssa Ryan,499,ABANDONED,NONE,3,0.6,20,True,STOP
CASE_09333,CUST_09333,Adriana Johnson,50000,FAILED,CARD_DECLINED,0,1.0,0,False,SEND_PAYMENT_LINK
CASE_09334,CUST_09334,Christine Nelson,75000,FAILED,CARD_DECLINED,3,0.42,0,False,STOP
CASE_09335,CUST_09335,Kristina Ingram,1499,FAILED,TIMEOUT,0,0.23,10,False,SEND_PAYMENT_LINK
CASE_09336,CUST_09336,Heather Martin,999,FAILED,INSUFFICIENT_FUNDS,0,0.6,15,False,SEND_PAYMENT_LINK
CASE_09337,CUST_09337,Samantha Mckay,25000,ABANDONED,NONE,1,0.92,30,True,ESCALATE_HUMAN
CASE_09338,CUST_09338,Darren Watson,2499,FAILED,BANK_ERROR,1,0.33,30,False,ESCALATE_HUMAN
CASE_09339,CUST_09339,Michael Jefferson,499,FAILED,CARD_DECLINED,3,0.53,20,False,STOP
CASE_09340,CUST_09340,Stephen Tran,25000,ABANDONED,NONE,2,0.85,10,True,SEND_PAYMENT_LINK
CASE_09341,CUST_09341,Lawrence Logan,2499,FAILED,TIMEOUT,3,0.33,0,False,STOP
CASE_09342,CUST_09342,Wanda Dunn,499,ABANDONED,NONE,2,0.89,0,True,SEND_PAYMENT_LINK
CASE_09343,CUST_09343,Erik Williamson,4999,FAILED,NETWORK_ERROR,1,0.83,20,False,RETRY_PAYMENT
CASE_09344,CUST_09344,Rebecca Ramos,100000,FAILED,INSUFFICIENT_FUNDS,1,0.26,15,False,ESCALATE_HUMAN
CASE_09345,CUST_09345,Debbie Terry,7999,ABANDONED,NONE,3,0.25,0,True,STOP
CASE_09346,CUST_09346,Joan Gates,2499,FAILED,BANK_ERROR,3,0.46,20,False,STOP
CASE_09347,CUST_09347,Madison Clark,499,FAILED,CARD_DECLINED,3,0.69,5,False,STOP
CASE_09348,CUST_09348,Shannon Lara,7999,FAILED,BANK_ERROR,2,0.92,5,False,RETRY_PAYMENT
CASE_09349,CUST_09349,Yvonne Hayes,999,FAILED,CARD_DECLINED,2,0.82,0,False,SEND_PAYMENT_LINK
CASE_09350,CUST_09350,Jennifer Mccoy,100000,FAILED,BANK_ERROR,2,0.77,45,False,ESCALATE_HUMAN
CASE_09351,CUST_09351,Kimberly Williams,9999,FAILED,NETWORK_ERROR,1,0.71,0,False,SEND_PAYMENT_LINK
CASE_09352,CUST_09352,Charles Parks,25000,FAILED,CARD_DECLINED,0,0.75,0,False,SEND_PAYMENT_LINK
CASE_09353,CUST_09353,Paul Johnson,75000,FAILED,INSUFFICIENT_FUNDS,0,0.84,10,False,ESCALATE_HUMAN
CASE_09354,CUST_09354,Patricia Lowe,100000,FAILED,INSUFFICIENT_FUNDS,0,0.49,0,False,ESCALATE_HUMAN
CASE_09355,CUST_09355,Dawn King,25000,FAILED,TIMEOUT,0,0.76,10,False,RETRY_PAYMENT
CASE_09356,CUST_09356,Sue Sandoval,15000,FAILED,BANK_ERROR,3,0.93,20,False,STOP
CASE_09357,CUST_09357,Fernando Richardson,4999,FAILED,BANK_ERROR,1,0.84,10,False,RETRY_PAYMENT
CASE_09358,CUST_09358,Emily White,15000,FAILED,INSUFFICIENT_FUNDS,2,0.75,0,False,SEND_PAYMENT_LINK
CASE_09359,CUST_09359,Denise Griffin,4999,FAILED,BANK_ERROR,3,0.21,10,False,STOP
CASE_09360,CUST_09360,Brett Mccoy,1499,FAILED,TIMEOUT,0,0.56,10,False,RETRY_PAYMENT
CASE_09361,CUST_09361,Debra Buck,75000,FAILED,CARD_DECLINED,3,0.62,15,False,STOP
CASE_09362,CUST_09362,Mark Morgan,75000,FAILED,NETWORK_ERROR,3,0.6,0,False,STOP
CASE_09363,CUST_09363,Manuel Mendoza,499,FAILED,CARD_DECLINED,0,0.33,10,False,SEND_PAYMENT_LINK
CASE_09364,CUST_09364,Brian Gutierrez,9999,ABANDONED,NONE,0,0.95,0,True,SEND_PAYMENT_LINK
CASE_09365,CUST_09365,James Nelson,25000,FAILED,CARD_DECLINED,3,0.2,0,False,STOP
CASE_09366,CUST_09366,Sean Acosta,50000,ABANDONED,NONE,0,0.69,5,True,SEND_PAYMENT_LINK
CASE_09367,CUST_09367,Caitlin Suarez,7999,FAILED,INSUFFICIENT_FUNDS,0,0.26,15,False,SEND_PAYMENT_LINK
CASE_09368,CUST_09368,Jared Snyder,75000,FAILED,BANK_ERROR,0,0.55,0,False,ESCALATE_HUMAN
CASE_09369,CUST_09369,Jeremy Mullins,75000,FAILED,BANK_ERROR,1,0.6,30,False,ESCALATE_HUMAN
CASE_09370,CUST_09370,Jennifer Moreno,499,ABANDONED,NONE,0,0.45,5,True,SEND_PAYMENT_LINK
CASE_09371,CUST_09371,Julie Wade,15000,ABANDONED,NONE,2,0.64,0,True,SEND_PAYMENT_LINK
CASE_09372,CUST_09372,Vicki Williams,7999,FAILED,NETWORK_ERROR,0,0.59,0,False,SEND_PAYMENT_LINK
CASE_09373,CUST_09373,Joshua Jackson,7999,FAILED,BANK_ERROR,1,0.22,5,False,SEND_PAYMENT_LINK
CASE_09374,CUST_09374,Miss Alyssa Ramos,1499,FAILED,NETWORK_ERROR,3,0.42,10,False,STOP
CASE_09375,CUST_09375,John Burke,999,FAILED,BANK_ERROR,0,0.94,15,False,RETRY_PAYMENT
CASE_09376,CUST_09376,Sarah Mckay,999,ABANDONED,NONE,1,0.69,45,True,ESCALATE_HUMAN
CASE_09377,CUST_09377,Troy Morgan,100000,FAILED,BANK_ERROR,1,0.53,20,False,ESCALATE_HUMAN
CASE_09378,CUST_09378,Gary Medina,2499,FAILED,INSUFFICIENT_FUNDS,2,0.91,0,False,SEND_PAYMENT_LINK
CASE_09379,CUST_09379,Cindy Clarke,50000,FAILED,BANK_ERROR,2,0.75,0,False,RETRY_PAYMENT
CASE_09380,CUST_09380,Chase Willis,2499,FAILED,INSUFFICIENT_FUNDS,3,0.71,5,False,STOP
CASE_09381,CUST_09381,Brenda Anderson,100000,ABANDONED,NONE,3,0.6,5,True,STOP
CASE_09382,CUST_09382,John Mccann,9999,FAILED,NETWORK_ERROR,1,0.46,10,False,SEND_PAYMENT_LINK
CASE_09383,CUST_09383,William Winters,7999,FAILED,BANK_ERROR,1,0.37,15,False,SEND_PAYMENT_LINK
CASE_09384,CUST_09384,Rebecca Conway,75000,FAILED,INSUFFICIENT_FUNDS,2,0.78,30,False,ESCALATE_HUMAN
CASE_09385,CUST_09385,Allison Davis,50000,FAILED,INSUFFICIENT_FUNDS,3,0.48,30,False,STOP
CASE_09386,CUST_09386,Derek Martin,15000,FAILED,CARD_DECLINED,1,1.0,5,False,SEND_PAYMENT_LINK
CASE_09387,CUST_09387,Lindsey Diaz,7999,FAILED,TIMEOUT,3,0.2,20,False,STOP
CASE_09388,CUST_09388,Timothy Blair,4999,FAILED,NETWORK_ERROR,2,0.27,5,False,SEND_PAYMENT_LINK
CASE_09389,CUST_09389,Ashley Washington,100000,FAILED,INSUFFICIENT_FUNDS,2,0.23,10,False,ESCALATE_HUMAN
CASE_09390,CUST_09390,Lori Gillespie,4999,ABANDONED,NONE,1,0.21,30,True,ESCALATE_HUMAN
CASE_09391,CUST_09391,Ashley Gill,7999,FAILED,TIMEOUT,3,0.36,30,False,STOP
CASE_09392,CUST_09392,Jenna Ford,75000,FAILED,BANK_ERROR,2,0.66,10,False,ESCALATE_HUMAN
CASE_09393,CUST_09393,Chad Riley,999,FAILED,INSUFFICIENT_FUNDS,1,0.5,20,False,SEND_PAYMENT_LINK
CASE_09394,CUST_09394,Tammy Bell,2499,ABANDONED,NONE,2,0.33,0,True,SEND_PAYMENT_LINK
CASE_09395,CUST_09395,Melanie Walton,100000,FAILED,BANK_ERROR,3,0.96,10,False,STOP
CASE_09396,CUST_09396,Todd Burke,75000,FAILED,INSUFFICIENT_FUNDS,1,0.51,20,False,ESCALATE_HUMAN
CASE_09397,CUST_09397,Rebecca Hall,25000,ABANDONED,NONE,3,0.58,10,True,STOP
CASE_09398,CUST_09398,Robert Hernandez,9999,ABANDONED,NONE,1,0.51,45,True,ESCALATE_HUMAN
CASE_09399,CUST_09399,James Daniels,9999,FAILED,TIMEOUT,0,0.75,5,False,RETRY_PAYMENT
CASE_09400,CUST_09400,Andre Caldwell,2499,FAILED,NETWORK_ERROR,1,0.85,30,False,ESCALATE_HUMAN
CASE_09401,CUST_09401,Zachary Thomas,499,FAILED,NETWORK_ERROR,3,0.3,20,False,STOP
CASE_09402,CUST_09402,Lauren Ortega,999,FAILED,CARD_DECLINED,2,0.7,45,False,ESCALATE_HUMAN
CASE_09403,CUST_09403,Kathleen Pierce,7999,FAILED,INSUFFICIENT_FUNDS,3,0.48,0,False,STOP
CASE_09404,CUST_09404,Joseph Wiggins,9999,FAILED,BANK_ERROR,2,0.67,15,False,SEND_PAYMENT_LINK
CASE_09405,CUST_09405,Jeffrey Martinez,1499,ABANDONED,NONE,0,0.86,45,True,ESCALATE_HUMAN
CASE_09406,CUST_09406,David Martinez,1499,FAILED,CARD_DECLINED,3,0.65,20,False,STOP
CASE_09407,CUST_09407,Aaron Ortiz,999,FAILED,TIMEOUT,0,0.65,20,False,RETRY_PAYMENT
CASE_09408,CUST_09408,Mary Koch,75000,FAILED,CARD_DECLINED,1,0.7,5,False,ESCALATE_HUMAN
CASE_09409,CUST_09409,Bailey Snow,1499,FAILED,NETWORK_ERROR,0,0.93,45,False,ESCALATE_HUMAN
CASE_09410,CUST_09410,Katelyn Ryan,7999,FAILED,NETWORK_ERROR,0,0.35,5,False,SEND_PAYMENT_LINK
CASE_09411,CUST_09411,James Henry,4999,ABANDONED,NONE,0,0.26,0,True,SEND_PAYMENT_LINK
CASE_09412,CUST_09412,Katelyn Grant,1499,ABANDONED,NONE,1,0.22,0,True,SEND_PAYMENT_LINK
CASE_09413,CUST_09413,Katherine Alvarez,2499,FAILED,CARD_DECLINED,2,0.76,0,False,SEND_PAYMENT_LINK
CASE_09414,CUST_09414,Leah Carter,100000,FAILED,CARD_DECLINED,1,0.99,0,False,ESCALATE_HUMAN
CASE_09415,CUST_09415,Steven Lyons,15000,FAILED,BANK_ERROR,1,0.24,5,False,SEND_PAYMENT_LINK
CASE_09416,CUST_09416,Annette Brown,2499,FAILED,CARD_DECLINED,1,0.38,45,False,ESCALATE_HUMAN
CASE_09417,CUST_09417,Larry Gonzalez,50000,FAILED,TIMEOUT,0,0.76,5,False,RETRY_PAYMENT
CASE_09418,CUST_09418,Luke Smith,75000,ABANDONED,NONE,3,0.94,5,True,STOP
CASE_09419,CUST_09419,William Mitchell,25000,ABANDONED,NONE,1,0.55,30,True,ESCALATE_HUMAN
CASE_09420,CUST_09420,Christina Anderson,9999,ABANDONED,NONE,1,0.4,0,True,SEND_PAYMENT_LINK
CASE_09421,CUST_09421,Shelby Alvarado,75000,FAILED,BANK_ERROR,1,0.67,20,False,ESCALATE_HUMAN
CASE_09422,CUST_09422,Daniel Watkins,9999,FAILED,TIMEOUT,2,0.4,10,False,SEND_PAYMENT_LINK
CASE_09423,CUST_09423,Maria Tyler MD,25000,ABANDONED,NONE,2,0.57,5,True,SEND_PAYMENT_LINK
CASE_09424,CUST_09424,Christina Chen,499,ABANDONED,NONE,1,0.86,20,True,SEND_PAYMENT_LINK
CASE_09425,CUST_09425,Henry Hernandez,25000,FAILED,INSUFFICIENT_FUNDS,2,0.85,0,False,SEND_PAYMENT_LINK
CASE_09426,CUST_09426,Linda Ramirez,50000,ABANDONED,NONE,1,0.24,45,True,ESCALATE_HUMAN
CASE_09427,CUST_09427,Marc Garcia,999,FAILED,BANK_ERROR,0,0.81,45,False,ESCALATE_HUMAN
CASE_09428,CUST_09428,Kevin Solis,4999,FAILED,BANK_ERROR,0,1.0,0,False,RETRY_PAYMENT
CASE_09429,CUST_09429,Wanda Gill,50000,FAILED,TIMEOUT,3,0.67,5,False,STOP
CASE_09430,CUST_09430,Pamela Dean,2499,FAILED,INSUFFICIENT_FUNDS,0,1.0,10,False,SEND_PAYMENT_LINK
CASE_09431,CUST_09431,Nicole Schwartz,50000,FAILED,TIMEOUT,2,0.43,0,False,SEND_PAYMENT_LINK
CASE_09432,CUST_09432,Andre Carrillo,15000,FAILED,CARD_DECLINED,1,0.66,0,False,SEND_PAYMENT_LINK
CASE_09433,CUST_09433,Roberto Vargas,1499,FAILED,INSUFFICIENT_FUNDS,0,0.84,20,False,SEND_PAYMENT_LINK
CASE_09434,CUST_09434,Casey Hudson,999,ABANDONED,NONE,1,0.98,20,True,SEND_PAYMENT_LINK
CASE_09435,CUST_09435,Rachel Miranda,1499,FAILED,TIMEOUT,2,0.99,0,False,RETRY_PAYMENT
CASE_09436,CUST_09436,Katherine Robbins,75000,ABANDONED,NONE,1,0.31,45,True,ESCALATE_HUMAN
CASE_09437,CUST_09437,Aaron Thomas,999,FAILED,NETWORK_ERROR,0,0.98,15,False,RETRY_PAYMENT
CASE_09438,CUST_09438,Rodney Brennan,15000,FAILED,TIMEOUT,0,0.39,20,False,SEND_PAYMENT_LINK
CASE_09439,CUST_09439,Christy Day,1499,FAILED,NETWORK_ERROR,2,0.68,0,False,SEND_PAYMENT_LINK
CASE_09440,CUST_09440,Anna Torres,1499,FAILED,CARD_DECLINED,1,0.62,0,False,SEND_PAYMENT_LINK
CASE_09441,CUST_09441,Chad Bass,9999,FAILED,INSUFFICIENT_FUNDS,3,0.61,0,False,STOP
CASE_09442,CUST_09442,William Tanner,9999,FAILED,INSUFFICIENT_FUNDS,3,0.53,45,False,STOP
CASE_09443,CUST_09443,Russell Miller,4999,ABANDONED,NONE,0,0.86,0,True,SEND_PAYMENT_LINK
CASE_09444,CUST_09444,Mary Gray,75000,FAILED,TIMEOUT,0,0.91,0,False,ESCALATE_HUMAN
CASE_09445,CUST_09445,Jason Hansen,7999,FAILED,TIMEOUT,0,0.64,45,False,ESCALATE_HUMAN
CASE_09446,CUST_09446,Bryan Wilson,999,FAILED,TIMEOUT,0,0.43,0,False,SEND_PAYMENT_LINK
CASE_09447,CUST_09447,Jared Caldwell,1499,FAILED,INSUFFICIENT_FUNDS,1,0.91,20,False,SEND_PAYMENT_LINK
CASE_09448,CUST_09448,James Maddox,25000,FAILED,CARD_DECLINED,0,0.28,10,False,SEND_PAYMENT_LINK
CASE_09449,CUST_09449,Jeffrey Sanders,499,FAILED,BANK_ERROR,1,0.47,5,False,SEND_PAYMENT_LINK
CASE_09450,CUST_09450,Thomas Hamilton,999,ABANDONED,NONE,3,0.85,20,True,STOP
CASE_09451,CUST_09451,Gloria Palmer,499,FAILED,NETWORK_ERROR,0,0.52,0,False,RETRY_PAYMENT
CASE_09452,CUST_09452,Jason Evans,75000,FAILED,NETWORK_ERROR,3,0.97,45,False,STOP
CASE_09453,CUST_09453,Amy Walsh,999,FAILED,CARD_DECLINED,1,0.45,30,False,ESCALATE_HUMAN
CASE_09454,CUST_09454,Deanna Sullivan DVM,100000,FAILED,INSUFFICIENT_FUNDS,0,0.21,10,False,ESCALATE_HUMAN
CASE_09455,CUST_09455,Jenny Yang,15000,FAILED,TIMEOUT,0,0.35,45,False,ESCALATE_HUMAN
CASE_09456,CUST_09456,Tracy Delgado,1499,FAILED,BANK_ERROR,0,0.76,10,False,RETRY_PAYMENT
CASE_09457,CUST_09457,Stephanie Haley,25000,FAILED,INSUFFICIENT_FUNDS,0,0.86,10,False,SEND_PAYMENT_LINK
CASE_09458,CUST_09458,Emily Wells,100000,FAILED,TIMEOUT,2,0.81,10,False,ESCALATE_HUMAN
CASE_09459,CUST_09459,Melissa Hart,9999,ABANDONED,NONE,2,0.32,15,True,SEND_PAYMENT_LINK
CASE_09460,CUST_09460,Michael Short,50000,ABANDONED,NONE,1,0.44,0,True,SEND_PAYMENT_LINK
CASE_09461,CUST_09461,Kathryn Nelson,499,FAILED,CARD_DECLINED,3,0.54,5,False,STOP
CASE_09462,CUST_09462,Tiffany Lopez,2499,FAILED,INSUFFICIENT_FUNDS,0,0.25,0,False,SEND_PAYMENT_LINK
CASE_09463,CUST_09463,Amy Sanders,50000,FAILED,TIMEOUT,0,0.36,0,False,SEND_PAYMENT_LINK
CASE_09464,CUST_09464,Larry Holden,2499,FAILED,NETWORK_ERROR,3,0.89,0,False,STOP
CASE_09465,CUST_09465,Shelly David,15000,FAILED,NETWORK_ERROR,0,0.51,20,False,RETRY_PAYMENT
CASE_09466,CUST_09466,Kenneth Leonard,4999,ABANDONED,NONE,2,0.84,45,True,ESCALATE_HUMAN
CASE_09467,CUST_09467,Shaun Williams,75000,FAILED,TIMEOUT,3,0.3,10,False,STOP
CASE_09468,CUST_09468,Lisa Sanders,25000,FAILED,CARD_DECLINED,0,0.63,20,False,SEND_PAYMENT_LINK
CASE_09469,CUST_09469,Tonya Romero,50000,FAILED,BANK_ERROR,2,0.4,10,False,SEND_PAYMENT_LINK
CASE_09470,CUST_09470,Yesenia Davis,499,FAILED,INSUFFICIENT_FUNDS,3,0.31,10,False,STOP
CASE_09471,CUST_09471,Christopher Bass,15000,ABANDONED,NONE,1,0.27,5,True,SEND_PAYMENT_LINK
CASE_09472,CUST_09472,Jessica Hale,50000,ABANDONED,NONE,1,0.72,20,True,SEND_PAYMENT_LINK
CASE_09473,CUST_09473,Amy Cole,1499,FAILED,CARD_DECLINED,0,0.53,10,False,SEND_PAYMENT_LINK
CASE_09474,CUST_09474,David Cruz,50000,FAILED,TIMEOUT,3,0.79,0,False,STOP
CASE_09475,CUST_09475,Whitney Campbell,2499,FAILED,CARD_DECLINED,0,0.25,0,False,SEND_PAYMENT_LINK
CASE_09476,CUST_09476,Samantha George,100000,ABANDONED,NONE,3,0.99,45,True,STOP
CASE_09477,CUST_09477,Emily Bennett,9999,FAILED,NETWORK_ERROR,1,0.28,45,False,ESCALATE_HUMAN
CASE_09478,CUST_09478,Allen Sanchez,7999,FAILED,INSUFFICIENT_FUNDS,2,0.78,0,False,SEND_PAYMENT_LINK
CASE_09479,CUST_09479,Michael Lopez,4999,ABANDONED,NONE,0,0.82,15,True,SEND_PAYMENT_LINK
CASE_09480,CUST_09480,Ricky Mason,100000,ABANDONED,NONE,0,0.86,0,True,ESCALATE_HUMAN
CASE_09481,CUST_09481,Christina Nicholson,9999,FAILED,NETWORK_ERROR,2,0.51,10,False,RETRY_PAYMENT
CASE_09482,CUST_09482,Tonya Flores,9999,FAILED,NETWORK_ERROR,3,0.54,0,False,STOP
CASE_09483,CUST_09483,Marissa Hoffman,7999,ABANDONED,NONE,0,0.98,0,True,SEND_PAYMENT_LINK
CASE_09484,CUST_09484,Lisa Miller,1499,FAILED,NETWORK_ERROR,0,0.28,0,False,SEND_PAYMENT_LINK
CASE_09485,CUST_09485,Thomas Harrison,100000,FAILED,CARD_DECLINED,1,0.81,20,False,ESCALATE_HUMAN
CASE_09486,CUST_09486,Mary Simmons,15000,FAILED,NETWORK_ERROR,1,0.49,15,False,SEND_PAYMENT_LINK
CASE_09487,CUST_09487,Jaime Friedman,1499,FAILED,NETWORK_ERROR,3,0.26,0,False,STOP
CASE_09488,CUST_09488,John Cordova,100000,FAILED,BANK_ERROR,2,0.9,45,False,ESCALATE_HUMAN
CASE_09489,CUST_09489,Mackenzie Gonzalez,75000,FAILED,CARD_DECLINED,0,0.87,20,False,ESCALATE_HUMAN
CASE_09490,CUST_09490,David Newman,999,ABANDONED,NONE,1,0.8,10,True,SEND_PAYMENT_LINK
CASE_09491,CUST_09491,Jeffery Snyder MD,2499,FAILED,BANK_ERROR,1,0.67,30,False,ESCALATE_HUMAN
CASE_09492,CUST_09492,Sarah Howard,25000,FAILED,BANK_ERROR,1,0.86,0,False,RETRY_PAYMENT
CASE_09493,CUST_09493,Jessica Moyer,100000,FAILED,TIMEOUT,1,0.38,45,False,ESCALATE_HUMAN
CASE_09494,CUST_09494,Nicholas Oconnor,50000,FAILED,TIMEOUT,0,0.42,0,False,SEND_PAYMENT_LINK
CASE_09495,CUST_09495,Crystal Jackson,2499,ABANDONED,NONE,3,0.48,10,True,STOP
CASE_09496,CUST_09496,Adam Campbell,100000,FAILED,TIMEOUT,2,0.23,15,False,ESCALATE_HUMAN
CASE_09497,CUST_09497,Abigail Salas,9999,FAILED,TIMEOUT,1,0.87,30,False,ESCALATE_HUMAN
CASE_09498,CUST_09498,Krystal Cooper,25000,ABANDONED,NONE,0,0.74,0,True,SEND_PAYMENT_LINK
CASE_09499,CUST_09499,Timothy Mcneil,50000,FAILED,CARD_DECLINED,0,0.31,30,False,ESCALATE_HUMAN
CASE_09500,CUST_09500,Peggy Hammond,100000,FAILED,INSUFFICIENT_FUNDS,3,0.35,0,False,STOP
CASE_09501,CUST_09501,Bobby Wilson,50000,FAILED,CARD_DECLINED,1,0.81,20,False,SEND_PAYMENT_LINK
CASE_09502,CUST_09502,Jessica Reynolds,25000,FAILED,NETWORK_ERROR,1,0.53,20,False,RETRY_PAYMENT
CASE_09503,CUST_09503,Joseph Osborn,100000,FAILED,NETWORK_ERROR,3,0.74,30,False,STOP
CASE_09504,CUST_09504,Tracy Austin,999,ABANDONED,NONE,3,0.45,20,True,STOP
CASE_09505,CUST_09505,Dominic Calderon,100000,FAILED,BANK_ERROR,3,0.7,15,False,STOP
CASE_09506,CUST_09506,Anthony Harris,4999,ABANDONED,NONE,0,0.74,10,True,SEND_PAYMENT_LINK
CASE_09507,CUST_09507,Kenneth White,999,FAILED,INSUFFICIENT_FUNDS,2,0.87,30,False,ESCALATE_HUMAN
CASE_09508,CUST_09508,Mark Sampson,15000,FAILED,INSUFFICIENT_FUNDS,0,0.83,30,False,ESCALATE_HUMAN
CASE_09509,CUST_09509,Ronald Garcia,7999,FAILED,TIMEOUT,2,0.54,10,False,RETRY_PAYMENT
CASE_09510,CUST_09510,Dean Hernandez,25000,FAILED,CARD_DECLINED,3,0.55,15,False,STOP
CASE_09511,CUST_09511,Maria Morris,499,FAILED,BANK_ERROR,0,0.94,5,False,RETRY_PAYMENT
CASE_09512,CUST_09512,Johnny White,25000,ABANDONED,NONE,0,0.55,10,True,SEND_PAYMENT_LINK
CASE_09513,CUST_09513,Megan Kelly,100000,FAILED,INSUFFICIENT_FUNDS,1,0.22,5,False,ESCALATE_HUMAN
CASE_09514,CUST_09514,Sara Daniels MD,4999,FAILED,BANK_ERROR,1,0.64,0,False,SEND_PAYMENT_LINK
CASE_09515,CUST_09515,Jessica Scott,4999,FAILED,INSUFFICIENT_FUNDS,3,0.34,30,False,STOP
CASE_09516,CUST_09516,Crystal Williams,25000,ABANDONED,NONE,1,0.84,30,True,ESCALATE_HUMAN
CASE_09517,CUST_09517,Ann Hammond,1499,FAILED,NETWORK_ERROR,1,0.59,5,False,RETRY_PAYMENT
CASE_09518,CUST_09518,Andrew Williams,25000,FAILED,BANK_ERROR,2,0.45,10,False,SEND_PAYMENT_LINK
CASE_09519,CUST_09519,Melvin Ho,4999,ABANDONED,NONE,2,0.84,5,True,SEND_PAYMENT_LINK
CASE_09520,CUST_09520,William Matthews,1499,FAILED,TIMEOUT,2,0.44,20,False,SEND_PAYMENT_LINK
CASE_09521,CUST_09521,Brenda Smith,25000,ABANDONED,NONE,0,0.59,5,True,SEND_PAYMENT_LINK
CASE_09522,CUST_09522,Jay Adams,499,ABANDONED,NONE,0,0.66,0,True,SEND_PAYMENT_LINK
CASE_09523,CUST_09523,Linda Sullivan,100000,FAILED,NETWORK_ERROR,3,0.54,30,False,STOP
CASE_09524,CUST_09524,Jamie Rojas,499,FAILED,TIMEOUT,0,0.8,5,False,RETRY_PAYMENT
CASE_09525,CUST_09525,Scott Simmons,100000,FAILED,NETWORK_ERROR,1,0.45,20,False,ESCALATE_HUMAN
CASE_09526,CUST_09526,Hannah Wilson,1499,FAILED,TIMEOUT,0,0.31,0,False,SEND_PAYMENT_LINK
CASE_09527,CUST_09527,Steven Turner,7999,ABANDONED,NONE,2,0.5,0,True,SEND_PAYMENT_LINK
CASE_09528,CUST_09528,Karen Hardin,499,FAILED,INSUFFICIENT_FUNDS,2,0.26,20,False,SEND_PAYMENT_LINK
CASE_09529,CUST_09529,Robert Cunningham,9999,FAILED,TIMEOUT,2,0.78,0,False,RETRY_PAYMENT
CASE_09530,CUST_09530,William Long,15000,FAILED,NETWORK_ERROR,1,0.84,0,False,RETRY_PAYMENT
CASE_09531,CUST_09531,Nicholas Reyes,499,FAILED,TIMEOUT,3,0.46,0,False,STOP
CASE_09532,CUST_09532,Zachary Williams,25000,FAILED,CARD_DECLINED,0,0.46,30,False,ESCALATE_HUMAN
CASE_09533,CUST_09533,Aaron Nelson,499,FAILED,BANK_ERROR,3,0.77,0,False,STOP
CASE_09534,CUST_09534,Alex Sullivan,75000,ABANDONED,NONE,1,0.2,5,True,ESCALATE_HUMAN
CASE_09535,CUST_09535,Jose Boyle,1499,FAILED,CARD_DECLINED,1,0.86,0,False,SEND_PAYMENT_LINK
CASE_09536,CUST_09536,Matthew Mullen,2499,ABANDONED,NONE,3,0.93,20,True,STOP
CASE_09537,CUST_09537,Sarah May,15000,ABANDONED,NONE,2,0.95,20,True,SEND_PAYMENT_LINK
CASE_09538,CUST_09538,Melissa Lopez,25000,FAILED,BANK_ERROR,1,0.42,10,False,SEND_PAYMENT_LINK
CASE_09539,CUST_09539,Terri Johns,25000,FAILED,BANK_ERROR,3,0.72,45,False,STOP
CASE_09540,CUST_09540,Brent Perez,50000,FAILED,NETWORK_ERROR,3,0.49,10,False,STOP
CASE_09541,CUST_09541,Joyce Griffith,9999,FAILED,CARD_DECLINED,2,0.74,30,False,ESCALATE_HUMAN
CASE_09542,CUST_09542,Kevin Kirk,25000,FAILED,NETWORK_ERROR,2,0.49,0,False,SEND_PAYMENT_LINK
CASE_09543,CUST_09543,Christopher Ward,4999,FAILED,NETWORK_ERROR,1,0.41,45,False,ESCALATE_HUMAN
CASE_09544,CUST_09544,Anita Jackson,75000,FAILED,CARD_DECLINED,2,0.27,15,False,ESCALATE_HUMAN
CASE_09545,CUST_09545,Katie Rivas,1499,FAILED,CARD_DECLINED,3,0.98,5,False,STOP
CASE_09546,CUST_09546,Elizabeth Bradley,7999,FAILED,TIMEOUT,3,0.58,20,False,STOP
CASE_09547,CUST_09547,Todd Mckenzie,2499,FAILED,TIMEOUT,2,0.43,30,False,ESCALATE_HUMAN
CASE_09548,CUST_09548,Candice Walker,75000,ABANDONED,NONE,3,0.44,20,True,STOP
CASE_09549,CUST_09549,Todd Cantrell,2499,ABANDONED,NONE,0,0.96,0,True,SEND_PAYMENT_LINK
CASE_09550,CUST_09550,William Johnson,2499,FAILED,CARD_DECLINED,3,0.88,0,False,STOP
CASE_09551,CUST_09551,Donna Williams,15000,ABANDONED,NONE,3,0.97,20,True,STOP
CASE_09552,CUST_09552,Alicia Price,75000,ABANDONED,NONE,3,0.73,10,True,STOP
CASE_09553,CUST_09553,Rodney George,100000,FAILED,TIMEOUT,2,0.75,0,False,ESCALATE_HUMAN
CASE_09554,CUST_09554,Michelle Gibson,75000,FAILED,NETWORK_ERROR,2,0.52,0,False,ESCALATE_HUMAN
CASE_09555,CUST_09555,Robert Medina,999,ABANDONED,NONE,1,0.41,20,True,SEND_PAYMENT_LINK
CASE_09556,CUST_09556,James Day,7999,FAILED,CARD_DECLINED,3,0.89,0,False,STOP
CASE_09557,CUST_09557,Richard Mckay,7999,FAILED,TIMEOUT,1,0.25,0,False,SEND_PAYMENT_LINK
CASE_09558,CUST_09558,Karina Johnson,75000,FAILED,CARD_DECLINED,1,0.7,45,False,ESCALATE_HUMAN
CASE_09559,CUST_09559,Brittany Ruiz,75000,ABANDONED,NONE,0,0.63,20,True,ESCALATE_HUMAN
CASE_09560,CUST_09560,Nancy Richmond,75000,ABANDONED,NONE,2,0.83,10,True,ESCALATE_HUMAN
CASE_09561,CUST_09561,Corey Cobb,9999,ABANDONED,NONE,0,0.83,0,True,SEND_PAYMENT_LINK
CASE_09562,CUST_09562,Andrea Franklin,15000,FAILED,INSUFFICIENT_FUNDS,1,0.69,30,False,ESCALATE_HUMAN
CASE_09563,CUST_09563,Mason Caldwell,499,FAILED,INSUFFICIENT_FUNDS,2,0.75,0,False,SEND_PAYMENT_LINK
CASE_09564,CUST_09564,Brian Hughes,1499,ABANDONED,NONE,2,0.26,0,True,SEND_PAYMENT_LINK
CASE_09565,CUST_09565,Christopher Butler,4999,ABANDONED,NONE,2,0.47,15,True,SEND_PAYMENT_LINK
CASE_09566,CUST_09566,Adam Silva,100000,ABANDONED,NONE,3,0.97,5,True,STOP
CASE_09567,CUST_09567,Jennifer Kelly,7999,FAILED,NETWORK_ERROR,1,0.31,0,False,SEND_PAYMENT_LINK
CASE_09568,CUST_09568,Dean Woods,1499,ABANDONED,NONE,0,0.27,0,True,SEND_PAYMENT_LINK
CASE_09569,CUST_09569,Kimberly Lambert,25000,FAILED,TIMEOUT,1,0.27,10,False,SEND_PAYMENT_LINK
CASE_09570,CUST_09570,Lisa Cox,50000,FAILED,TIMEOUT,2,0.55,15,False,SEND_PAYMENT_LINK
CASE_09571,CUST_09571,Emily Williams,7999,FAILED,NETWORK_ERROR,3,0.4,5,False,STOP
CASE_09572,CUST_09572,Robert Jackson,1499,FAILED,BANK_ERROR,0,0.35,0,False,SEND_PAYMENT_LINK
CASE_09573,CUST_09573,Kim Haley,25000,FAILED,NETWORK_ERROR,3,0.66,10,False,STOP
CASE_09574,CUST_09574,Katherine Pena,50000,FAILED,INSUFFICIENT_FUNDS,0,0.62,20,False,SEND_PAYMENT_LINK
CASE_09575,CUST_09575,Rose Bonilla,15000,FAILED,BANK_ERROR,3,0.91,45,False,STOP
CASE_09576,CUST_09576,Ashley Brady,4999,FAILED,NETWORK_ERROR,1,0.58,5,False,RETRY_PAYMENT
CASE_09577,CUST_09577,Joshua Rangel,75000,FAILED,INSUFFICIENT_FUNDS,2,0.51,45,False,ESCALATE_HUMAN
CASE_09578,CUST_09578,Ashley Estrada,4999,FAILED,CARD_DECLINED,0,0.68,20,False,SEND_PAYMENT_LINK
CASE_09579,CUST_09579,Michael Lee,9999,FAILED,CARD_DECLINED,2,0.57,5,False,SEND_PAYMENT_LINK
CASE_09580,CUST_09580,Wayne Sullivan,499,ABANDONED,NONE,1,0.94,20,True,SEND_PAYMENT_LINK
CASE_09581,CUST_09581,Catherine Stevens DVM,4999,ABANDONED,NONE,2,0.6,45,True,ESCALATE_HUMAN
CASE_09582,CUST_09582,Gregory James,50000,ABANDONED,NONE,1,0.99,10,True,SEND_PAYMENT_LINK
CASE_09583,CUST_09583,Steven Gutierrez,4999,ABANDONED,NONE,1,0.27,45,True,ESCALATE_HUMAN
CASE_09584,CUST_09584,Brandon Martin,75000,FAILED,BANK_ERROR,0,0.66,0,False,ESCALATE_HUMAN
CASE_09585,CUST_09585,George Watkins,15000,FAILED,CARD_DECLINED,1,0.75,0,False,SEND_PAYMENT_LINK
CASE_09586,CUST_09586,Nicholas Hebert,50000,FAILED,TIMEOUT,1,0.31,0,False,SEND_PAYMENT_LINK
CASE_09587,CUST_09587,Rachael Nelson,999,FAILED,TIMEOUT,1,0.72,45,False,ESCALATE_HUMAN
CASE_09588,CUST_09588,Tanya Love,7999,FAILED,BANK_ERROR,3,0.61,0,False,STOP
CASE_09589,CUST_09589,Megan Bailey,7999,FAILED,TIMEOUT,3,0.74,0,False,STOP
CASE_09590,CUST_09590,Anthony George,2499,ABANDONED,NONE,0,0.2,45,True,ESCALATE_HUMAN
CASE_09591,CUST_09591,Amanda Phillips,15000,ABANDONED,NONE,3,0.5,0,True,STOP
CASE_09592,CUST_09592,Andrew Alexander,499,FAILED,BANK_ERROR,1,0.97,20,False,RETRY_PAYMENT
CASE_09593,CUST_09593,Tamara Perez,499,ABANDONED,NONE,1,0.43,30,True,ESCALATE_HUMAN
CASE_09594,CUST_09594,Kayla Schmitt,25000,FAILED,BANK_ERROR,1,0.54,10,False,SEND_PAYMENT_LINK
CASE_09595,CUST_09595,Peter Goodwin,4999,ABANDONED,NONE,2,1.0,5,True,SEND_PAYMENT_LINK
CASE_09596,CUST_09596,Jennifer Franco,999,FAILED,BANK_ERROR,1,0.37,5,False,SEND_PAYMENT_LINK
CASE_09597,CUST_09597,Robert Rios,25000,FAILED,INSUFFICIENT_FUNDS,1,0.56,20,False,SEND_PAYMENT_LINK
CASE_09598,CUST_09598,Michael Harris,15000,FAILED,TIMEOUT,2,0.64,45,False,ESCALATE_HUMAN
CASE_09599,CUST_09599,Ryan Oconnell,1499,FAILED,CARD_DECLINED,3,0.91,10,False,STOP
CASE_09600,CUST_09600,Susan Kim,7999,ABANDONED,NONE,1,0.31,5,True,SEND_PAYMENT_LINK
CASE_09601,CUST_09601,Jackson Adams,999,FAILED,TIMEOUT,1,0.48,15,False,SEND_PAYMENT_LINK
CASE_09602,CUST_09602,Brian Rodriguez,25000,FAILED,CARD_DECLINED,1,0.75,0,False,SEND_PAYMENT_LINK
CASE_09603,CUST_09603,Daniel Rivers,15000,FAILED,INSUFFICIENT_FUNDS,0,0.3,15,False,SEND_PAYMENT_LINK
CASE_09604,CUST_09604,Joseph Taylor,15000,FAILED,NETWORK_ERROR,3,0.92,30,False,STOP
CASE_09605,CUST_09605,Adam Williams,15000,FAILED,INSUFFICIENT_FUNDS,2,0.92,15,False,SEND_PAYMENT_LINK
CASE_09606,CUST_09606,Hunter Harris,4999,ABANDONED,NONE,2,0.72,30,True,ESCALATE_HUMAN
CASE_09607,CUST_09607,Laura Wallace,999,FAILED,BANK_ERROR,0,0.5,20,False,SEND_PAYMENT_LINK
CASE_09608,CUST_09608,Lori Turner,15000,FAILED,TIMEOUT,0,0.3,0,False,SEND_PAYMENT_LINK
CASE_09609,CUST_09609,Larry Smith,9999,FAILED,INSUFFICIENT_FUNDS,3,0.91,10,False,STOP
CASE_09610,CUST_09610,Timothy Heath,9999,FAILED,INSUFFICIENT_FUNDS,1,0.77,0,False,SEND_PAYMENT_LINK
CASE_09611,CUST_09611,Hector Jackson,50000,FAILED,BANK_ERROR,2,0.64,15,False,RETRY_PAYMENT
CASE_09612,CUST_09612,Stephanie Wise,15000,FAILED,NETWORK_ERROR,1,0.75,30,False,ESCALATE_HUMAN
CASE_09613,CUST_09613,Maria Jones,7999,FAILED,BANK_ERROR,3,0.71,0,False,STOP
CASE_09614,CUST_09614,Anthony Camacho,9999,FAILED,BANK_ERROR,0,0.8,0,False,RETRY_PAYMENT
CASE_09615,CUST_09615,Mary Gutierrez,2499,ABANDONED,NONE,1,0.94,45,True,ESCALATE_HUMAN
CASE_09616,CUST_09616,Roberto Zimmerman,25000,FAILED,NETWORK_ERROR,1,0.55,20,False,SEND_PAYMENT_LINK
CASE_09617,CUST_09617,Gina Marquez,100000,FAILED,CARD_DECLINED,3,0.23,15,False,STOP
CASE_09618,CUST_09618,Vanessa Proctor,50000,FAILED,TIMEOUT,3,0.73,10,False,STOP
CASE_09619,CUST_09619,Brandon Joseph,2499,FAILED,INSUFFICIENT_FUNDS,3,0.31,15,False,STOP
CASE_09620,CUST_09620,Brianna Martin,499,FAILED,TIMEOUT,0,0.89,45,False,ESCALATE_HUMAN
CASE_09621,CUST_09621,Anthony Lucas,15000,FAILED,TIMEOUT,0,0.23,0,False,SEND_PAYMENT_LINK
CASE_09622,CUST_09622,Wesley Baxter,1499,FAILED,TIMEOUT,2,0.39,0,False,SEND_PAYMENT_LINK
CASE_09623,CUST_09623,Mario Hendrix,499,FAILED,CARD_DECLINED,2,0.51,0,False,SEND_PAYMENT_LINK
CASE_09624,CUST_09624,David Ramirez,25000,FAILED,INSUFFICIENT_FUNDS,3,0.51,30,False,STOP
CASE_09625,CUST_09625,Jennifer Powers,999,FAILED,TIMEOUT,2,0.58,45,False,ESCALATE_HUMAN
CASE_09626,CUST_09626,Jonathan Davis,1499,FAILED,NETWORK_ERROR,2,0.92,0,False,RETRY_PAYMENT
CASE_09627,CUST_09627,Elizabeth Butler,999,ABANDONED,NONE,1,0.65,20,True,SEND_PAYMENT_LINK
CASE_09628,CUST_09628,John Harvey,9999,FAILED,TIMEOUT,3,0.61,45,False,STOP
CASE_09629,CUST_09629,Anna Brown,7999,ABANDONED,NONE,3,0.82,0,True,STOP
CASE_09630,CUST_09630,Natasha Griffin,15000,FAILED,TIMEOUT,3,0.22,15,False,STOP
CASE_09631,CUST_09631,Brian Galloway,499,FAILED,INSUFFICIENT_FUNDS,2,0.21,5,False,SEND_PAYMENT_LINK
CASE_09632,CUST_09632,Thomas Richard,1499,ABANDONED,NONE,0,0.95,15,True,SEND_PAYMENT_LINK
CASE_09633,CUST_09633,Christopher Rosario,1499,FAILED,TIMEOUT,3,0.69,10,False,STOP
CASE_09634,CUST_09634,Lisa Jennings,75000,FAILED,NETWORK_ERROR,2,0.51,20,False,ESCALATE_HUMAN
CASE_09635,CUST_09635,James White,9999,ABANDONED,NONE,3,0.82,10,True,STOP
CASE_09636,CUST_09636,Billy Scott MD,9999,FAILED,INSUFFICIENT_FUNDS,1,0.77,10,False,SEND_PAYMENT_LINK
CASE_09637,CUST_09637,Gary Turner,499,FAILED,TIMEOUT,0,0.87,0,False,RETRY_PAYMENT
CASE_09638,CUST_09638,Cory Russell,2499,ABANDONED,NONE,2,0.35,45,True,ESCALATE_HUMAN
CASE_09639,CUST_09639,Ryan Mccullough,4999,ABANDONED,NONE,0,0.21,30,True,ESCALATE_HUMAN
CASE_09640,CUST_09640,Katherine Coleman,2499,FAILED,BANK_ERROR,1,0.32,45,False,ESCALATE_HUMAN
CASE_09641,CUST_09641,Edward Walters,100000,FAILED,BANK_ERROR,3,0.54,0,False,STOP
CASE_09642,CUST_09642,Teresa Williams,75000,FAILED,BANK_ERROR,1,0.41,0,False,ESCALATE_HUMAN
CASE_09643,CUST_09643,Kent Rodriguez,999,FAILED,INSUFFICIENT_FUNDS,0,0.58,20,False,SEND_PAYMENT_LINK
CASE_09644,CUST_09644,Catherine Simmons,7999,ABANDONED,NONE,3,1.0,20,True,STOP
CASE_09645,CUST_09645,Greg Maxwell,999,FAILED,TIMEOUT,0,0.22,15,False,SEND_PAYMENT_LINK
CASE_09646,CUST_09646,Debra Lamb,50000,FAILED,TIMEOUT,3,0.33,10,False,STOP
CASE_09647,CUST_09647,Donna Jackson,15000,FAILED,CARD_DECLINED,1,0.7,5,False,SEND_PAYMENT_LINK
CASE_09648,CUST_09648,Rachael Alvarado,4999,FAILED,INSUFFICIENT_FUNDS,0,0.3,20,False,SEND_PAYMENT_LINK
CASE_09649,CUST_09649,Nancy Baxter,2499,FAILED,INSUFFICIENT_FUNDS,2,0.71,45,False,ESCALATE_HUMAN
CASE_09650,CUST_09650,Nicole Barton,499,FAILED,CARD_DECLINED,3,0.5,15,False,STOP
CASE_09651,CUST_09651,Deanna Bradley,15000,FAILED,TIMEOUT,1,0.29,5,False,SEND_PAYMENT_LINK
CASE_09652,CUST_09652,Tiffany Crane,100000,FAILED,BANK_ERROR,3,0.24,45,False,STOP
CASE_09653,CUST_09653,David Barry,4999,FAILED,INSUFFICIENT_FUNDS,3,0.63,15,False,STOP
CASE_09654,CUST_09654,Tony Martinez,499,FAILED,BANK_ERROR,0,0.4,15,False,SEND_PAYMENT_LINK
CASE_09655,CUST_09655,Alicia Benitez,100000,FAILED,TIMEOUT,2,0.34,5,False,ESCALATE_HUMAN
CASE_09656,CUST_09656,Nicholas Jones,1499,ABANDONED,NONE,2,0.99,30,True,ESCALATE_HUMAN
CASE_09657,CUST_09657,Christopher Weaver,499,FAILED,NETWORK_ERROR,3,0.4,30,False,STOP
CASE_09658,CUST_09658,Joshua Davidson,75000,FAILED,TIMEOUT,0,0.54,5,False,ESCALATE_HUMAN
CASE_09659,CUST_09659,Cassidy Barron,9999,FAILED,INSUFFICIENT_FUNDS,2,0.83,30,False,ESCALATE_HUMAN
CASE_09660,CUST_09660,Chloe Hines,999,FAILED,NETWORK_ERROR,1,0.26,0,False,SEND_PAYMENT_LINK
CASE_09661,CUST_09661,Justin Bennett,25000,FAILED,NETWORK_ERROR,1,0.72,30,False,ESCALATE_HUMAN
CASE_09662,CUST_09662,Michele Cook,15000,FAILED,NETWORK_ERROR,0,0.55,0,False,RETRY_PAYMENT
CASE_09663,CUST_09663,Laura English,25000,ABANDONED,NONE,3,0.21,15,True,STOP
CASE_09664,CUST_09664,Maria Roberts,9999,ABANDONED,NONE,0,0.27,45,True,ESCALATE_HUMAN
CASE_09665,CUST_09665,Megan Glover,1499,FAILED,TIMEOUT,0,0.99,15,False,RETRY_PAYMENT
CASE_09666,CUST_09666,Brian Harris,25000,ABANDONED,NONE,2,0.38,45,True,ESCALATE_HUMAN
CASE_09667,CUST_09667,Troy Smith,2499,FAILED,CARD_DECLINED,3,0.46,5,False,STOP
CASE_09668,CUST_09668,Jessica Jennings,100000,ABANDONED,NONE,1,0.29,10,True,ESCALATE_HUMAN
CASE_09669,CUST_09669,Michael Warren,50000,FAILED,CARD_DECLINED,3,0.99,0,False,STOP
CASE_09670,CUST_09670,James Wiley,25000,ABANDONED,NONE,0,0.73,15,True,SEND_PAYMENT_LINK
CASE_09671,CUST_09671,Meghan Smith,75000,ABANDONED,NONE,3,0.37,15,True,STOP
CASE_09672,CUST_09672,Amanda Blankenship,75000,FAILED,CARD_DECLINED,3,0.95,0,False,STOP
CASE_09673,CUST_09673,James Martinez,1499,FAILED,NETWORK_ERROR,1,0.47,15,False,SEND_PAYMENT_LINK
CASE_09674,CUST_09674,Michael Mayo,25000,FAILED,TIMEOUT,0,0.36,15,False,SEND_PAYMENT_LINK
CASE_09675,CUST_09675,Anita Horne,25000,FAILED,CARD_DECLINED,3,0.49,5,False,STOP
CASE_09676,CUST_09676,Nicolas Patrick,4999,FAILED,CARD_DECLINED,0,0.78,0,False,SEND_PAYMENT_LINK
CASE_09677,CUST_09677,Mark Harrison,25000,FAILED,BANK_ERROR,2,0.98,45,False,ESCALATE_HUMAN
CASE_09678,CUST_09678,Andrea Holder,2499,FAILED,CARD_DECLINED,1,0.55,0,False,SEND_PAYMENT_LINK
CASE_09679,CUST_09679,Whitney Foster,15000,ABANDONED,NONE,1,0.43,30,True,ESCALATE_HUMAN
CASE_09680,CUST_09680,Kevin Nelson,50000,FAILED,BANK_ERROR,0,0.95,0,False,RETRY_PAYMENT
CASE_09681,CUST_09681,Anita Fleming,9999,ABANDONED,NONE,0,0.92,30,True,ESCALATE_HUMAN
CASE_09682,CUST_09682,Eric Carrillo,15000,FAILED,TIMEOUT,0,0.38,0,False,SEND_PAYMENT_LINK
CASE_09683,CUST_09683,Timothy Bowman,1499,FAILED,NETWORK_ERROR,1,0.55,30,False,ESCALATE_HUMAN
CASE_09684,CUST_09684,Kevin Hobbs,4999,FAILED,NETWORK_ERROR,2,0.28,0,False,SEND_PAYMENT_LINK
CASE_09685,CUST_09685,Jennifer Clements,25000,FAILED,CARD_DECLINED,0,0.21,0,False,SEND_PAYMENT_LINK
CASE_09686,CUST_09686,Sandra Evans,499,FAILED,TIMEOUT,1,0.39,0,False,SEND_PAYMENT_LINK
CASE_09687,CUST_09687,Evelyn Rogers,100000,FAILED,INSUFFICIENT_FUNDS,0,0.4,0,False,ESCALATE_HUMAN
CASE_09688,CUST_09688,Cindy Gonzalez,999,FAILED,BANK_ERROR,1,0.29,45,False,ESCALATE_HUMAN
CASE_09689,CUST_09689,Christian Mack,100000,FAILED,CARD_DECLINED,1,0.57,30,False,ESCALATE_HUMAN
CASE_09690,CUST_09690,John Hester,1499,FAILED,INSUFFICIENT_FUNDS,1,0.72,20,False,SEND_PAYMENT_LINK
CASE_09691,CUST_09691,Keith Barajas,4999,FAILED,NETWORK_ERROR,0,0.61,10,False,RETRY_PAYMENT
CASE_09692,CUST_09692,Katherine Henry,50000,FAILED,INSUFFICIENT_FUNDS,1,0.37,20,False,SEND_PAYMENT_LINK
CASE_09693,CUST_09693,Alejandra Clark,50000,ABANDONED,NONE,2,0.59,0,True,SEND_PAYMENT_LINK
CASE_09694,CUST_09694,Tracie Thompson,75000,FAILED,INSUFFICIENT_FUNDS,3,0.79,0,False,STOP
CASE_09695,CUST_09695,Amanda Olson,50000,FAILED,CARD_DECLINED,0,0.89,5,False,ESCALATE_HUMAN
CASE_09696,CUST_09696,Stacey Clark,25000,FAILED,NETWORK_ERROR,2,0.54,30,False,ESCALATE_HUMAN
CASE_09697,CUST_09697,Timothy Henderson,25000,ABANDONED,NONE,0,0.31,20,True,SEND_PAYMENT_LINK
CASE_09698,CUST_09698,Michael Jackson,9999,FAILED,NETWORK_ERROR,1,0.78,30,False,ESCALATE_HUMAN
CASE_09699,CUST_09699,Isaac Lucas,15000,FAILED,CARD_DECLINED,3,0.76,20,False,STOP
CASE_09700,CUST_09700,Robert Bauer,7999,ABANDONED,NONE,2,0.94,20,True,SEND_PAYMENT_LINK
CASE_09701,CUST_09701,Sandra Hill,7999,ABANDONED,NONE,3,0.73,15,True,STOP
CASE_09702,CUST_09702,Brenda Davis,50000,ABANDONED,NONE,3,0.55,5,True,STOP
CASE_09703,CUST_09703,Jonathan Hardin,100000,FAILED,TIMEOUT,3,0.45,20,False,STOP
CASE_09704,CUST_09704,Timothy Meyers,25000,FAILED,BANK_ERROR,1,0.82,5,False,RETRY_PAYMENT
CASE_09705,CUST_09705,Rachel Spencer,2499,FAILED,INSUFFICIENT_FUNDS,3,0.82,0,False,STOP
CASE_09706,CUST_09706,David Gill,75000,FAILED,NETWORK_ERROR,3,0.65,20,False,STOP
CASE_09707,CUST_09707,Sherri Knox,7999,ABANDONED,NONE,0,0.56,45,True,ESCALATE_HUMAN
CASE_09708,CUST_09708,Ryan Perez,7999,FAILED,NETWORK_ERROR,0,0.8,15,False,RETRY_PAYMENT
CASE_09709,CUST_09709,Christina Davis,1499,FAILED,NETWORK_ERROR,1,0.31,5,False,SEND_PAYMENT_LINK
CASE_09710,CUST_09710,Robin May,2499,FAILED,INSUFFICIENT_FUNDS,3,0.74,0,False,STOP
CASE_09711,CUST_09711,Jodi Hall,75000,FAILED,BANK_ERROR,1,0.67,15,False,ESCALATE_HUMAN
CASE_09712,CUST_09712,Christian Case,7999,ABANDONED,NONE,3,0.69,5,True,STOP
CASE_09713,CUST_09713,Michael Clark,499,FAILED,NETWORK_ERROR,0,0.55,0,False,SEND_PAYMENT_LINK
CASE_09714,CUST_09714,James Griffin,75000,FAILED,NETWORK_ERROR,1,0.35,0,False,ESCALATE_HUMAN
CASE_09715,CUST_09715,Alan Cooper,7999,FAILED,BANK_ERROR,2,0.43,0,False,SEND_PAYMENT_LINK
CASE_09716,CUST_09716,Ryan Maddox,50000,ABANDONED,NONE,2,0.91,30,True,ESCALATE_HUMAN
CASE_09717,CUST_09717,Chad Edwards,499,FAILED,CARD_DECLINED,3,0.59,0,False,STOP
CASE_09718,CUST_09718,Hayley Johnson,100000,ABANDONED,NONE,1,0.43,45,True,ESCALATE_HUMAN
CASE_09719,CUST_09719,Lindsay Page,75000,FAILED,CARD_DECLINED,3,0.39,5,False,STOP
CASE_09720,CUST_09720,Lisa Graham,9999,FAILED,TIMEOUT,2,0.28,0,False,SEND_PAYMENT_LINK
CASE_09721,CUST_09721,Christine Martinez,75000,ABANDONED,NONE,3,0.34,0,True,STOP
CASE_09722,CUST_09722,Ryan Walker,25000,ABANDONED,NONE,1,0.65,30,True,ESCALATE_HUMAN
CASE_09723,CUST_09723,Julie Schultz,499,FAILED,BANK_ERROR,1,0.88,15,False,RETRY_PAYMENT
CASE_09724,CUST_09724,Brett Cherry,9999,ABANDONED,NONE,3,0.25,0,True,STOP
CASE_09725,CUST_09725,Mark Stephens,25000,ABANDONED,NONE,0,0.57,0,True,SEND_PAYMENT_LINK
CASE_09726,CUST_09726,Theresa Mckee,4999,FAILED,CARD_DECLINED,1,0.77,0,False,SEND_PAYMENT_LINK
CASE_09727,CUST_09727,Janet Mason,15000,FAILED,CARD_DECLINED,0,0.32,0,False,SEND_PAYMENT_LINK
CASE_09728,CUST_09728,John Patel,2499,FAILED,CARD_DECLINED,3,0.23,0,False,STOP
CASE_09729,CUST_09729,Matthew Scott,2499,FAILED,NETWORK_ERROR,0,0.89,0,False,RETRY_PAYMENT
CASE_09730,CUST_09730,Sheila Beltran,15000,FAILED,INSUFFICIENT_FUNDS,0,0.95,30,False,ESCALATE_HUMAN
CASE_09731,CUST_09731,Autumn Myers,100000,FAILED,TIMEOUT,2,0.53,15,False,ESCALATE_HUMAN
CASE_09732,CUST_09732,Michael Neal,7999,FAILED,INSUFFICIENT_FUNDS,0,0.85,0,False,SEND_PAYMENT_LINK
CASE_09733,CUST_09733,Toni Lamb,2499,FAILED,INSUFFICIENT_FUNDS,2,0.67,20,False,SEND_PAYMENT_LINK
CASE_09734,CUST_09734,Nicholas Sims,4999,FAILED,INSUFFICIENT_FUNDS,3,0.52,0,False,STOP
CASE_09735,CUST_09735,Thomas Charles,100000,FAILED,NETWORK_ERROR,1,0.39,20,False,ESCALATE_HUMAN
CASE_09736,CUST_09736,Rickey Yoder,100000,FAILED,CARD_DECLINED,3,0.47,0,False,STOP
CASE_09737,CUST_09737,Carl Smith,15000,FAILED,INSUFFICIENT_FUNDS,1,0.46,15,False,SEND_PAYMENT_LINK
CASE_09738,CUST_09738,Katherine Potts,75000,FAILED,TIMEOUT,0,0.53,5,False,ESCALATE_HUMAN
CASE_09739,CUST_09739,Christopher Harrison,9999,FAILED,NETWORK_ERROR,0,0.85,20,False,RETRY_PAYMENT
CASE_09740,CUST_09740,John Anderson,50000,ABANDONED,NONE,3,0.59,0,True,STOP
CASE_09741,CUST_09741,Dr. Katherine Mccoy,2499,FAILED,TIMEOUT,2,0.84,0,False,RETRY_PAYMENT
CASE_09742,CUST_09742,Christy Yu,4999,FAILED,CARD_DECLINED,3,0.42,0,False,STOP
CASE_09743,CUST_09743,Julie Greer,75000,FAILED,BANK_ERROR,2,0.93,0,False,ESCALATE_HUMAN
CASE_09744,CUST_09744,Robin Ayala,75000,FAILED,BANK_ERROR,2,0.79,0,False,ESCALATE_HUMAN
CASE_09745,CUST_09745,Timothy Floyd,25000,FAILED,TIMEOUT,3,0.95,0,False,STOP
CASE_09746,CUST_09746,Brianna Petersen,50000,FAILED,NETWORK_ERROR,2,0.28,5,False,SEND_PAYMENT_LINK
CASE_09747,CUST_09747,Brooke Smith,1499,ABANDONED,NONE,0,0.24,10,True,SEND_PAYMENT_LINK
CASE_09748,CUST_09748,Adam Caldwell,50000,FAILED,BANK_ERROR,3,0.81,10,False,STOP
CASE_09749,CUST_09749,Brett Torres,2499,FAILED,NETWORK_ERROR,0,0.79,45,False,ESCALATE_HUMAN
CASE_09750,CUST_09750,Summer Harrington,999,FAILED,TIMEOUT,2,0.24,0,False,SEND_PAYMENT_LINK
CASE_09751,CUST_09751,Julie Jones,9999,FAILED,BANK_ERROR,1,0.73,20,False,RETRY_PAYMENT
CASE_09752,CUST_09752,Lauren Sexton,50000,FAILED,BANK_ERROR,3,0.49,0,False,STOP
CASE_09753,CUST_09753,Jennifer Scott,999,FAILED,INSUFFICIENT_FUNDS,0,0.31,5,False,SEND_PAYMENT_LINK
CASE_09754,CUST_09754,Mrs. Sharon Ball,499,FAILED,NETWORK_ERROR,1,0.9,45,False,ESCALATE_HUMAN
CASE_09755,CUST_09755,Evan Sutton,999,FAILED,CARD_DECLINED,1,0.41,0,False,SEND_PAYMENT_LINK
CASE_09756,CUST_09756,Eddie Hobbs,9999,ABANDONED,NONE,0,0.59,20,True,SEND_PAYMENT_LINK
CASE_09757,CUST_09757,Virginia Price,999,ABANDONED,NONE,0,0.59,0,True,SEND_PAYMENT_LINK
CASE_09758,CUST_09758,Christine Miller,999,ABANDONED,NONE,1,0.69,0,True,SEND_PAYMENT_LINK
CASE_09759,CUST_09759,Tina White,2499,FAILED,INSUFFICIENT_FUNDS,0,0.4,5,False,SEND_PAYMENT_LINK
CASE_09760,CUST_09760,Tiffany Barber,7999,FAILED,TIMEOUT,2,0.4,20,False,SEND_PAYMENT_LINK
CASE_09761,CUST_09761,Pamela Warner,1499,ABANDONED,NONE,1,0.77,15,True,SEND_PAYMENT_LINK
CASE_09762,CUST_09762,Nancy Hunter,100000,FAILED,INSUFFICIENT_FUNDS,0,0.66,0,False,ESCALATE_HUMAN
CASE_09763,CUST_09763,Desiree Pace,4999,ABANDONED,NONE,3,0.27,20,True,STOP
CASE_09764,CUST_09764,Timothy Jones,25000,FAILED,CARD_DECLINED,1,0.26,0,False,SEND_PAYMENT_LINK
CASE_09765,CUST_09765,Robert Montgomery,4999,FAILED,NETWORK_ERROR,1,0.85,0,False,RETRY_PAYMENT
CASE_09766,CUST_09766,Karen Rivera,9999,FAILED,NETWORK_ERROR,1,0.68,0,False,RETRY_PAYMENT
CASE_09767,CUST_09767,Nathan Mathews,9999,FAILED,NETWORK_ERROR,1,0.31,0,False,SEND_PAYMENT_LINK
CASE_09768,CUST_09768,Frederick Cunningham,2499,FAILED,BANK_ERROR,2,0.33,20,False,SEND_PAYMENT_LINK
CASE_09769,CUST_09769,Warren Carpenter,2499,ABANDONED,NONE,1,0.51,0,True,SEND_PAYMENT_LINK
CASE_09770,CUST_09770,Nicholas Small,1499,FAILED,INSUFFICIENT_FUNDS,0,0.43,0,False,SEND_PAYMENT_LINK
CASE_09771,CUST_09771,Mason Jones,25000,ABANDONED,NONE,2,0.58,0,True,SEND_PAYMENT_LINK
CASE_09772,CUST_09772,Andrew Moreno,4999,FAILED,NETWORK_ERROR,2,0.76,30,False,ESCALATE_HUMAN
CASE_09773,CUST_09773,Tonya Blair,9999,FAILED,BANK_ERROR,2,0.42,0,False,SEND_PAYMENT_LINK
CASE_09774,CUST_09774,Timothy Nelson,7999,ABANDONED,NONE,2,0.73,0,True,SEND_PAYMENT_LINK
CASE_09775,CUST_09775,Janice Johnson,9999,FAILED,BANK_ERROR,2,0.37,5,False,SEND_PAYMENT_LINK
CASE_09776,CUST_09776,Thomas Holmes,75000,FAILED,INSUFFICIENT_FUNDS,2,0.87,45,False,ESCALATE_HUMAN
CASE_09777,CUST_09777,Ashley Wilson,2499,FAILED,INSUFFICIENT_FUNDS,0,0.66,15,False,SEND_PAYMENT_LINK
CASE_09778,CUST_09778,Gregory Forbes,7999,FAILED,CARD_DECLINED,3,0.59,10,False,STOP
CASE_09779,CUST_09779,Sabrina Collins,15000,FAILED,CARD_DECLINED,0,0.8,30,False,ESCALATE_HUMAN
CASE_09780,CUST_09780,David Flynn,499,ABANDONED,NONE,3,0.34,0,True,STOP
CASE_09781,CUST_09781,Russell Robles,999,ABANDONED,NONE,1,0.35,10,True,SEND_PAYMENT_LINK
CASE_09782,CUST_09782,Madison Wilson,2499,ABANDONED,NONE,3,0.99,10,True,STOP
CASE_09783,CUST_09783,Ryan Dean II,50000,FAILED,CARD_DECLINED,3,0.33,45,False,STOP
CASE_09784,CUST_09784,John Campos,4999,FAILED,NETWORK_ERROR,0,0.48,45,False,ESCALATE_HUMAN
CASE_09785,CUST_09785,Elizabeth Hubbard,75000,FAILED,TIMEOUT,2,0.8,45,False,ESCALATE_HUMAN
CASE_09786,CUST_09786,Kaitlyn Jarvis,1499,FAILED,CARD_DECLINED,0,0.61,0,False,SEND_PAYMENT_LINK
CASE_09787,CUST_09787,Devin Walters,100000,ABANDONED,NONE,0,0.68,45,True,ESCALATE_HUMAN
CASE_09788,CUST_09788,Bryan Thompson,1499,FAILED,TIMEOUT,1,0.49,0,False,SEND_PAYMENT_LINK
CASE_09789,CUST_09789,Michael Mathews,499,FAILED,BANK_ERROR,1,0.71,10,False,RETRY_PAYMENT
CASE_09790,CUST_09790,Gina Bailey,999,FAILED,TIMEOUT,1,0.59,0,False,RETRY_PAYMENT
CASE_09791,CUST_09791,Kevin Taylor,50000,FAILED,BANK_ERROR,2,0.27,0,False,SEND_PAYMENT_LINK
CASE_09792,CUST_09792,Rodney Nunez,75000,FAILED,BANK_ERROR,3,0.68,0,False,STOP
CASE_09793,CUST_09793,Theodore Hunt,7999,ABANDONED,NONE,1,0.47,10,True,SEND_PAYMENT_LINK
CASE_09794,CUST_09794,Caroline Lee,2499,FAILED,NETWORK_ERROR,0,0.39,0,False,SEND_PAYMENT_LINK
CASE_09795,CUST_09795,Douglas Henderson,4999,FAILED,CARD_DECLINED,0,0.88,30,False,ESCALATE_HUMAN
CASE_09796,CUST_09796,Jessica Jones,15000,FAILED,TIMEOUT,1,0.58,45,False,ESCALATE_HUMAN
CASE_09797,CUST_09797,Anne Smith,999,ABANDONED,NONE,0,0.83,0,True,SEND_PAYMENT_LINK
CASE_09798,CUST_09798,Stephanie Meadows,9999,FAILED,BANK_ERROR,2,0.5,45,False,ESCALATE_HUMAN
CASE_09799,CUST_09799,Catherine Singh,25000,FAILED,CARD_DECLINED,1,0.96,0,False,SEND_PAYMENT_LINK
CASE_09800,CUST_09800,Kerri Fletcher,25000,FAILED,TIMEOUT,2,0.27,0,False,SEND_PAYMENT_LINK
CASE_09801,CUST_09801,Lisa Diaz,1499,ABANDONED,NONE,3,0.97,0,True,STOP
CASE_09802,CUST_09802,Patricia Coleman,50000,ABANDONED,NONE,2,0.66,0,True,SEND_PAYMENT_LINK
CASE_09803,CUST_09803,Michael Olson,999,ABANDONED,NONE,0,0.5,0,True,SEND_PAYMENT_LINK
CASE_09804,CUST_09804,Lisa Ellis DVM,2499,ABANDONED,NONE,2,0.87,45,True,ESCALATE_HUMAN
CASE_09805,CUST_09805,Karen Collier,100000,ABANDONED,NONE,1,0.58,15,True,ESCALATE_HUMAN
CASE_09806,CUST_09806,Nicholas Bates,50000,FAILED,TIMEOUT,1,0.45,20,False,SEND_PAYMENT_LINK
CASE_09807,CUST_09807,Aaron Diaz,25000,FAILED,CARD_DECLINED,1,0.42,5,False,SEND_PAYMENT_LINK
CASE_09808,CUST_09808,Donald Moore,100000,FAILED,CARD_DECLINED,3,0.63,20,False,STOP
CASE_09809,CUST_09809,Stephanie Parker,75000,ABANDONED,NONE,0,0.47,0,True,ESCALATE_HUMAN
CASE_09810,CUST_09810,Kevin Rodgers,100000,FAILED,CARD_DECLINED,2,0.84,0,False,ESCALATE_HUMAN
CASE_09811,CUST_09811,Jenna Williamson,50000,FAILED,NETWORK_ERROR,3,0.24,30,False,STOP
CASE_09812,CUST_09812,Janice Sampson,999,FAILED,TIMEOUT,1,0.49,5,False,SEND_PAYMENT_LINK
CASE_09813,CUST_09813,James Lopez,9999,FAILED,INSUFFICIENT_FUNDS,1,0.29,30,False,ESCALATE_HUMAN
CASE_09814,CUST_09814,Vanessa Thompson,1499,FAILED,INSUFFICIENT_FUNDS,0,0.97,0,False,SEND_PAYMENT_LINK
CASE_09815,CUST_09815,Kurt Leblanc,7999,FAILED,CARD_DECLINED,3,0.54,0,False,STOP
CASE_09816,CUST_09816,Mary Roberts,75000,FAILED,BANK_ERROR,3,0.25,0,False,STOP
CASE_09817,CUST_09817,Donald Brown,999,FAILED,INSUFFICIENT_FUNDS,1,0.89,0,False,SEND_PAYMENT_LINK
CASE_09818,CUST_09818,Aaron Garza,999,FAILED,CARD_DECLINED,2,0.68,0,False,SEND_PAYMENT_LINK
CASE_09819,CUST_09819,William Garza,50000,FAILED,NETWORK_ERROR,2,0.74,15,False,RETRY_PAYMENT
CASE_09820,CUST_09820,Andrea Miller,2499,FAILED,NETWORK_ERROR,3,0.54,45,False,STOP
CASE_09821,CUST_09821,Jennifer Thomas,999,FAILED,BANK_ERROR,0,0.37,30,False,ESCALATE_HUMAN
CASE_09822,CUST_09822,Ronald Rodriguez,4999,FAILED,TIMEOUT,0,0.65,0,False,SEND_PAYMENT_LINK
CASE_09823,CUST_09823,Derek Mann,999,FAILED,NETWORK_ERROR,1,0.64,0,False,RETRY_PAYMENT
CASE_09824,CUST_09824,Dana Armstrong,4999,FAILED,BANK_ERROR,3,0.48,10,False,STOP
CASE_09825,CUST_09825,Craig Hartman,50000,FAILED,TIMEOUT,0,0.71,30,False,ESCALATE_HUMAN
CASE_09826,CUST_09826,Lindsey Thornton,25000,FAILED,INSUFFICIENT_FUNDS,0,0.99,0,False,SEND_PAYMENT_LINK
CASE_09827,CUST_09827,Jennifer Lewis,7999,FAILED,BANK_ERROR,3,0.66,0,False,STOP
CASE_09828,CUST_09828,Ronald Adams,75000,FAILED,INSUFFICIENT_FUNDS,2,0.68,10,False,ESCALATE_HUMAN
CASE_09829,CUST_09829,Elizabeth Hess,25000,FAILED,TIMEOUT,2,0.69,0,False,RETRY_PAYMENT
CASE_09830,CUST_09830,Adam Thomas,50000,FAILED,TIMEOUT,0,0.53,15,False,RETRY_PAYMENT
CASE_09831,CUST_09831,Melanie Pope,25000,FAILED,CARD_DECLINED,1,0.35,5,False,SEND_PAYMENT_LINK
CASE_09832,CUST_09832,Nichole Garcia,999,ABANDONED,NONE,3,0.67,0,True,STOP
CASE_09833,CUST_09833,Jennifer Waters,9999,ABANDONED,NONE,2,0.21,5,True,SEND_PAYMENT_LINK
CASE_09834,CUST_09834,Diane Rocha,100000,FAILED,NETWORK_ERROR,2,0.2,0,False,ESCALATE_HUMAN
CASE_09835,CUST_09835,Caleb Lopez,75000,ABANDONED,NONE,2,0.22,0,True,ESCALATE_HUMAN
CASE_09836,CUST_09836,Brian Townsend,499,ABANDONED,NONE,3,0.29,0,True,STOP
CASE_09837,CUST_09837,Jimmy Copeland,15000,ABANDONED,NONE,2,0.28,15,True,SEND_PAYMENT_LINK
CASE_09838,CUST_09838,Jessica Hodges,50000,FAILED,TIMEOUT,3,0.46,30,False,STOP
CASE_09839,CUST_09839,Mariah Hansen,4999,FAILED,INSUFFICIENT_FUNDS,2,0.77,5,False,SEND_PAYMENT_LINK
CASE_09840,CUST_09840,Jeremiah Orozco,50000,FAILED,TIMEOUT,2,0.89,20,False,RETRY_PAYMENT
CASE_09841,CUST_09841,Cassandra Campbell,9999,FAILED,INSUFFICIENT_FUNDS,1,0.4,30,False,ESCALATE_HUMAN
CASE_09842,CUST_09842,Ms. Lindsey Jones,25000,FAILED,BANK_ERROR,3,0.61,45,False,STOP
CASE_09843,CUST_09843,Carla Wallace,100000,FAILED,TIMEOUT,3,0.7,45,False,STOP
CASE_09844,CUST_09844,Angel Hurst,9999,FAILED,BANK_ERROR,0,0.26,30,False,ESCALATE_HUMAN
CASE_09845,CUST_09845,Jason Cordova,499,FAILED,TIMEOUT,3,0.7,45,False,STOP
CASE_09846,CUST_09846,Christina Sheppard,999,ABANDONED,NONE,3,0.3,0,True,STOP
CASE_09847,CUST_09847,Kelly Henderson,7999,FAILED,CARD_DECLINED,0,0.27,0,False,SEND_PAYMENT_LINK
CASE_09848,CUST_09848,Tina Johnson,1499,ABANDONED,NONE,3,0.53,15,True,STOP
CASE_09849,CUST_09849,Michelle Flores,999,FAILED,NETWORK_ERROR,2,0.45,10,False,SEND_PAYMENT_LINK
CASE_09850,CUST_09850,Sarah Fox,9999,ABANDONED,NONE,3,0.83,0,True,STOP
CASE_09851,CUST_09851,Amy Cole MD,499,FAILED,BANK_ERROR,2,0.69,20,False,RETRY_PAYMENT
CASE_09852,CUST_09852,Nicole James,999,FAILED,INSUFFICIENT_FUNDS,2,0.44,15,False,SEND_PAYMENT_LINK
CASE_09853,CUST_09853,Carmen Cordova,25000,FAILED,NETWORK_ERROR,2,0.27,20,False,SEND_PAYMENT_LINK
CASE_09854,CUST_09854,Holly Jordan,999,FAILED,CARD_DECLINED,0,0.98,0,False,SEND_PAYMENT_LINK
CASE_09855,CUST_09855,Misty Ruiz,75000,FAILED,TIMEOUT,0,0.47,10,False,ESCALATE_HUMAN
CASE_09856,CUST_09856,Xavier Bates,4999,ABANDONED,NONE,1,0.72,15,True,SEND_PAYMENT_LINK
CASE_09857,CUST_09857,Christopher Johnson,1499,FAILED,NETWORK_ERROR,2,0.4,30,False,ESCALATE_HUMAN
CASE_09858,CUST_09858,Lauren Ramirez,100000,FAILED,CARD_DECLINED,0,0.57,20,False,ESCALATE_HUMAN
CASE_09859,CUST_09859,Angel Clark,9999,ABANDONED,NONE,3,0.49,0,True,STOP
CASE_09860,CUST_09860,Jonathan Chung,4999,FAILED,BANK_ERROR,0,0.97,5,False,RETRY_PAYMENT
CASE_09861,CUST_09861,Christina Waters,999,FAILED,NETWORK_ERROR,3,0.21,15,False,STOP
CASE_09862,CUST_09862,Antonio Thompson,25000,FAILED,TIMEOUT,1,0.42,0,False,SEND_PAYMENT_LINK
CASE_09863,CUST_09863,Nicole Simpson,15000,ABANDONED,NONE,1,0.55,15,True,SEND_PAYMENT_LINK
CASE_09864,CUST_09864,Leon Jackson,499,ABANDONED,NONE,0,0.9,0,True,SEND_PAYMENT_LINK
CASE_09865,CUST_09865,Alexis Luna,1499,ABANDONED,NONE,0,0.81,20,True,SEND_PAYMENT_LINK
CASE_09866,CUST_09866,Nicole King,9999,FAILED,BANK_ERROR,1,0.49,20,False,SEND_PAYMENT_LINK
CASE_09867,CUST_09867,Danielle Martin,499,FAILED,NETWORK_ERROR,3,0.34,20,False,STOP
CASE_09868,CUST_09868,Justin Oconnor,7999,FAILED,CARD_DECLINED,0,0.87,5,False,SEND_PAYMENT_LINK
CASE_09869,CUST_09869,Roger Nelson,1499,ABANDONED,NONE,0,0.35,10,True,SEND_PAYMENT_LINK
CASE_09870,CUST_09870,Susan Chandler,1499,ABANDONED,NONE,0,0.27,45,True,ESCALATE_HUMAN
CASE_09871,CUST_09871,William Ferrell,1499,FAILED,BANK_ERROR,1,0.71,0,False,RETRY_PAYMENT
CASE_09872,CUST_09872,Amy Blankenship,7999,FAILED,TIMEOUT,2,0.86,20,False,RETRY_PAYMENT
CASE_09873,CUST_09873,Donna Howard,15000,FAILED,TIMEOUT,3,0.28,15,False,STOP
CASE_09874,CUST_09874,Raymond Jones,2499,FAILED,TIMEOUT,0,0.47,10,False,SEND_PAYMENT_LINK
CASE_09875,CUST_09875,Todd Robinson,100000,FAILED,INSUFFICIENT_FUNDS,3,0.34,45,False,STOP
CASE_09876,CUST_09876,Donna Lucero,15000,FAILED,BANK_ERROR,0,0.82,10,False,RETRY_PAYMENT
CASE_09877,CUST_09877,Gregory Oconnor,25000,FAILED,BANK_ERROR,3,0.43,0,False,STOP
CASE_09878,CUST_09878,Blake Sanchez,999,FAILED,BANK_ERROR,3,0.4,45,False,STOP
CASE_09879,CUST_09879,Aaron Huber,15000,FAILED,NETWORK_ERROR,3,0.36,5,False,STOP
CASE_09880,CUST_09880,Lori Stephens,100000,FAILED,BANK_ERROR,1,0.33,20,False,ESCALATE_HUMAN
CASE_09881,CUST_09881,Sophia Lee,25000,FAILED,NETWORK_ERROR,0,0.28,0,False,SEND_PAYMENT_LINK
CASE_09882,CUST_09882,Anthony Murray,999,FAILED,INSUFFICIENT_FUNDS,3,0.41,0,False,STOP
CASE_09883,CUST_09883,Rebecca Johnson,1499,FAILED,TIMEOUT,1,0.28,45,False,ESCALATE_HUMAN
CASE_09884,CUST_09884,Michele Knight,2499,FAILED,INSUFFICIENT_FUNDS,0,0.88,0,False,SEND_PAYMENT_LINK
CASE_09885,CUST_09885,Jodi Robertson,15000,FAILED,CARD_DECLINED,2,0.41,15,False,SEND_PAYMENT_LINK
CASE_09886,CUST_09886,Christopher Todd,75000,FAILED,NETWORK_ERROR,3,0.79,20,False,STOP
CASE_09887,CUST_09887,Angel Bell,1499,FAILED,BANK_ERROR,3,0.56,0,False,STOP
CASE_09888,CUST_09888,Monica Anderson,999,ABANDONED,NONE,0,0.8,0,True,SEND_PAYMENT_LINK
CASE_09889,CUST_09889,Michael Smith,2499,FAILED,INSUFFICIENT_FUNDS,3,0.75,0,False,STOP
CASE_09890,CUST_09890,Laurie Nichols,75000,ABANDONED,NONE,2,0.5,0,True,ESCALATE_HUMAN
CASE_09891,CUST_09891,James Morales,2499,FAILED,TIMEOUT,1,0.35,0,False,SEND_PAYMENT_LINK
CASE_09892,CUST_09892,Patrick Donovan,1499,FAILED,NETWORK_ERROR,0,0.52,20,False,RETRY_PAYMENT
CASE_09893,CUST_09893,Robert Johnson,2499,FAILED,INSUFFICIENT_FUNDS,0,0.85,30,False,ESCALATE_HUMAN
CASE_09894,CUST_09894,Kimberly Montgomery,75000,FAILED,TIMEOUT,0,0.25,0,False,ESCALATE_HUMAN
CASE_09895,CUST_09895,Amy Martinez,50000,FAILED,NETWORK_ERROR,0,0.87,5,False,RETRY_PAYMENT
CASE_09896,CUST_09896,Jonathan Armstrong,100000,FAILED,NETWORK_ERROR,3,0.54,10,False,STOP
CASE_09897,CUST_09897,Debbie Hall,1499,FAILED,TIMEOUT,0,0.6,5,False,RETRY_PAYMENT
CASE_09898,CUST_09898,Sarah Little,999,FAILED,CARD_DECLINED,0,0.22,10,False,SEND_PAYMENT_LINK
CASE_09899,CUST_09899,Heather Gordon,9999,FAILED,TIMEOUT,2,0.35,0,False,SEND_PAYMENT_LINK
CASE_09900,CUST_09900,Patricia Washington,4999,FAILED,NETWORK_ERROR,3,0.63,20,False,STOP
CASE_09901,CUST_09901,Sheila Gregory,100000,FAILED,TIMEOUT,0,0.36,15,False,ESCALATE_HUMAN
CASE_09902,CUST_09902,Briana Rose,2499,ABANDONED,NONE,1,0.31,45,True,ESCALATE_HUMAN
CASE_09903,CUST_09903,Michael Lewis,2499,FAILED,CARD_DECLINED,0,0.33,5,False,SEND_PAYMENT_LINK
CASE_09904,CUST_09904,Trevor Farrell,1499,FAILED,INSUFFICIENT_FUNDS,0,0.59,20,False,SEND_PAYMENT_LINK
CASE_09905,CUST_09905,John Robinson,50000,ABANDONED,NONE,2,0.57,20,True,SEND_PAYMENT_LINK
CASE_09906,CUST_09906,David Allen,7999,FAILED,BANK_ERROR,2,0.97,0,False,RETRY_PAYMENT
CASE_09907,CUST_09907,Robert Gomez,25000,FAILED,INSUFFICIENT_FUNDS,3,0.39,0,False,STOP
CASE_09908,CUST_09908,Jason Porter,1499,FAILED,INSUFFICIENT_FUNDS,1,0.41,10,False,SEND_PAYMENT_LINK
CASE_09909,CUST_09909,Jodi Mccoy,50000,FAILED,TIMEOUT,3,0.23,45,False,STOP
CASE_09910,CUST_09910,James Conner,4999,ABANDONED,NONE,0,0.65,0,True,SEND_PAYMENT_LINK
CASE_09911,CUST_09911,Jonathan Morgan,1499,FAILED,INSUFFICIENT_FUNDS,2,0.71,10,False,SEND_PAYMENT_LINK
CASE_09912,CUST_09912,Hunter Molina,4999,ABANDONED,NONE,2,0.63,45,True,ESCALATE_HUMAN
CASE_09913,CUST_09913,Joshua Robinson,7999,ABANDONED,NONE,2,0.44,15,True,SEND_PAYMENT_LINK
CASE_09914,CUST_09914,Gina Mason,999,FAILED,BANK_ERROR,0,0.7,30,False,ESCALATE_HUMAN
CASE_09915,CUST_09915,Anthony Clark,1499,FAILED,INSUFFICIENT_FUNDS,1,0.5,0,False,SEND_PAYMENT_LINK
CASE_09916,CUST_09916,Paul Scott,15000,FAILED,BANK_ERROR,1,0.83,0,False,RETRY_PAYMENT
CASE_09917,CUST_09917,Angela Schultz,4999,FAILED,CARD_DECLINED,1,0.55,10,False,SEND_PAYMENT_LINK
CASE_09918,CUST_09918,Karen Myers,75000,ABANDONED,NONE,0,0.95,0,True,ESCALATE_HUMAN
CASE_09919,CUST_09919,Dawn Suarez,2499,FAILED,INSUFFICIENT_FUNDS,2,0.49,0,False,SEND_PAYMENT_LINK
CASE_09920,CUST_09920,Louis Brown,7999,FAILED,BANK_ERROR,3,0.34,0,False,STOP
CASE_09921,CUST_09921,Shane Gonzalez,9999,ABANDONED,NONE,3,0.71,5,True,STOP
CASE_09922,CUST_09922,Rhonda Delgado,499,ABANDONED,NONE,0,0.39,5,True,SEND_PAYMENT_LINK
CASE_09923,CUST_09923,Richard Moon,4999,ABANDONED,NONE,3,0.33,30,True,STOP
CASE_09924,CUST_09924,Billy Keller DVM,7999,FAILED,CARD_DECLINED,0,0.85,0,False,SEND_PAYMENT_LINK
CASE_09925,CUST_09925,Louis Evans,75000,FAILED,CARD_DECLINED,1,0.61,0,False,ESCALATE_HUMAN
CASE_09926,CUST_09926,Vanessa Hicks,25000,FAILED,INSUFFICIENT_FUNDS,0,0.55,45,False,ESCALATE_HUMAN
CASE_09927,CUST_09927,Shannon Macias,4999,FAILED,INSUFFICIENT_FUNDS,0,0.49,20,False,SEND_PAYMENT_LINK
CASE_09928,CUST_09928,Jeremy Weaver,25000,FAILED,INSUFFICIENT_FUNDS,0,0.75,10,False,SEND_PAYMENT_LINK
CASE_09929,CUST_09929,Ashley Williams,9999,FAILED,NETWORK_ERROR,2,0.52,20,False,RETRY_PAYMENT
CASE_09930,CUST_09930,Ann Willis,15000,ABANDONED,NONE,1,0.74,0,True,SEND_PAYMENT_LINK
CASE_09931,CUST_09931,Eric Pollard,4999,FAILED,CARD_DECLINED,0,0.97,10,False,SEND_PAYMENT_LINK
CASE_09932,CUST_09932,Lisa Gonzalez,4999,FAILED,NETWORK_ERROR,2,0.27,10,False,SEND_PAYMENT_LINK
CASE_09933,CUST_09933,Darrell Jimenez,50000,ABANDONED,NONE,2,0.36,0,True,SEND_PAYMENT_LINK
CASE_09934,CUST_09934,Jason Pena,999,FAILED,INSUFFICIENT_FUNDS,3,0.8,5,False,STOP
CASE_09935,CUST_09935,Madison Williams,25000,FAILED,INSUFFICIENT_FUNDS,2,0.43,0,False,SEND_PAYMENT_LINK
CASE_09936,CUST_09936,Lindsey Ashley,999,FAILED,BANK_ERROR,1,0.26,45,False,ESCALATE_HUMAN
CASE_09937,CUST_09937,Timothy Love,75000,FAILED,CARD_DECLINED,0,0.36,0,False,ESCALATE_HUMAN
CASE_09938,CUST_09938,Christina Rodriguez,499,FAILED,CARD_DECLINED,1,0.24,45,False,ESCALATE_HUMAN
CASE_09939,CUST_09939,Kurt Suarez,50000,FAILED,TIMEOUT,1,0.72,0,False,RETRY_PAYMENT
CASE_09940,CUST_09940,Russell Oneal,499,FAILED,INSUFFICIENT_FUNDS,0,0.85,20,False,SEND_PAYMENT_LINK
CASE_09941,CUST_09941,Danielle Moyer,9999,ABANDONED,NONE,0,0.86,20,True,SEND_PAYMENT_LINK
CASE_09942,CUST_09942,Michael Williamson,25000,FAILED,CARD_DECLINED,1,0.64,20,False,SEND_PAYMENT_LINK
CASE_09943,CUST_09943,Rebecca Johnson,100000,ABANDONED,NONE,3,0.43,0,True,STOP
CASE_09944,CUST_09944,Stephanie Gilbert,75000,FAILED,CARD_DECLINED,3,0.59,15,False,STOP
CASE_09945,CUST_09945,Joann Reed,100000,FAILED,CARD_DECLINED,3,0.35,15,False,STOP
CASE_09946,CUST_09946,David Bowman,50000,FAILED,TIMEOUT,1,0.27,15,False,SEND_PAYMENT_LINK
CASE_09947,CUST_09947,Lucas Garcia,7999,FAILED,TIMEOUT,0,0.33,5,False,SEND_PAYMENT_LINK
CASE_09948,CUST_09948,Katie Munoz,4999,FAILED,NETWORK_ERROR,2,0.51,5,False,RETRY_PAYMENT
CASE_09949,CUST_09949,Monica Williams,9999,ABANDONED,NONE,2,0.93,10,True,SEND_PAYMENT_LINK
CASE_09950,CUST_09950,Stephen Camacho,4999,FAILED,BANK_ERROR,0,0.41,0,False,SEND_PAYMENT_LINK
CASE_09951,CUST_09951,Dawn Mckenzie,1499,FAILED,TIMEOUT,2,0.93,15,False,RETRY_PAYMENT
CASE_09952,CUST_09952,Ashley Smith,100000,ABANDONED,NONE,1,0.22,15,True,ESCALATE_HUMAN
CASE_09953,CUST_09953,Bill Contreras,7999,FAILED,BANK_ERROR,1,0.28,45,False,ESCALATE_HUMAN
CASE_09954,CUST_09954,Corey Owens,7999,FAILED,INSUFFICIENT_FUNDS,0,0.32,10,False,SEND_PAYMENT_LINK
CASE_09955,CUST_09955,Sheila Trujillo,7999,FAILED,INSUFFICIENT_FUNDS,1,0.78,0,False,SEND_PAYMENT_LINK
CASE_09956,CUST_09956,Ashley Morgan,15000,FAILED,BANK_ERROR,2,0.83,5,False,RETRY_PAYMENT
CASE_09957,CUST_09957,Andrew Mann,50000,FAILED,CARD_DECLINED,3,0.9,45,False,STOP
CASE_09958,CUST_09958,Robert Reese,50000,FAILED,TIMEOUT,0,0.52,15,False,SEND_PAYMENT_LINK
CASE_09959,CUST_09959,Natalie Johnson,100000,FAILED,CARD_DECLINED,2,0.43,10,False,ESCALATE_HUMAN
CASE_09960,CUST_09960,Russell Melendez,100000,FAILED,TIMEOUT,2,0.34,5,False,ESCALATE_HUMAN
CASE_09961,CUST_09961,Lisa Roth,100000,ABANDONED,NONE,0,0.96,0,True,ESCALATE_HUMAN
CASE_09962,CUST_09962,Jonathan Terry,9999,FAILED,NETWORK_ERROR,0,0.57,0,False,RETRY_PAYMENT
CASE_09963,CUST_09963,Jeffrey Maddox MD,4999,FAILED,TIMEOUT,0,0.9,15,False,RETRY_PAYMENT
CASE_09964,CUST_09964,Brian Contreras,499,FAILED,CARD_DECLINED,2,0.84,0,False,SEND_PAYMENT_LINK
CASE_09965,CUST_09965,Deborah Hansen,15000,FAILED,CARD_DECLINED,3,0.58,45,False,STOP
CASE_09966,CUST_09966,Joseph Bush,25000,FAILED,TIMEOUT,2,0.61,0,False,SEND_PAYMENT_LINK
CASE_09967,CUST_09967,Brittany Riddle,50000,FAILED,INSUFFICIENT_FUNDS,2,0.34,10,False,SEND_PAYMENT_LINK
CASE_09968,CUST_09968,Brian Lopez,15000,FAILED,TIMEOUT,2,0.28,10,False,SEND_PAYMENT_LINK
CASE_09969,CUST_09969,John Barton,15000,FAILED,INSUFFICIENT_FUNDS,0,0.74,45,False,ESCALATE_HUMAN
CASE_09970,CUST_09970,Brett Davis,15000,ABANDONED,NONE,2,0.88,0,True,SEND_PAYMENT_LINK
CASE_09971,CUST_09971,Nicole Poole,7999,ABANDONED,NONE,1,0.31,0,True,SEND_PAYMENT_LINK
CASE_09972,CUST_09972,Jessica Bell,75000,FAILED,NETWORK_ERROR,0,0.7,20,False,ESCALATE_HUMAN
CASE_09973,CUST_09973,Mary Owens,25000,FAILED,TIMEOUT,2,0.76,20,False,RETRY_PAYMENT
CASE_09974,CUST_09974,James Andrews,100000,FAILED,BANK_ERROR,0,0.82,10,False,ESCALATE_HUMAN
CASE_09975,CUST_09975,Amber Richard,15000,FAILED,INSUFFICIENT_FUNDS,0,0.92,0,False,SEND_PAYMENT_LINK
CASE_09976,CUST_09976,Michaela Nguyen,25000,FAILED,BANK_ERROR,3,0.9,20,False,STOP
CASE_09977,CUST_09977,Todd Booth,15000,ABANDONED,NONE,2,0.28,15,True,SEND_PAYMENT_LINK
CASE_09978,CUST_09978,Wyatt Cuevas,2499,ABANDONED,NONE,2,0.93,20,True,SEND_PAYMENT_LINK
CASE_09979,CUST_09979,Joshua Adkins,15000,FAILED,NETWORK_ERROR,1,0.75,0,False,RETRY_PAYMENT
CASE_09980,CUST_09980,Michelle Novak,9999,FAILED,BANK_ERROR,3,0.25,0,False,STOP
CASE_09981,CUST_09981,Christopher Smith,999,ABANDONED,NONE,2,0.67,15,True,SEND_PAYMENT_LINK
CASE_09982,CUST_09982,Travis Miller,1499,FAILED,TIMEOUT,3,0.29,45,False,STOP
CASE_09983,CUST_09983,Kenneth George,15000,FAILED,NETWORK_ERROR,1,0.45,5,False,SEND_PAYMENT_LINK
CASE_09984,CUST_09984,Erica Arnold,4999,FAILED,BANK_ERROR,2,0.27,0,False,SEND_PAYMENT_LINK
CASE_09985,CUST_09985,Carol Garner,999,FAILED,BANK_ERROR,1,0.75,10,False,RETRY_PAYMENT
CASE_09986,CUST_09986,Randy Lewis,50000,FAILED,INSUFFICIENT_FUNDS,0,0.24,0,False,SEND_PAYMENT_LINK
CASE_09987,CUST_09987,Christina Reed,499,FAILED,NETWORK_ERROR,2,0.57,45,False,ESCALATE_HUMAN
CASE_09988,CUST_09988,Victor Richardson,999,FAILED,NETWORK_ERROR,3,0.28,10,False,STOP
CASE_09989,CUST_09989,Bernard Lee,1499,FAILED,CARD_DECLINED,0,0.35,0,False,SEND_PAYMENT_LINK
CASE_09990,CUST_09990,Dawn Bryant,1499,FAILED,INSUFFICIENT_FUNDS,1,0.41,30,False,ESCALATE_HUMAN
CASE_09991,CUST_09991,Penny Brewer,100000,FAILED,CARD_DECLINED,0,0.8,0,False,ESCALATE_HUMAN
CASE_09992,CUST_09992,Karen Powell,50000,FAILED,NETWORK_ERROR,2,0.56,5,False,RETRY_PAYMENT
CASE_09993,CUST_09993,Daniel Cowan,4999,FAILED,INSUFFICIENT_FUNDS,2,0.34,10,False,SEND_PAYMENT_LINK
CASE_09994,CUST_09994,Laura Hester,75000,ABANDONED,NONE,0,0.96,20,True,ESCALATE_HUMAN
CASE_09995,CUST_09995,Carrie Martinez,50000,FAILED,INSUFFICIENT_FUNDS,2,0.52,20,False,SEND_PAYMENT_LINK
CASE_09996,CUST_09996,Patricia Jones,1499,FAILED,NETWORK_ERROR,1,0.66,0,False,RETRY_PAYMENT
CASE_09997,CUST_09997,Lauren Diaz,2499,FAILED,CARD_DECLINED,3,0.98,45,False,STOP
CASE_09998,CUST_09998,Thomas Green,9999,FAILED,BANK_ERROR,2,0.8,10,False,RETRY_PAYMENT
CASE_09999,CUST_09999,Derrick Stokes,7999,FAILED,CARD_DECLINED,3,0.96,0,False,STOP
CASE_10000,CUST_10000,Nathan Garcia,25000,FAILED,CARD_DECLINED,0,0.75,45,False,ESCALATE_HUMAN
